// Generated by scripts/build/gen-guardian-logo.py; do not edit.
#include "guardian_logo.h"
const uint16_t GUARDIAN_LOGO_RGB565[] = {
  0x0,0x0,0x0,0x0,0x0,0x0,0x0,0x0,0x0,0x0,0x0,0x0,0x0,0x0,0x0,0x0,0x0,0x0,0x0,0x0,0x0,0x0,0x0,0x0,
  0x0,0x0,0x0,0x0,0x0,0x0,0x0,0x0,0x0,0x0,0x0,0x0,0x0,0x0,0x0,0x0,0x0,0x0,0x0,0x0,0x0,0x0,0x0,0x0,
  0x0,0x0,0x0,0x0,0x0,0x0,0x0,0x0,0x0,0x0,0x0,0x0,0x0,0x0,0x0,0x0,0x0,0x0,0x0,0x0,0x0,0x0,0x0,0x0,
  0x0,0x0,0x0,0x0,0x0,0x0,0x0,0x0,0x0,0x0,0x0,0x0,0x0,0x0,0x0,0x0,0x0,0x0,0x0,0x0,0x0,0x0,0x0,0x0,
  0x0,0x0,0x0,0x0,0x0,0x0,0x0,0x0,0x0,0x0,0x0,0x0,0x0,0x0,0x0,0x0,0x0,0x0,0x0,0x0,0x0,0x0,0x0,0x0,
  0x0,0x0,0x0,0x0,0x0,0x0,0x0,0x0,0x0,0x0,0x0,0x0,0x0,0x0,0x0,0x0,0x0,0x0,0x0,0x0,0x0,0x0,0x0,0x0,
  0x0,0x0,0x0,0x0,0x0,0x0,0x0,0x0,0x0,0x0,0x0,0x0,0x0,0x0,0x0,0x0,0x0,0x0,0x0,0x0,0x0,0x0,0x0,0x0,
  0x0,0x0,0x0,0x0,0x0,0x0,0x0,0x0,0x0,0x0,0x0,0x0,0x0,0x0,0x0,0x0,0x0,0x0,0x0,0x0,0x0,0x0,0x0,0x0,
  0x0,0x0,0x0,0x0,0x0,0x0,0x0,0x0,0x0,0x0,0x0,0x0,0x0,0x0,0x0,0x0,0x0,0x0,0x0,0x0,0x0,0x0,0x0,0x0,
  0x0,0x0,0x0,0x0,0x0,0x0,0x0,0x0,0x0,0x0,0x0,0x0,0x0,0x0,0x0,0x0,0x0,0x0,0x0,0x0,0x0,0x0,0x0,0x0,
  0x0,0x0,0x0,0x0,0x0,0x0,0x0,0x0,0x0,0x0,0x0,0x0,0x0,0x0,0x0,0x0,0x0,0x0,0x0,0x0,0x0,0x0,0x0,0x0,
  0x0,0x0,0x0,0x0,0x0,0x0,0x0,0x0,0x0,0x0,0x0,0x0,0x0,0x0,0x0,0x0,0x0,0x0,0x0,0x0,0x0,0x0,0x0,0x0,
  0x0,0x0,0x0,0x0,0x0,0x0,0x0,0x0,0x0,0x0,0x0,0x0,0x0,0x0,0x0,0x0,0x0,0x0,0x0,0x0,0x0,0x0,0x0,0x0,
  0x0,0x0,0x0,0x0,0x0,0x0,0x0,0x0,0x0,0x0,0x0,0x0,0x0,0x0,0x0,0x0,0x0,0x0,0x0,0x0,0x0,0x0,0x0,0x0,
  0x0,0x0,0x0,0x0,0x0,0x0,0x0,0x0,0x0,0x0,0x0,0x0,0x0,0x0,0x0,0x0,0x0,0x0,0x0,0x0,0x0,0x0,0x0,0x0,
  0x0,0x0,0x0,0x0,0x0,0x0,0x0,0x0,0x0,0x0,0x0,0x0,0x0,0x0,0x0,0x0,0x0,0x0,0x0,0x0,0x0,0x0,0x0,0x0,
  0x0,0x0,0x0,0x0,0x0,0x0,0x0,0x0,0x0,0x0,0x0,0x0,0x0,0x0,0x0,0x0,0x0,0x0,0x0,0x0,0x0,0x0,0x0,0x0,
  0x0,0x0,0x0,0x0,0x0,0x0,0x0,0x0,0x0,0x0,0x0,0x0,0x0,0x0,0x0,0x0,0x0,0x0,0x0,0x0,0x0,0x0,0x0,0x0,
  0x0,0x0,0x0,0x0,0x0,0x0,0x0,0x0,0x0,0x0,0x0,0x0,0x0,0x0,0x0,0x0,0x0,0x0,0x0,0x0,0x0,0x0,0x0,0x0,
  0x0,0x0,0x0,0x0,0x0,0x0,0x0,0x0,0x0,0x0,0x0,0x0,0x0,0x0,0x0,0x0,0x0,0x0,0x0,0x0,0x0,0x0,0x0,0x0,
  0x0,0x0,0x0,0x0,0x0,0x0,0x0,0x0,0x0,0x0,0x0,0x0,0x0,0x0,0x0,0x0,0x0,0x0,0x0,0x0,0x0,0x0,0x0,0x0,
  0x0,0x0,0x0,0x0,0x0,0x0,0x0,0x0,0x0,0x0,0x0,0x0,0x0,0x0,0x0,0x0,0x0,0x0,0x0,0x0,0x0,0x0,0x0,0x0,
  0x0,0x0,0x0,0x0,0x0,0x0,0x0,0x0,0x0,0x0,0x0,0x0,0x0,0x0,0x0,0x0,0x0,0x0,0x0,0x0,0x0,0x0,0x0,0x0,
  0x0,0x0,0x0,0x0,0x0,0x0,0x0,0x0,0x0,0x0,0x0,0x0,0x0,0x0,0x0,0x0,0x0,0x0,0x0,0x0,0x0,0x0,0x0,0x0,
  0x0,0x0,0x0,0x0,0x0,0x0,0x0,0x0,0x0,0x0,0x0,0x0,0x0,0x0,0x0,0x0,0x0,0x0,0x0,0x0,0x0,0x0,0x0,0x0,
  0x0,0x0,0x0,0x0,0x0,0x0,0x0,0x0,0x0,0x0,0x0,0x0,0x0,0x0,0x0,0x0,0x0,0x0,0x0,0x0,0x0,0x0,0x0,0x0,
  0x0,0x0,0x0,0x0,0x0,0x0,0x0,0x0,0x0,0x0,0x0,0x0,0x0,0x0,0x0,0x0,0x0,0x0,0x0,0x0,0x0,0x0,0x0,0x0,
  0x0,0x0,0x0,0x0,0x0,0x0,0x0,0x0,0x0,0x0,0x0,0x0,0x0,0x0,0x0,0x0,0x0,0x0,0x0,0x0,0x0,0x0,0x0,0x0,
  0x0,0x0,0x0,0x0,0x0,0x0,0x0,0x0,0x0,0x0,0x0,0x0,0x0,0x0,0x0,0x0,0x0,0x0,0x0,0x0,0x0,0x0,0x0,0x0,
  0x0,0x0,0x0,0x0,0x0,0x0,0x0,0x0,0x0,0x0,0x0,0x0,0x0,0x0,0x0,0x0,0x0,0x0,0x0,0x0,0x0,0x0,0x0,0x0,
  0x0,0x0,0x0,0x0,0x0,0x0,0x0,0x0,0x0,0x0,0x0,0x0,0x0,0x0,0x0,0x0,0x0,0x0,0x0,0x0,0x0,0x0,0x0,0x0,
  0x0,0x0,0x0,0x0,0x0,0x0,0x0,0x0,0x0,0x0,0x0,0x0,0x0,0x0,0x0,0x0,0x0,0x0,0x0,0x0,0x0,0x0,0x0,0x0,
  0x0,0x0,0x0,0x0,0x0,0x0,0x0,0x0,0x0,0x0,0x0,0x0,0x0,0x0,0x0,0x0,0x0,0x0,0x0,0x0,0x0,0x0,0x0,0x0,
  0x0,0x0,0x0,0x0,0x0,0x0,0x0,0x0,0x0,0x0,0x0,0x0,0x0,0x0,0x0,0x0,0x0,0x0,0x0,0x0,0x0,0x0,0x0,0x0,
  0x0,0x0,0x0,0x0,0x0,0x0,0x0,0x0,0x0,0x0,0x0,0x0,0x0,0x0,0x0,0x0,0x0,0x0,0x0,0x0,0x0,0x0,0x0,0x0,
  0x0,0x0,0x0,0x0,0x0,0x0,0x0,0x0,0x0,0x0,0x0,0x0,0x0,0x0,0x0,0x0,0x0,0x0,0x0,0x0,0x0,0x0,0x0,0x0,
  0x0,0x0,0x0,0x0,0x0,0x0,0x0,0x0,0x0,0x0,0x0,0x0,0x0,0x0,0x0,0x0,0x0,0x0,0x0,0x0,0x0,0x0,0x0,0x0,
  0x0,0x0,0x0,0x0,0x0,0x0,0x0,0x0,0x0,0x0,0x0,0x0,0x0,0x0,0x0,0x0,0x0,0x0,0x0,0x0,0x0,0x0,0x0,0x0,
  0x0,0x0,0x0,0x0,0x0,0x0,0x0,0x0,0x0,0x0,0x0,0x0,0x0,0x0,0x0,0x0,0x0,0x0,0x0,0x0,0x0,0x0,0x0,0x0,
  0x0,0x0,0x0,0x0,0x0,0x0,0x0,0x0,0x0,0x0,0x0,0x0,0x0,0x0,0x0,0x0,0x0,0x0,0x0,0x0,0x0,0x0,0x0,0x0,
  0x0,0x0,0x0,0x0,0x0,0x0,0x0,0x0,0x0,0x0,0x0,0x0,0x0,0x0,0x0,0x0,0x0,0x0,0x0,0x0,0x0,0x0,0x0,0x0,
  0x0,0x0,0x0,0x0,0x0,0x0,0x0,0x0,0x0,0x0,0x0,0x0,0x0,0x0,0x0,0x0,0x0,0x0,0x0,0x0,0x0,0x0,0x0,0x0,
  0x0,0x0,0x0,0x0,0x0,0x0,0x0,0x0,0x0,0x0,0x0,0x83,0x8e5,0x8e5,0x8e5,0x8e5,0x8e5,0x8e5,0x8e5,0x8e5,0x8e5,0x8e5,0x8e5,0x8e5,
  0x8e5,0x8e5,0x8e5,0x8e5,0x8e5,0x8e5,0x8e5,0x8e5,0x8e5,0x8e5,0x8e5,0x8e5,0x8e5,0x8e5,0x8e5,0x8e5,0x8e5,0x8e5,0x8e5,0x8e5,0x8e5,0x8e5,0x8e5,0x8e5,
  0x8e5,0x8e5,0x8e5,0x8e5,0x8e5,0x8e5,0x8e5,0x8e5,0x8e5,0x8e5,0x8e5,0x8e5,0x8e5,0x8e5,0x8e5,0x8e5,0x8e5,0x8e5,0x8e5,0x8e5,0x8e5,0x8e5,0x8e5,0x8e5,
  0x8e5,0x8e5,0x8e5,0x8e5,0x8e5,0x8e5,0x8e5,0x8e5,0x8e5,0x8e5,0x8e5,0x8e5,0x8e5,0x8e5,0x8e5,0x8e5,0x8e5,0x8e5,0x8e5,0x8e5,0x8e5,0x8e5,0x8e5,0x8e5,
  0x8e5,0x8e5,0x8e5,0x8e5,0x8e5,0x8e5,0x8e5,0x8e5,0x8e5,0x8e5,0x8e5,0x8e5,0x8e5,0x8e5,0x8e5,0x8e5,0x8e5,0x8e5,0x8e5,0x8e5,0x8e5,0x8e5,0x8e5,0x8e5,
  0x8e5,0x8e5,0x8e5,0x8e5,0x8e5,0x8e5,0x8e5,0x8e5,0x8e5,0x8e5,0x8e5,0x8e5,0x83,0x0,0x0,0x0,0x0,0x0,0x0,0x0,0x0,0x0,0x0,0x0,
  0x0,0x0,0x0,0x0,0x0,0x0,0x0,0x0,0x0,0x0,0x0,0x968,0x120c,0x120c,0x120c,0x120c,0x120c,0x120c,0x120c,0x120c,0x120c,0x120c,0x120c,0x120c,
  0x120c,0x120c,0x120c,0x120c,0x120c,0x120c,0x120c,0x120c,0x120c,0x120c,0x120c,0x120c,0x120c,0x120c,0x120c,0x120c,0x120c,0x120c,0x120c,0x120c,0x120c,0x120c,0x120c,0x120c,
  0x120c,0x120c,0x120c,0x120c,0x120c,0x120c,0x120c,0x120c,0x120c,0x120c,0x120c,0x120c,0x120c,0x120c,0x120c,0x120c,0x120c,0x120c,0x120c,0x120c,0x120c,0x120c,0x120c,0x120c,
  0x120c,0x120c,0x120c,0x120c,0x120c,0x120c,0x120c,0x120c,0x120c,0x120c,0x120c,0x120c,0x120c,0x120c,0x120c,0x120c,0x120c,0x120c,0x120c,0x120c,0x120c,0x120c,0x120c,0x120c,
  0x120c,0x120c,0x120c,0x120c,0x120c,0x120c,0x120c,0x120c,0x120c,0x120c,0x120c,0x120c,0x120c,0x120c,0x120c,0x120c,0x120c,0x120c,0x120c,0x120c,0x120c,0x120c,0x120c,0x120c,
  0x120c,0x120c,0x120c,0x120c,0x120c,0x120c,0x120c,0x120c,0x120c,0x120c,0x120c,0x120c,0x968,0x0,0x0,0x0,0x0,0x0,0x0,0x0,0x0,0x0,0x0,0x0,
  0x0,0x0,0x0,0x0,0x0,0x0,0x0,0x0,0x0,0x0,0x0,0x968,0x120c,0x120c,0x120c,0x120c,0x120c,0x120c,0x120c,0x120c,0x120c,0x120c,0x120c,0x120c,
  0x120c,0x120c,0x120c,0x120c,0x120c,0x120c,0x120c,0x120c,0x120c,0x120c,0x120c,0x120c,0x120c,0x120c,0x120c,0x120c,0x120c,0x120c,0x120c,0x120c,0x120c,0x120c,0x120c,0x120c,
  0x120c,0x120c,0x120c,0x120c,0x120c,0x120c,0x120c,0x120c,0x120c,0x120c,0x120c,0x120c,0x120c,0x120c,0x120c,0x120c,0x120c,0x120c,0x120c,0x120c,0x120c,0x120c,0x120c,0x120c,
  0x120c,0x120c,0x120c,0x120c,0x120c,0x120c,0x120c,0x120c,0x120c,0x120c,0x120c,0x120c,0x120c,0x120c,0x120c,0x120c,0x120c,0x120c,0x120c,0x120c,0x120c,0x120c,0x120c,0x120c,
  0x120c,0x120c,0x120c,0x120c,0x120c,0x120c,0x120c,0x120c,0x120c,0x120c,0x120c,0x120c,0x120c,0x120c,0x120c,0x120c,0x120c,0x120c,0x120c,0x120c,0x120c,0x120c,0x120c,0x120c,
  0x120c,0x120c,0x120c,0x120c,0x120c,0x120c,0x120c,0x120c,0x120c,0x120c,0x120c,0x120c,0x968,0x0,0x0,0x0,0x0,0x0,0x0,0x0,0x0,0x0,0x0,0x0,
  0x0,0x0,0x0,0x0,0x0,0x0,0x0,0x0,0x0,0x0,0x0,0x968,0x120c,0x120c,0x120c,0x120c,0x120c,0x120c,0x120c,0x120c,0x120c,0x120c,0x120c,0x120c,
  0x120c,0x120c,0x120c,0x120c,0x120c,0x120c,0x120c,0x120c,0x120c,0x120c,0x120c,0x120c,0x120c,0x120c,0x120c,0x120c,0x120c,0x120c,0x120c,0x120c,0x120c,0x120c,0x120c,0x120c,
  0x120c,0x120c,0x120c,0x120c,0x120c,0x120c,0x120c,0x120c,0x120c,0x120c,0x120c,0x120c,0x120c,0x120c,0x120c,0x120c,0x120c,0x120c,0x120c,0x120c,0x120c,0x120c,0x120c,0x120c,
  0x120c,0x120c,0x120c,0x120c,0x120c,0x120c,0x120c,0x120c,0x120c,0x120c,0x120c,0x120c,0x120c,0x120c,0x120c,0x120c,0x120c,0x120c,0x120c,0x120c,0x120c,0x120c,0x120c,0x120c,
  0x120c,0x120c,0x120c,0x120c,0x120c,0x120c,0x120c,0x120c,0x120c,0x120c,0x120c,0x120c,0x120c,0x120c,0x120c,0x120c,0x120c,0x120c,0x120c,0x120c,0x120c,0x120c,0x120c,0x120c,
  0x120c,0x120c,0x120c,0x120c,0x120c,0x120c,0x120c,0x120c,0x120c,0x120c,0x120c,0x120c,0x968,0x0,0x0,0x0,0x0,0x0,0x0,0x0,0x0,0x0,0x0,0x0,
  0x0,0x0,0x0,0x0,0x0,0x0,0x0,0x0,0x0,0x0,0x0,0x968,0x120c,0x120c,0x120c,0x120c,0x120c,0x120c,0x120c,0x120c,0x120c,0x120c,0x120c,0x120c,
  0x120c,0x120c,0x120c,0x120c,0x120c,0x120c,0x120c,0x120c,0x120c,0x120c,0x120c,0x120c,0x120c,0x120c,0x120c,0x120c,0x120c,0x120c,0x120c,0x120c,0x120c,0x120c,0x120c,0x120c,
  0x120c,0x120c,0x120c,0x120c,0x120c,0x120c,0x120c,0x120c,0x120c,0x120c,0x120c,0x120c,0x120c,0x120c,0x120c,0x120c,0x120c,0x120c,0x120c,0x120c,0x120c,0x120c,0x120c,0x120c,
  0x120c,0x120c,0x120c,0x120c,0x120c,0x120c,0x120c,0x120c,0x120c,0x120c,0x120c,0x120c,0x120c,0x120c,0x120c,0x120c,0x120c,0x120c,0x120c,0x120c,0x120c,0x120c,0x120c,0x120c,
  0x120c,0x120c,0x120c,0x120c,0x120c,0x120c,0x120c,0x120c,0x120c,0x120c,0x120c,0x120c,0x120c,0x120c,0x120c,0x120c,0x120c,0x120c,0x120c,0x120c,0x120c,0x120c,0x120c,0x120c,
  0x120c,0x120c,0x120c,0x120c,0x120c,0x120c,0x120c,0x120c,0x120c,0x120c,0x120c,0x120c,0x968,0x0,0x0,0x0,0x0,0x0,0x0,0x0,0x0,0x0,0x0,0x0,
  0x0,0x0,0x0,0x0,0x0,0x0,0x0,0x0,0x0,0x0,0x0,0x968,0x120c,0x120c,0x120c,0x120c,0x120c,0x120c,0x120c,0x120c,0x120c,0x120c,0x120c,0x120c,
  0x120c,0x120c,0x120c,0x120c,0x120c,0x120c,0x120c,0x120c,0x120c,0x120c,0x120c,0x120c,0x120c,0x120c,0x120c,0x120c,0x120c,0x120c,0x120c,0x120c,0x120c,0x120c,0x120c,0x120c,
  0x120c,0x120c,0x120c,0x120c,0x120c,0x120c,0x120c,0x120c,0x120c,0x120c,0x120c,0x120c,0x120c,0x120c,0x120c,0x120c,0x120c,0x120c,0x120c,0x120c,0x120c,0x120c,0x120c,0x120c,
  0x120c,0x120c,0x120c,0x120c,0x120c,0x120c,0x120c,0x120c,0x120c,0x120c,0x120c,0x120c,0x120c,0x120c,0x120c,0x120c,0x120c,0x120c,0x120c,0x120c,0x120c,0x120c,0x120c,0x120c,
  0x120c,0x120c,0x120c,0x120c,0x120c,0x120c,0x120c,0x120c,0x120c,0x120c,0x120c,0x120c,0x120c,0x120c,0x120c,0x120c,0x120c,0x120c,0x120c,0x120c,0x120c,0x120c,0x120c,0x120c,
  0x120c,0x120c,0x120c,0x120c,0x120c,0x120c,0x120c,0x120c,0x120c,0x120c,0x120c,0x120c,0x968,0x0,0x0,0x0,0x0,0x0,0x0,0x0,0x0,0x0,0x0,0x0,
  0x0,0x0,0x0,0x0,0x0,0x0,0x0,0x0,0x0,0x0,0x0,0x968,0x120c,0x120c,0x120c,0x120c,0x120c,0x124c,0x1a4d,0x1a4d,0x1a4d,0x1a4d,0x1a4d,0x1a4d,
  0x1a4d,0x1a4d,0x1a4d,0x1a4d,0x1a4d,0x1a4d,0x1a4d,0x1a4d,0x1a4d,0x1a4d,0x1a4d,0x1a4d,0x1a4d,0x1a4d,0x1a4d,0x1a4d,0x1a4d,0x1a4d,0x1a4d,0x1a4d,0x1a4d,0x1a4d,0x1a4d,0x1a4d,
  0x1a4d,0x1a4d,0x1a4d,0x1a4d,0x1a4d,0x1a4d,0x1a4d,0x1a4d,0x1a4d,0x1a4d,0x1a4d,0x1a4d,0x1a4d,0x1a4d,0x1a4d,0x1a4d,0x1a4d,0x1a4d,0x1a4d,0x1a4d,0x1a4d,0x1a4d,0x1a4d,0x1a4d,
  0x1a4d,0x1a4d,0x1a4d,0x1a4d,0x1a4d,0x1a4d,0x1a4d,0x1a4d,0x1a4d,0x1a4d,0x1a4d,0x1a4d,0x1a4d,0x1a4d,0x1a4d,0x1a4d,0x1a4d,0x1a4d,0x1a4d,0x1a4d,0x1a4d,0x1a4d,0x1a4d,0x1a4d,
  0x1a4d,0x1a4d,0x1a4d,0x1a4d,0x1a4d,0x1a4d,0x1a4d,0x1a4d,0x1a4d,0x1a4d,0x1a4d,0x1a4d,0x1a4d,0x1a4d,0x1a4d,0x1a4d,0x1a4d,0x1a4d,0x1a4d,0x1a4d,0x1a4d,0x1a4d,0x1a4d,0x1a4d,
  0x1a4d,0x1a4d,0x1a4d,0x1a4d,0x1a4d,0x1a4d,0x124c,0x120c,0x120c,0x120c,0x120c,0x120c,0x968,0x0,0x0,0x0,0x0,0x0,0x0,0x0,0x0,0x0,0x0,0x0,
  0x0,0x0,0x0,0x0,0x0,0x0,0x0,0x0,0x0,0x0,0x0,0x968,0x120c,0x120c,0x120c,0x120c,0x120c,0x1af1,0x2394,0x2394,0x2394,0x2394,0x2394,0x2394,
  0x2394,0x2394,0x2394,0x2394,0x2394,0x2394,0x2394,0x2394,0x2394,0x2394,0x2394,0x2394,0x2394,0x2394,0x2394,0x2394,0x2394,0x2394,0x2394,0x2394,0x2394,0x2394,0x2394,0x2394,
  0x2394,0x2394,0x2394,0x2394,0x2394,0x2394,0x2394,0x2394,0x2394,0x2394,0x2394,0x2394,0x2394,0x2394,0x2394,0x2394,0x2394,0x2394,0x2394,0x2394,0x2394,0x2394,0x2394,0x2394,
  0x2394,0x2394,0x2394,0x2394,0x2394,0x2394,0x2394,0x2394,0x2394,0x2394,0x2394,0x2394,0x2394,0x2394,0x2394,0x2394,0x2394,0x2394,0x2394,0x2394,0x2394,0x2394,0x2394,0x2394,
  0x2394,0x2394,0x2394,0x2394,0x2394,0x2394,0x2394,0x2394,0x2394,0x2394,0x2394,0x2394,0x2394,0x2394,0x2394,0x2394,0x2394,0x2394,0x2394,0x2394,0x2394,0x2394,0x2394,0x2394,
  0x2394,0x2394,0x2394,0x2394,0x2394,0x2394,0x1af1,0x120c,0x120c,0x120c,0x120c,0x120c,0x968,0x0,0x0,0x0,0x0,0x0,0x0,0x0,0x0,0x0,0x0,0x0,
  0x0,0x0,0x0,0x0,0x0,0x0,0x0,0x0,0x0,0x0,0x0,0x968,0x120c,0x120c,0x120c,0x120c,0x120c,0x1af1,0x2394,0x2394,0x2394,0x2394,0x2394,0x2394,
  0x2394,0x2394,0x2394,0x2394,0x2394,0x2394,0x2394,0x2394,0x2394,0x2394,0x2394,0x2394,0x2394,0x2394,0x2394,0x2394,0x2394,0x2394,0x2394,0x2394,0x2394,0x2394,0x2394,0x2394,
  0x2394,0x2394,0x2394,0x2394,0x2394,0x2394,0x2394,0x2394,0x2394,0x2394,0x2394,0x2394,0x2394,0x2394,0x2394,0x2394,0x2394,0x2394,0x2394,0x2394,0x2394,0x2394,0x2394,0x2394,
  0x2394,0x2394,0x2394,0x2394,0x2394,0x2394,0x2394,0x2394,0x2394,0x2394,0x2394,0x2394,0x2394,0x2394,0x2394,0x2394,0x2394,0x2394,0x2394,0x2394,0x2394,0x2394,0x2394,0x2394,
  0x2394,0x2394,0x2394,0x2394,0x2394,0x2394,0x2394,0x2394,0x2394,0x2394,0x2394,0x2394,0x2394,0x2394,0x2394,0x2394,0x2394,0x2394,0x2394,0x2394,0x2394,0x2394,0x2394,0x2394,
  0x2394,0x2394,0x2394,0x2394,0x2394,0x2394,0x1af1,0x120c,0x120c,0x120c,0x120c,0x120c,0x968,0x0,0x0,0x0,0x0,0x0,0x0,0x0,0x0,0x0,0x0,0x0,
  0x0,0x0,0x0,0x0,0x0,0x0,0x0,0x0,0x0,0x0,0x0,0x968,0x120c,0x120c,0x120c,0x120c,0x120c,0x1af1,0x2394,0x2394,0x2394,0x2394,0x2394,0x2394,
  0x2394,0x2394,0x2394,0x2394,0x2394,0x2394,0x2394,0x2394,0x2394,0x2394,0x2394,0x2394,0x2394,0x2394,0x2394,0x2394,0x2394,0x2394,0x2394,0x2394,0x2394,0x2394,0x2394,0x2394,
  0x2394,0x2394,0x2394,0x2394,0x2394,0x2394,0x2394,0x2394,0x2394,0x2394,0x2394,0x2394,0x2394,0x2394,0x2394,0x2394,0x2394,0x2394,0x2394,0x2394,0x2394,0x2394,0x2394,0x2394,
  0x2394,0x2394,0x2394,0x2394,0x2394,0x2394,0x2394,0x2394,0x2394,0x2394,0x2394,0x2394,0x2394,0x2394,0x2394,0x2394,0x2394,0x2394,0x2394,0x2394,0x2394,0x2394,0x2394,0x2394,
  0x2394,0x2394,0x2394,0x2394,0x2394,0x2394,0x2394,0x2394,0x2394,0x2394,0x2394,0x2394,0x2394,0x2394,0x2394,0x2394,0x2394,0x2394,0x2394,0x2394,0x2394,0x2394,0x2394,0x2394,
  0x2394,0x2394,0x2394,0x2394,0x2394,0x2394,0x1af1,0x120c,0x120c,0x120c,0x120c,0x120c,0x968,0x0,0x0,0x0,0x0,0x0,0x0,0x0,0x0,0x0,0x0,0x0,
  0x0,0x0,0x0,0x0,0x0,0x0,0x0,0x0,0x0,0x0,0x0,0x968,0x120c,0x120c,0x120c,0x120c,0x120c,0x1af1,0x2394,0x2394,0x2394,0x2394,0x2394,0x2394,
  0x2394,0x2394,0x2394,0x2394,0x2394,0x2394,0x2394,0x2394,0x2394,0x2394,0x2394,0x2394,0x2394,0x2394,0x2394,0x2394,0x2394,0x2394,0x2394,0x2394,0x2394,0x2394,0x2394,0x2394,
  0x2394,0x2394,0x2394,0x2394,0x2394,0x2394,0x2394,0x2394,0x2394,0x2394,0x2394,0x2394,0x2394,0x2394,0x2394,0x2394,0x2394,0x2394,0x2394,0x2394,0x2394,0x2394,0x2394,0x2394,
  0x2394,0x2394,0x2394,0x2394,0x2394,0x2394,0x2394,0x2394,0x2394,0x2394,0x2394,0x2394,0x2394,0x2394,0x2394,0x2394,0x2394,0x2394,0x2394,0x2394,0x2394,0x2394,0x2394,0x2394,
  0x2394,0x2394,0x2394,0x2394,0x2394,0x2394,0x2394,0x2394,0x2394,0x2394,0x2394,0x2394,0x2394,0x2394,0x2394,0x2394,0x2394,0x2394,0x2394,0x2394,0x2394,0x2394,0x2394,0x2394,
  0x2394,0x2394,0x2394,0x2394,0x2394,0x2394,0x1af1,0x120c,0x120c,0x120c,0x120c,0x120c,0x968,0x0,0x0,0x0,0x0,0x0,0x0,0x0,0x0,0x0,0x0,0x0,
  0x0,0x0,0x0,0x0,0x0,0x0,0x0,0x0,0x0,0x0,0x0,0x968,0x120c,0x120c,0x120c,0x120c,0x120c,0x1af1,0x2394,0x2394,0x2394,0x2394,0x2394,0x2394,
  0x2394,0x2394,0x2394,0x2394,0x2394,0x2394,0x2394,0x2394,0x2394,0x2394,0x2394,0x2394,0x2394,0x2394,0x2394,0x2394,0x2394,0x2394,0x2394,0x2394,0x2394,0x2394,0x2394,0x2394,
  0x2394,0x2394,0x2394,0x2394,0x2394,0x2394,0x2394,0x2394,0x2394,0x2394,0x2394,0x2394,0x2394,0x2394,0x2394,0x2394,0x2394,0x2394,0x2394,0x2394,0x2394,0x2394,0x2394,0x2394,
  0x2394,0x2394,0x2394,0x2394,0x2394,0x2394,0x2394,0x2394,0x2394,0x2394,0x2394,0x2394,0x2394,0x2394,0x2394,0x2394,0x2394,0x2394,0x2394,0x2394,0x2394,0x2394,0x2394,0x2394,
  0x2394,0x2394,0x2394,0x2394,0x2394,0x2394,0x2394,0x2394,0x2394,0x2394,0x2394,0x2394,0x2394,0x2394,0x2394,0x2394,0x2394,0x2394,0x2394,0x2394,0x2394,0x2394,0x2394,0x2394,
  0x2394,0x2394,0x2394,0x2394,0x2394,0x2394,0x1af1,0x120c,0x120c,0x120c,0x120c,0x120c,0x968,0x0,0x0,0x0,0x0,0x0,0x0,0x0,0x0,0x0,0x0,0x0,
  0x0,0x0,0x0,0x0,0x0,0x0,0x0,0x0,0x0,0x0,0x0,0x968,0x120c,0x120c,0x120c,0x120c,0x120c,0x1af1,0x2394,0x2394,0x2394,0x2394,0x2394,0x2394,
  0x2394,0x2394,0x2394,0x2394,0x2394,0x2394,0x2394,0x2394,0x2394,0x2394,0x2394,0x2394,0x2394,0x2394,0x2394,0x2394,0x2394,0x2394,0x2394,0x2394,0x2394,0x2394,0x2394,0x2394,
  0x2394,0x2394,0x2394,0x2394,0x2394,0x2394,0x2394,0x2394,0x2394,0x2394,0x2394,0x2394,0x2394,0x2394,0x2394,0x2394,0x2394,0x2394,0x2394,0x2394,0x2394,0x2394,0x2394,0x2394,
  0x2394,0x2394,0x2394,0x2394,0x2394,0x2394,0x2394,0x2394,0x2394,0x2394,0x2394,0x2394,0x2394,0x2394,0x2394,0x2394,0x2394,0x2394,0x2394,0x2394,0x2394,0x2394,0x2394,0x2394,
  0x2394,0x2394,0x2394,0x2394,0x2394,0x2394,0x2394,0x2394,0x2394,0x2394,0x2394,0x2394,0x2394,0x2394,0x2394,0x2394,0x2394,0x2394,0x2394,0x2394,0x2394,0x2394,0x2394,0x2394,
  0x2394,0x2394,0x2394,0x2394,0x2394,0x2394,0x1af1,0x120c,0x120c,0x120c,0x120c,0x120c,0x968,0x0,0x0,0x0,0x0,0x0,0x0,0x0,0x0,0x0,0x0,0x0,
  0x0,0x0,0x0,0x0,0x0,0x0,0x0,0x0,0x0,0x0,0x0,0x968,0x120c,0x120c,0x120c,0x120c,0x120c,0x1af1,0x2394,0x2394,0x2394,0x2394,0x2394,0x2394,
  0x2394,0x2394,0x2394,0x2394,0x2394,0x2394,0x2394,0x2394,0x2394,0x2394,0x2394,0x2394,0x2394,0x2394,0x2394,0x2394,0x2394,0x2394,0x2394,0x2394,0x2394,0x2394,0x2394,0x2394,
  0x2394,0x2394,0x2394,0x2394,0x2394,0x2394,0x2394,0x2394,0x2394,0x2394,0x2394,0x2394,0x2394,0x2394,0x2394,0x2394,0x2394,0x2394,0x2394,0x2394,0x2394,0x2394,0x2394,0x2394,
  0x2394,0x2394,0x2394,0x2394,0x2394,0x2394,0x2394,0x2394,0x2394,0x2394,0x2394,0x2394,0x2394,0x2394,0x2394,0x2394,0x2394,0x2394,0x2394,0x2394,0x2394,0x2394,0x2394,0x2394,
  0x2394,0x2394,0x2394,0x2394,0x2394,0x2394,0x2394,0x2394,0x2394,0x2394,0x2394,0x2394,0x2394,0x2394,0x2394,0x2394,0x2394,0x2394,0x2394,0x2394,0x2394,0x2394,0x2394,0x2394,
  0x2394,0x2394,0x2394,0x2394,0x2394,0x2394,0x1af1,0x120c,0x120c,0x120c,0x120c,0x120c,0x968,0x0,0x0,0x0,0x0,0x0,0x0,0x0,0x0,0x0,0x0,0x0,
  0x0,0x0,0x0,0x0,0x0,0x0,0x0,0x0,0x0,0x0,0x0,0x968,0x120c,0x120c,0x120c,0x120c,0x120c,0x1af1,0x2394,0x2394,0x2394,0x2394,0x2394,0x2394,
  0x2394,0x2394,0x2394,0x2394,0x2394,0x2394,0x2394,0x2394,0x2394,0x2394,0x2394,0x2394,0x2394,0x2394,0x2394,0x2394,0x2394,0x2394,0x2394,0x2394,0x2394,0x2394,0x2394,0x2394,
  0x2394,0x2394,0x2394,0x2394,0x2394,0x2394,0x2394,0x2394,0x2394,0x2394,0x2394,0x2394,0x2394,0x2394,0x2394,0x2394,0x2394,0x2394,0x2394,0x2394,0x2394,0x2394,0x2394,0x2394,
  0x2394,0x2394,0x2394,0x2394,0x2394,0x2394,0x2394,0x2394,0x2394,0x2394,0x2394,0x2394,0x2394,0x2394,0x2394,0x2394,0x2394,0x2394,0x2394,0x2394,0x2394,0x2394,0x2394,0x2394,
  0x2394,0x2394,0x2394,0x2394,0x2394,0x2394,0x2394,0x2394,0x2394,0x2394,0x2394,0x2394,0x2394,0x2394,0x2394,0x2394,0x2394,0x2394,0x2394,0x2394,0x2394,0x2394,0x2394,0x2394,
  0x2394,0x2394,0x2394,0x2394,0x2394,0x2394,0x1af1,0x120c,0x120c,0x120c,0x120c,0x120c,0x968,0x0,0x0,0x0,0x0,0x0,0x0,0x0,0x0,0x0,0x0,0x0,
  0x0,0x0,0x0,0x0,0x0,0x0,0x0,0x0,0x0,0x0,0x0,0x968,0x120c,0x120c,0x120c,0x120c,0x120c,0x1af1,0x2394,0x2394,0x2394,0x2394,0x2394,0x2394,
  0x2394,0x2394,0x2394,0x2394,0x2394,0x2394,0x2394,0x2394,0x2394,0x2394,0x2394,0x2394,0x2394,0x2394,0x2394,0x2394,0x2394,0x2394,0x2394,0x2394,0x2394,0x2394,0x2394,0x2394,
  0x2394,0x2394,0x2394,0x2394,0x2394,0x2394,0x2394,0x2394,0x2394,0x2394,0x2394,0x2394,0x2394,0x2394,0x2394,0x2394,0x2394,0x2394,0x2394,0x2394,0x2394,0x2394,0x2394,0x2394,
  0x2394,0x2394,0x2394,0x2394,0x2394,0x2394,0x2394,0x2394,0x2394,0x2394,0x2394,0x2394,0x2394,0x2394,0x2394,0x2394,0x2394,0x2394,0x2394,0x2394,0x2394,0x2394,0x2394,0x2394,
  0x2394,0x2394,0x2394,0x2394,0x2394,0x2394,0x2394,0x2394,0x2394,0x2394,0x2394,0x2394,0x2394,0x2394,0x2394,0x2394,0x2394,0x2394,0x2394,0x2394,0x2394,0x2394,0x2394,0x2394,
  0x2394,0x2394,0x2394,0x2394,0x2394,0x2394,0x1af1,0x120c,0x120c,0x120c,0x120c,0x120c,0x968,0x0,0x0,0x0,0x0,0x0,0x0,0x0,0x0,0x0,0x0,0x0,
  0x0,0x0,0x0,0x0,0x0,0x0,0x0,0x0,0x0,0x0,0x0,0x968,0x120c,0x120c,0x120c,0x120c,0x120c,0x1af1,0x2394,0x2394,0x2394,0x2394,0x2394,0x2394,
  0x2394,0x2394,0x2394,0x2394,0x2394,0x2394,0x2394,0x2394,0x2394,0x2394,0x2394,0x2394,0x2394,0x2394,0x2394,0x2394,0x2394,0x2394,0x2394,0x2394,0x2394,0x2394,0x2394,0x2394,
  0x2394,0x2394,0x2394,0x2394,0x2394,0x2394,0x2394,0x2394,0x2394,0x2394,0x2394,0x2394,0x2394,0x2394,0x2394,0x2394,0x2394,0x2394,0x2394,0x2394,0x2394,0x2394,0x2394,0x2394,
  0x2394,0x2394,0x2394,0x2394,0x2394,0x2394,0x2394,0x2394,0x2394,0x2394,0x2394,0x2394,0x2394,0x2394,0x2394,0x2394,0x2394,0x2394,0x2394,0x2394,0x2394,0x2394,0x2394,0x2394,
  0x2394,0x2394,0x2394,0x2394,0x2394,0x2394,0x2394,0x2394,0x2394,0x2394,0x2394,0x2394,0x2394,0x2394,0x2394,0x2394,0x2394,0x2394,0x2394,0x2394,0x2394,0x2394,0x2394,0x2394,
  0x2394,0x2394,0x2394,0x2394,0x2394,0x2394,0x1af1,0x120c,0x120c,0x120c,0x120c,0x120c,0x968,0x0,0x0,0x0,0x0,0x0,0x0,0x0,0x0,0x0,0x0,0x0,
  0x0,0x0,0x0,0x0,0x0,0x0,0x0,0x0,0x0,0x0,0x0,0x968,0x120c,0x120c,0x120c,0x120c,0x120c,0x1af1,0x2394,0x2394,0x2394,0x2394,0x2394,0x2394,
  0x2394,0x2394,0x2394,0x2394,0x2394,0x2394,0x2394,0x2394,0x2394,0x2394,0x2394,0x2394,0x2394,0x2394,0x2394,0x2394,0x2394,0x2394,0x2394,0x2394,0x2394,0x2394,0x2394,0x2394,
  0x2394,0x2394,0x2394,0x2394,0x2394,0x2394,0x2394,0x2394,0x2394,0x2394,0x2394,0x2394,0x2394,0x2394,0x2394,0x2394,0x2394,0x2394,0x2394,0x2394,0x2394,0x2394,0x2394,0x2394,
  0x2394,0x2394,0x2394,0x2394,0x2394,0x2394,0x2394,0x2394,0x2394,0x2394,0x2394,0x2394,0x2394,0x2394,0x2394,0x2394,0x2394,0x2394,0x2394,0x2394,0x2394,0x2394,0x2394,0x2394,
  0x2394,0x2394,0x2394,0x2394,0x2394,0x2394,0x2394,0x2394,0x2394,0x2394,0x2394,0x2394,0x2394,0x2394,0x2394,0x2394,0x2394,0x2394,0x2394,0x2394,0x2394,0x2394,0x2394,0x2394,
  0x2394,0x2394,0x2394,0x2394,0x2394,0x2394,0x1af1,0x120c,0x120c,0x120c,0x120c,0x120c,0x968,0x0,0x0,0x0,0x0,0x0,0x0,0x0,0x0,0x0,0x0,0x0,
  0x0,0x0,0x0,0x0,0x0,0x0,0x0,0x0,0x0,0x0,0x0,0x968,0x120c,0x120c,0x120c,0x120c,0x120c,0x1af1,0x2394,0x2394,0x2394,0x2394,0x2394,0x2394,
  0x2394,0x2394,0x2394,0x2394,0x2394,0x2394,0x2394,0x2394,0x2394,0x2394,0x2394,0x2394,0x2394,0x2394,0x2394,0x2394,0x2394,0x2394,0x2394,0x2394,0x2394,0x2394,0x2394,0x2394,
  0x2394,0x2394,0x2394,0x2394,0x2394,0x2394,0x2394,0x2394,0x2394,0x2394,0x2394,0x2394,0x2394,0x2394,0x2394,0x2394,0x2394,0x2394,0x2394,0x2394,0x2394,0x2394,0x2394,0x2394,
  0x2394,0x2394,0x2394,0x2394,0x2394,0x2394,0x2394,0x2394,0x2394,0x2394,0x2394,0x2394,0x2394,0x2394,0x2394,0x2394,0x2394,0x2394,0x2394,0x2394,0x2394,0x2394,0x2394,0x2394,
  0x2394,0x2394,0x2394,0x2394,0x2394,0x2394,0x2394,0x2394,0x2394,0x2394,0x2394,0x2394,0x2394,0x2394,0x2394,0x2394,0x2394,0x2394,0x2394,0x2394,0x2394,0x2394,0x2394,0x2394,
  0x2394,0x2394,0x2394,0x2394,0x2394,0x2394,0x1af1,0x120c,0x120c,0x120c,0x120c,0x120c,0x968,0x0,0x0,0x0,0x0,0x0,0x0,0x0,0x0,0x0,0x0,0x0,
  0x0,0x0,0x0,0x0,0x0,0x0,0x0,0x0,0x0,0x0,0x0,0x968,0x120c,0x120c,0x120c,0x120c,0x120c,0x1af1,0x2394,0x2394,0x2394,0x2394,0x2394,0x2394,
  0x2394,0x2394,0x2394,0x2394,0x2394,0x2394,0x2394,0x2394,0x2394,0x2394,0x2394,0x2394,0x2394,0x2394,0x2394,0x2394,0x2394,0x2394,0x2394,0x2394,0x2394,0x2394,0x2394,0x2394,
  0x2394,0x2394,0x2394,0x2394,0x2394,0x2394,0x2394,0x2394,0x2394,0x2394,0x2394,0x2394,0x2394,0x2394,0x2394,0x2394,0x2394,0x2394,0x2394,0x2394,0x2394,0x2394,0x2394,0x2394,
  0x2394,0x2394,0x2394,0x2394,0x2394,0x2394,0x2394,0x2394,0x2394,0x2394,0x2394,0x2394,0x2394,0x2394,0x2394,0x2394,0x2394,0x2394,0x2394,0x2394,0x2394,0x2394,0x2394,0x2394,
  0x2394,0x2394,0x2394,0x2394,0x2394,0x2394,0x2394,0x2394,0x2394,0x2394,0x2394,0x2394,0x2394,0x2394,0x2394,0x2394,0x2394,0x2394,0x2394,0x2394,0x2394,0x2394,0x2394,0x2394,
  0x2394,0x2394,0x2394,0x2394,0x2394,0x2394,0x1af1,0x120c,0x120c,0x120c,0x120c,0x120c,0x968,0x0,0x0,0x0,0x0,0x0,0x0,0x0,0x0,0x0,0x0,0x0,
  0x0,0x0,0x0,0x0,0x0,0x0,0x0,0x0,0x0,0x0,0x0,0x968,0x120c,0x120c,0x120c,0x120c,0x120c,0x1af1,0x2394,0x2394,0x2394,0x2394,0x2394,0x2394,
  0x2394,0x2394,0x2394,0x2394,0x2394,0x2394,0x2394,0x2394,0x2394,0x2394,0x2394,0x2394,0x2394,0x2394,0x2394,0x2394,0x2394,0x2394,0x2394,0x2394,0x2394,0x2394,0x2394,0x2394,
  0x2394,0x2394,0x2394,0x2394,0x2394,0x2394,0x2394,0x2394,0x2394,0x2394,0x2394,0x2394,0x2394,0x2394,0x2394,0x2394,0x2394,0x2394,0x2394,0x2394,0x2394,0x2394,0x2394,0x2394,
  0x2394,0x2394,0x2394,0x2394,0x2394,0x2394,0x2394,0x2394,0x2394,0x2394,0x2394,0x2394,0x2394,0x2394,0x2394,0x2394,0x2394,0x2394,0x2394,0x2394,0x2394,0x2394,0x2394,0x2394,
  0x2394,0x2394,0x2394,0x2394,0x2394,0x2394,0x2394,0x2394,0x2394,0x2394,0x2394,0x2394,0x2394,0x2394,0x2394,0x2394,0x2394,0x2394,0x2394,0x2394,0x2394,0x2394,0x2394,0x2394,
  0x2394,0x2394,0x2394,0x2394,0x2394,0x2394,0x1af1,0x120c,0x120c,0x120c,0x120c,0x120c,0x968,0x0,0x0,0x0,0x0,0x0,0x0,0x0,0x0,0x0,0x0,0x0,
  0x0,0x0,0x0,0x0,0x0,0x0,0x0,0x0,0x0,0x0,0x0,0x968,0x120c,0x120c,0x120c,0x120c,0x120c,0x1af1,0x2394,0x2394,0x2394,0x2394,0x2394,0x2394,
  0x2394,0x2394,0x2394,0x2394,0x2394,0x2394,0x2394,0x2394,0x2394,0x2394,0x2394,0x2394,0x2394,0x2394,0x2394,0x2394,0x2394,0x2394,0x2394,0x2394,0x2394,0x2394,0x2394,0x2394,
  0x2394,0x2394,0x2394,0x2394,0x2394,0x2394,0x2394,0x2394,0x2394,0x2394,0x2394,0x2394,0x2394,0x2394,0x2394,0x2394,0x2394,0x2394,0x2394,0x2394,0x2394,0x2394,0x2394,0x2394,
  0x2394,0x2394,0x2394,0x2394,0x2394,0x2394,0x2394,0x2394,0x2394,0x2394,0x2394,0x2394,0x2394,0x2394,0x2394,0x2394,0x2394,0x2394,0x2394,0x2394,0x2394,0x2394,0x2394,0x2394,
  0x2394,0x2394,0x2394,0x2394,0x2394,0x2394,0x2394,0x2394,0x2394,0x2394,0x2394,0x2394,0x2394,0x2394,0x2394,0x2394,0x2394,0x2394,0x2394,0x2394,0x2394,0x2394,0x2394,0x2394,
  0x2394,0x2394,0x2394,0x2394,0x2394,0x2394,0x1af1,0x120c,0x120c,0x120c,0x120c,0x120c,0x968,0x0,0x0,0x0,0x0,0x0,0x0,0x0,0x0,0x0,0x0,0x0,
  0x0,0x0,0x0,0x0,0x0,0x0,0x0,0x0,0x0,0x0,0x0,0x968,0x120c,0x120c,0x120c,0x120c,0x120c,0x1af1,0x2394,0x2394,0x2394,0x2394,0x2394,0x2394,
  0x2394,0x2394,0x2394,0x2394,0x2394,0x2394,0x2394,0x2394,0x2394,0x2394,0x2394,0x2394,0x2394,0x2394,0x2394,0x2394,0x2394,0x2394,0x2394,0x2394,0x2394,0x2394,0x2394,0x2394,
  0x2394,0x2394,0x2394,0x2394,0x2394,0x2394,0x2394,0x2394,0x2394,0x2394,0x2394,0x2394,0x2394,0x2394,0x2394,0x2394,0x2394,0x2394,0x2394,0x2394,0x2394,0x2394,0x2394,0x2394,
  0x2394,0x2394,0x2394,0x2394,0x2394,0x2394,0x2394,0x2394,0x2394,0x2394,0x2394,0x2394,0x2394,0x2394,0x2394,0x2394,0x2394,0x2394,0x2394,0x2394,0x2394,0x2394,0x2394,0x2394,
  0x2394,0x2394,0x2394,0x2394,0x2394,0x2394,0x2394,0x2394,0x2394,0x2394,0x2394,0x2394,0x2394,0x2394,0x2394,0x2394,0x2394,0x2394,0x2394,0x2394,0x2394,0x2394,0x2394,0x2394,
  0x2394,0x2394,0x2394,0x2394,0x2394,0x2394,0x1af1,0x120c,0x120c,0x120c,0x120c,0x120c,0x968,0x0,0x0,0x0,0x0,0x0,0x0,0x0,0x0,0x0,0x0,0x0,
  0x0,0x0,0x0,0x0,0x0,0x0,0x0,0x0,0x0,0x0,0x0,0x968,0x120c,0x120c,0x120c,0x120c,0x120c,0x1af1,0x2394,0x2394,0x2394,0x2394,0x2394,0x2394,
  0x2394,0x2394,0x2394,0x2394,0x2394,0x2394,0x2394,0x2394,0x2394,0x2394,0x2394,0x2394,0x2394,0x2394,0x2394,0x2394,0x2394,0x2394,0x2394,0x2394,0x2394,0x2394,0x2394,0x2394,
  0x2394,0x2394,0x2394,0x2394,0x2394,0x2394,0x2394,0x2394,0x2394,0x2394,0x2394,0x2394,0x2394,0x2394,0x2394,0x2394,0x2394,0x2394,0x2394,0x2394,0x2394,0x2394,0x2394,0x2394,
  0x2394,0x2394,0x2394,0x2394,0x2394,0x2394,0x2394,0x2394,0x2394,0x2394,0x2394,0x2394,0x2394,0x2394,0x2394,0x2394,0x2394,0x2394,0x2394,0x2394,0x2394,0x2394,0x2394,0x2394,
  0x2394,0x2394,0x2394,0x2394,0x2394,0x2394,0x2394,0x2394,0x2394,0x2394,0x2394,0x2394,0x2394,0x2394,0x2394,0x2394,0x2394,0x2394,0x2394,0x2394,0x2394,0x2394,0x2394,0x2394,
  0x2394,0x2394,0x2394,0x2394,0x2394,0x2394,0x1af1,0x120c,0x120c,0x120c,0x120c,0x120c,0x968,0x0,0x0,0x0,0x0,0x0,0x0,0x0,0x0,0x0,0x0,0x0,
  0x0,0x0,0x0,0x0,0x0,0x0,0x0,0x0,0x0,0x0,0x0,0x968,0x120c,0x120c,0x120c,0x120c,0x120c,0x1af1,0x2394,0x2394,0x2394,0x2394,0x2394,0x2394,
  0x2394,0x2394,0x2394,0x2394,0x2394,0x2394,0x2394,0x2394,0x2394,0x2394,0x2394,0x2394,0x2394,0x2394,0x2394,0x2394,0x2394,0x2394,0x2394,0x2394,0x2394,0x2394,0x2394,0x2394,
  0x2394,0x2394,0x2394,0x2394,0x2394,0x2394,0x2394,0x2394,0x2394,0x2394,0x2394,0x2394,0x2394,0x2394,0x2394,0x2394,0x2394,0x2394,0x2394,0x2394,0x2394,0x2394,0x2394,0x2394,
  0x2394,0x2394,0x2394,0x2394,0x2394,0x2394,0x2394,0x2394,0x2394,0x2394,0x2394,0x2394,0x2394,0x2394,0x2394,0x2394,0x2394,0x2394,0x2394,0x2394,0x2394,0x2394,0x2394,0x2394,
  0x2394,0x2394,0x2394,0x2394,0x2394,0x2394,0x2394,0x2394,0x2394,0x2394,0x2394,0x2394,0x2394,0x2394,0x2394,0x2394,0x2394,0x2394,0x2394,0x2394,0x2394,0x2394,0x2394,0x2394,
  0x2394,0x2394,0x2394,0x2394,0x2394,0x2394,0x1af1,0x120c,0x120c,0x120c,0x120c,0x120c,0x968,0x0,0x0,0x0,0x0,0x0,0x0,0x0,0x0,0x0,0x0,0x0,
  0x0,0x0,0x0,0x0,0x0,0x0,0x0,0x0,0x0,0x0,0x0,0x968,0x120c,0x120c,0x120c,0x120c,0x120c,0x1af1,0x2394,0x2394,0x2394,0x2394,0x2394,0x2394,
  0x2394,0x2394,0x2394,0x2394,0x2394,0x2394,0x2394,0x2394,0x2394,0x2394,0x2394,0x2394,0x2394,0x2394,0x2394,0x2394,0x2394,0x2394,0x2394,0x2394,0x2394,0x2394,0x2394,0x2394,
  0x2394,0x2394,0x2394,0x2394,0x2394,0x2394,0x2394,0x2394,0x2394,0x2394,0x2394,0x2394,0x2394,0x2394,0x2394,0x2394,0x2394,0x2394,0x2394,0x2394,0x2394,0x2394,0x2394,0x2394,
  0x2394,0x2394,0x2394,0x2394,0x2394,0x2394,0x2394,0x2394,0x2394,0x2394,0x2394,0x2394,0x2394,0x2394,0x2394,0x2394,0x2394,0x2394,0x2394,0x2394,0x2394,0x2394,0x2394,0x2394,
  0x2394,0x2394,0x2394,0x2394,0x2394,0x2394,0x2394,0x2394,0x2394,0x2394,0x2394,0x2394,0x2394,0x2394,0x2394,0x2394,0x2394,0x2394,0x2394,0x2394,0x2394,0x2394,0x2394,0x2394,
  0x2394,0x2394,0x2394,0x2394,0x2394,0x2394,0x1af1,0x120c,0x120c,0x120c,0x120c,0x120c,0x968,0x0,0x0,0x0,0x0,0x0,0x0,0x0,0x0,0x0,0x0,0x0,
  0x0,0x0,0x0,0x0,0x0,0x0,0x0,0x0,0x0,0x0,0x0,0x968,0x120c,0x120c,0x120c,0x120c,0x120c,0x1af1,0x2394,0x2394,0x2394,0x2394,0x2394,0x2394,
  0x2394,0x2394,0x2394,0x2394,0x2394,0x2394,0x2394,0x2394,0x2394,0x2394,0x2394,0x2394,0x2394,0x2394,0x2394,0x2394,0x2394,0x2394,0x2394,0x2394,0x2394,0x2394,0x2394,0x2394,
  0x2394,0x2394,0x2394,0x2394,0x2394,0x2394,0x2394,0x2394,0x2394,0x2394,0x2394,0x2394,0x2394,0x2394,0x2394,0x2394,0x2394,0x2394,0x2394,0x2394,0x2394,0x2394,0x2394,0x2394,
  0x2394,0x2394,0x2394,0x2394,0x2394,0x2394,0x2394,0x2394,0x2394,0x2394,0x2394,0x2394,0x2394,0x2394,0x2394,0x2394,0x2394,0x2394,0x2394,0x2394,0x2394,0x2394,0x2394,0x2394,
  0x2394,0x2394,0x2394,0x2394,0x2394,0x2394,0x2394,0x2394,0x2394,0x2394,0x2394,0x2394,0x2394,0x2394,0x2394,0x2394,0x2394,0x2394,0x2394,0x2394,0x2394,0x2394,0x2394,0x2394,
  0x2394,0x2394,0x2394,0x2394,0x2394,0x2394,0x1af1,0x120c,0x120c,0x120c,0x120c,0x120c,0x968,0x0,0x0,0x0,0x0,0x0,0x0,0x0,0x0,0x0,0x0,0x0,
  0x0,0x0,0x0,0x0,0x0,0x0,0x0,0x0,0x0,0x0,0x0,0x968,0x120c,0x120c,0x120c,0x120c,0x120c,0x1af1,0x2394,0x2394,0x2394,0x2394,0x2394,0x2394,
  0x2394,0x2394,0x2394,0x2394,0x2394,0x2394,0x2394,0x2394,0x2394,0x2394,0x2394,0x2394,0x2394,0x2394,0x2394,0x2394,0x2394,0x2394,0x2394,0x2394,0x2394,0x2394,0x2394,0x2394,
  0x2394,0x2394,0x2394,0x2394,0x2394,0x2394,0x2394,0x2394,0x2394,0x2394,0x2394,0x2394,0x2394,0x2394,0x2394,0x2394,0x2394,0x2394,0x2394,0x2394,0x2394,0x2394,0x2394,0x2394,
  0x2394,0x2394,0x2394,0x2394,0x2394,0x2394,0x2394,0x2394,0x2394,0x2394,0x2394,0x2394,0x2394,0x2394,0x2394,0x2394,0x2394,0x2394,0x2394,0x2394,0x2394,0x2394,0x2394,0x2394,
  0x2394,0x2394,0x2394,0x2394,0x2394,0x2394,0x2394,0x2394,0x2394,0x2394,0x2394,0x2394,0x2394,0x2394,0x2394,0x2394,0x2394,0x2394,0x2394,0x2394,0x2394,0x2394,0x2394,0x2394,
  0x2394,0x2394,0x2394,0x2394,0x2394,0x2394,0x1af1,0x120c,0x120c,0x120c,0x120c,0x120c,0x968,0x0,0x0,0x0,0x0,0x0,0x0,0x0,0x0,0x0,0x0,0x0,
  0x0,0x0,0x0,0x0,0x0,0x0,0x0,0x0,0x0,0x0,0x0,0x968,0x120c,0x120c,0x120c,0x120c,0x120c,0x1af1,0x2394,0x2394,0x2394,0x2394,0x2394,0x2394,
  0x2394,0x2394,0x2394,0x2394,0x2394,0x2394,0x2394,0x2394,0x2394,0x2394,0x2394,0x2394,0x2394,0x2394,0x2394,0x2394,0x2394,0x2394,0x2394,0x2394,0x2394,0x2394,0x2394,0x2394,
  0x2394,0x2394,0x2394,0x2394,0x2394,0x2394,0x2394,0x2394,0x2394,0x2394,0x2394,0x2394,0x2394,0x2394,0x2394,0x2394,0x2394,0x2394,0x2394,0x2394,0x2394,0x2394,0x2bb4,0x2bb4,
  0x2bb4,0x2bb4,0x2394,0x2394,0x2394,0x2394,0x2394,0x2394,0x2394,0x2394,0x2394,0x2394,0x2394,0x2394,0x2394,0x2394,0x2394,0x2394,0x2394,0x2394,0x2394,0x2394,0x2394,0x2394,
  0x2394,0x2394,0x2394,0x2394,0x2394,0x2394,0x2394,0x2394,0x2394,0x2394,0x2394,0x2394,0x2394,0x2394,0x2394,0x2394,0x2394,0x2394,0x2394,0x2394,0x2394,0x2394,0x2394,0x2394,
  0x2394,0x2394,0x2394,0x2394,0x2394,0x2394,0x1af1,0x120c,0x120c,0x120c,0x120c,0x120c,0x968,0x0,0x0,0x0,0x0,0x0,0x0,0x0,0x0,0x0,0x0,0x0,
  0x0,0x0,0x0,0x0,0x0,0x0,0x0,0x0,0x0,0x0,0x0,0x968,0x120c,0x120c,0x120c,0x120c,0x120c,0x1af1,0x2394,0x2394,0x2394,0x2394,0x2394,0x2394,
  0x2394,0x2394,0x2394,0x2394,0x2394,0x2394,0x2394,0x2394,0x2394,0x2394,0x2394,0x2394,0x2394,0x2394,0x2394,0x2394,0x2394,0x2394,0x2394,0x2394,0x2394,0x2394,0x2394,0x2394,
  0x2394,0x2394,0x2394,0x2394,0x2394,0x2394,0x2394,0x2394,0x2394,0x2394,0x2394,0x2394,0x2394,0x2394,0x33f5,0x5c97,0x7d58,0x9dfa,0xb67b,0xcedc,0xdf3d,0xe77e,0xef9e,0xef9e,
  0xef9e,0xef9e,0xe77e,0xdf3d,0xcedc,0xb67b,0x9dfa,0x7d58,0x5c97,0x33f5,0x2394,0x2394,0x2394,0x2394,0x2394,0x2394,0x2394,0x2394,0x2394,0x2394,0x2394,0x2394,0x2394,0x2394,
  0x2394,0x2394,0x2394,0x2394,0x2394,0x2394,0x2394,0x2394,0x2394,0x2394,0x2394,0x2394,0x2394,0x2394,0x2394,0x2394,0x2394,0x2394,0x2394,0x2394,0x2394,0x2394,0x2394,0x2394,
  0x2394,0x2394,0x2394,0x2394,0x2394,0x2394,0x1af1,0x120c,0x120c,0x120c,0x120c,0x120c,0x968,0x0,0x0,0x0,0x0,0x0,0x0,0x0,0x0,0x0,0x0,0x0,
  0x0,0x0,0x0,0x0,0x0,0x0,0x0,0x0,0x0,0x0,0x0,0x968,0x120c,0x120c,0x120c,0x120c,0x120c,0x1af1,0x2394,0x2394,0x2394,0x2394,0x2394,0x2394,
  0x2394,0x2394,0x2394,0x2394,0x2394,0x2394,0x2394,0x2394,0x2394,0x2394,0x2394,0x2394,0x2394,0x2394,0x2394,0x2394,0x2394,0x2394,0x2394,0x2394,0x2394,0x2394,0x2394,0x2394,
  0x2394,0x2394,0x2394,0x2394,0x2394,0x2394,0x2394,0x2394,0x2394,0x2394,0x3bf5,0x7518,0xa61a,0xcefd,0xef7e,0xef9e,0xef9e,0xef9e,0xef9e,0xef9e,0xef9e,0xef9e,0xef9e,0xef9e,
  0xef9e,0xef9e,0xef9e,0xef9e,0xef9e,0xef9e,0xef9e,0xef9e,0xef9e,0xef7e,0xcefd,0xa61a,0x7518,0x3bf5,0x2394,0x2394,0x2394,0x2394,0x2394,0x2394,0x2394,0x2394,0x2394,0x2394,
  0x2394,0x2394,0x2394,0x2394,0x2394,0x2394,0x2394,0x2394,0x2394,0x2394,0x2394,0x2394,0x2394,0x2394,0x2394,0x2394,0x2394,0x2394,0x2394,0x2394,0x2394,0x2394,0x2394,0x2394,
  0x2394,0x2394,0x2394,0x2394,0x2394,0x2394,0x1af1,0x120c,0x120c,0x120c,0x120c,0x120c,0x968,0x0,0x0,0x0,0x0,0x0,0x0,0x0,0x0,0x0,0x0,0x0,
  0x0,0x0,0x0,0x0,0x0,0x0,0x0,0x0,0x0,0x0,0x0,0x968,0x120c,0x120c,0x120c,0x120c,0x120c,0x1af1,0x2394,0x2394,0x2394,0x2394,0x2394,0x2394,
  0x2394,0x2394,0x2394,0x2394,0x2394,0x2394,0x2394,0x2394,0x2394,0x2394,0x2394,0x2394,0x2394,0x2394,0x2394,0x2394,0x2394,0x2394,0x2394,0x2394,0x2394,0x2394,0x2394,0x2394,
  0x2394,0x2394,0x2394,0x2394,0x2394,0x2394,0x2394,0x3c15,0x8579,0xc6bc,0xef7e,0xef9e,0xef9e,0xef9e,0xef9e,0xef9e,0xef9e,0xef9e,0xef9e,0xef9e,0xef9e,0xef9e,0xef9e,0xef9e,
  0xef9e,0xef9e,0xef9e,0xef9e,0xef9e,0xef9e,0xef9e,0xef9e,0xef9e,0xef9e,0xef9e,0xef9e,0xef9e,0xef7e,0xc6bc,0x8579,0x3c15,0x2394,0x2394,0x2394,0x2394,0x2394,0x2394,0x2394,
  0x2394,0x2394,0x2394,0x2394,0x2394,0x2394,0x2394,0x2394,0x2394,0x2394,0x2394,0x2394,0x2394,0x2394,0x2394,0x2394,0x2394,0x2394,0x2394,0x2394,0x2394,0x2394,0x2394,0x2394,
  0x2394,0x2394,0x2394,0x2394,0x2394,0x2394,0x1af1,0x120c,0x120c,0x120c,0x120c,0x120c,0x968,0x0,0x0,0x0,0x0,0x0,0x0,0x0,0x0,0x0,0x0,0x0,
  0x0,0x0,0x0,0x0,0x0,0x0,0x0,0x0,0x0,0x0,0x0,0x968,0x120c,0x120c,0x120c,0x120c,0x120c,0x1af1,0x2394,0x2394,0x2394,0x2394,0x2394,0x2394,
  0x2394,0x2394,0x2394,0x2394,0x2394,0x2394,0x2394,0x2394,0x2394,0x2394,0x2394,0x2394,0x2394,0x2394,0x2394,0x2394,0x2394,0x2394,0x2394,0x2394,0x2394,0x2394,0x2394,0x2394,
  0x2394,0x2394,0x2394,0x2394,0x2bb4,0x6cf8,0xb67c,0xef7e,0xef9e,0xef9e,0xef9e,0xef9e,0xef9e,0xef9e,0xef9e,0xef9e,0xef9e,0xef9e,0xef9e,0xef9e,0xef7e,0xdf5e,0xd71d,0xd71d,
  0xd71d,0xd71d,0xdf5e,0xef7e,0xef9e,0xef9e,0xef9e,0xef9e,0xef9e,0xef9e,0xef9e,0xef9e,0xef9e,0xef9e,0xef9e,0xef9e,0xef7e,0xb67b,0x6cf8,0x2bb4,0x2394,0x2394,0x2394,0x2394,
  0x2394,0x2394,0x2394,0x2394,0x2394,0x2394,0x2394,0x2394,0x2394,0x2394,0x2394,0x2394,0x2394,0x2394,0x2394,0x2394,0x2394,0x2394,0x2394,0x2394,0x2394,0x2394,0x2394,0x2394,
  0x2394,0x2394,0x2394,0x2394,0x2394,0x2394,0x1af1,0x120c,0x120c,0x120c,0x120c,0x120c,0x968,0x0,0x0,0x0,0x0,0x0,0x0,0x0,0x0,0x0,0x0,0x0,
  0x0,0x0,0x0,0x0,0x0,0x0,0x0,0x0,0x0,0x0,0x0,0x968,0x120c,0x120c,0x120c,0x120c,0x120c,0x1af1,0x2394,0x2394,0x2394,0x2394,0x2394,0x2394,
  0x2394,0x2394,0x2394,0x2394,0x2394,0x2394,0x2394,0x2394,0x2394,0x2394,0x2394,0x2394,0x2394,0x2394,0x2394,0x2394,0x2394,0x2394,0x2394,0x2394,0x2394,0x2394,0x2394,0x2394,
  0x2394,0x2394,0x33d5,0x8579,0xd71d,0xef9e,0xef9e,0xef9e,0xef9e,0xef9e,0xef9e,0xef9e,0xef9e,0xef9e,0xd71d,0xae5b,0x8d99,0x6cf7,0x4c76,0x3bf5,0x2bb4,0x2394,0x2394,0x2394,
  0x2394,0x2394,0x2394,0x2bb4,0x3bf5,0x4c76,0x6cf7,0x8d99,0xae5b,0xd71d,0xef9e,0xef9e,0xef9e,0xef9e,0xef9e,0xef9e,0xef9e,0xef9e,0xef9e,0xd71d,0x8579,0x33d5,0x2394,0x2394,
  0x2394,0x2394,0x2394,0x2394,0x2394,0x2394,0x2394,0x2394,0x2394,0x2394,0x2394,0x2394,0x2394,0x2394,0x2394,0x2394,0x2394,0x2394,0x2394,0x2394,0x2394,0x2394,0x2394,0x2394,
  0x2394,0x2394,0x2394,0x2394,0x2394,0x2394,0x1af1,0x120c,0x120c,0x120c,0x120c,0x120c,0x968,0x0,0x0,0x0,0x0,0x0,0x0,0x0,0x0,0x0,0x0,0x0,
  0x0,0x0,0x0,0x0,0x0,0x0,0x0,0x0,0x0,0x0,0x0,0x968,0x120c,0x120c,0x120c,0x120c,0x120c,0x1af1,0x2394,0x2394,0x2394,0x2394,0x2394,0x2394,
  0x2394,0x2394,0x2394,0x2394,0x2394,0x2394,0x2394,0x2394,0x2394,0x2394,0x2394,0x2394,0x2394,0x2394,0x2394,0x2394,0x2394,0x2394,0x2394,0x2394,0x2394,0x2394,0x2394,0x2394,
  0x2bb4,0x8579,0xdf5d,0xef9e,0xef9e,0xef9e,0xef9e,0xef9e,0xef9e,0xef9e,0xdf5e,0xae3b,0x6d18,0x3c15,0x2394,0x2394,0x2394,0x2394,0x2394,0x2394,0x2394,0x2394,0x2394,0x2394,
  0x2394,0x2394,0x2394,0x2394,0x2394,0x2394,0x2394,0x2394,0x2394,0x2394,0x3c15,0x6d18,0xae3b,0xdf5e,0xef9e,0xef9e,0xef9e,0xef9e,0xef9e,0xef9e,0xef9e,0xdf5d,0x8579,0x2bb4,
  0x2394,0x2394,0x2394,0x2394,0x2394,0x2394,0x2394,0x2394,0x2394,0x2394,0x2394,0x2394,0x2394,0x2394,0x2394,0x2394,0x2394,0x2394,0x2394,0x2394,0x2394,0x2394,0x2394,0x2394,
  0x2394,0x2394,0x2394,0x2394,0x2394,0x2394,0x1af1,0x120c,0x120c,0x120c,0x120c,0x120c,0x968,0x0,0x0,0x0,0x0,0x0,0x0,0x0,0x0,0x0,0x0,0x0,
  0x0,0x0,0x0,0x0,0x0,0x0,0x0,0x0,0x0,0x0,0x0,0x968,0x120c,0x120c,0x120c,0x120c,0x120c,0x1af1,0x2394,0x2394,0x2394,0x2394,0x2394,0x2394,
  0x2394,0x2394,0x2394,0x2394,0x2394,0x2394,0x2394,0x2394,0x2394,0x2394,0x2394,0x2394,0x2394,0x2394,0x2394,0x2394,0x2394,0x2394,0x2394,0x2394,0x2394,0x2394,0x2394,0x6d18,
  0xd71d,0xef9e,0xef9e,0xef9e,0xef9e,0xef9e,0xef9e,0xe77e,0xae3b,0x5cb7,0x2bb4,0x2394,0x2394,0x2394,0x2394,0x2394,0x2394,0x2394,0x2394,0x2394,0x2394,0x2394,0x2394,0x2394,
  0x2394,0x2394,0x2394,0x2394,0x2394,0x2394,0x2394,0x2394,0x2394,0x2394,0x2394,0x2394,0x2394,0x2bb4,0x5cb7,0xae3b,0xe77e,0xef9e,0xef9e,0xef9e,0xef9e,0xef9e,0xef9e,0xd71d,
  0x6d18,0x2394,0x2394,0x2394,0x2394,0x2394,0x2394,0x2394,0x2394,0x2394,0x2394,0x2394,0x2394,0x2394,0x2394,0x2394,0x2394,0x2394,0x2394,0x2394,0x2394,0x2394,0x2394,0x2394,
  0x2394,0x2394,0x2394,0x2394,0x2394,0x2394,0x1af1,0x120c,0x120c,0x120c,0x120c,0x120c,0x968,0x0,0x0,0x0,0x0,0x0,0x0,0x0,0x0,0x0,0x0,0x0,
  0x0,0x0,0x0,0x0,0x0,0x0,0x0,0x0,0x0,0x0,0x0,0x968,0x120c,0x120c,0x120c,0x120c,0x120c,0x1af1,0x2394,0x2394,0x2394,0x2394,0x2394,0x2394,
  0x2394,0x2394,0x2394,0x2394,0x2394,0x2394,0x2394,0x2394,0x2394,0x2394,0x2394,0x2394,0x2394,0x2394,0x2394,0x2394,0x2394,0x2394,0x2394,0x2394,0x2394,0x4436,0xbe9c,0xef9e,
  0xef9e,0xef9e,0xef9e,0xef9e,0xef9e,0xd71d,0x8579,0x33d5,0x2394,0x2394,0x2394,0x2394,0x2394,0x2394,0x2394,0x2394,0x2394,0x2394,0x2394,0x2394,0x2394,0x2394,0x2394,0x2394,
  0x2394,0x2394,0x2394,0x2394,0x2394,0x2394,0x2394,0x2394,0x2394,0x2394,0x2394,0x2394,0x2394,0x2394,0x2394,0x2394,0x33d5,0x8579,0xd71d,0xef9e,0xef9e,0xef9e,0xef9e,0xef9e,
  0xef9e,0xbe9c,0x4436,0x2394,0x2394,0x2394,0x2394,0x2394,0x2394,0x2394,0x2394,0x2394,0x2394,0x2394,0x2394,0x2394,0x2394,0x2394,0x2394,0x2394,0x2394,0x2394,0x2394,0x2394,
  0x2394,0x2394,0x2394,0x2394,0x2394,0x2394,0x1af1,0x120c,0x120c,0x120c,0x120c,0x120c,0x968,0x0,0x0,0x0,0x0,0x0,0x0,0x0,0x0,0x0,0x0,0x0,
  0x0,0x0,0x0,0x0,0x0,0x0,0x0,0x0,0x0,0x0,0x0,0x968,0x120c,0x120c,0x120c,0x120c,0x120c,0x1af1,0x2394,0x2394,0x2394,0x2394,0x2394,0x2394,
  0x2394,0x2394,0x2394,0x2394,0x2394,0x2394,0x2394,0x2394,0x2394,0x2394,0x2394,0x2394,0x2394,0x2394,0x2394,0x2394,0x2394,0x2394,0x2394,0x2394,0x7d58,0xe77e,0xef9e,0xef9e,
  0xef9e,0xef9e,0xef9e,0xd71d,0x6d18,0x2bb4,0x2394,0x2394,0x2394,0x2394,0x2394,0x2394,0x2394,0x2394,0x2394,0x2394,0x2394,0x2394,0x2394,0x2394,0x2394,0x2394,0x2394,0x2394,
  0x2394,0x2394,0x2394,0x2394,0x2394,0x2394,0x2394,0x2394,0x2394,0x2394,0x2394,0x2394,0x2394,0x2394,0x2394,0x2394,0x2394,0x2394,0x2bb4,0x6d18,0xd71d,0xef9e,0xef9e,0xef9e,
  0xef9e,0xef9e,0xe77e,0x7d58,0x2394,0x2394,0x2394,0x2394,0x2394,0x2394,0x2394,0x2394,0x2394,0x2394,0x2394,0x2394,0x2394,0x2394,0x2394,0x2394,0x2394,0x2394,0x2394,0x2394,
  0x2394,0x2394,0x2394,0x2394,0x2394,0x2394,0x1af1,0x120c,0x120c,0x120c,0x120c,0x120c,0x968,0x0,0x0,0x0,0x0,0x0,0x0,0x0,0x0,0x0,0x0,0x0,
  0x0,0x0,0x0,0x0,0x0,0x0,0x0,0x0,0x0,0x0,0x0,0x968,0x120c,0x120c,0x120c,0x120c,0x120c,0x1af1,0x2394,0x2394,0x2394,0x2394,0x2394,0x2394,
  0x2394,0x2394,0x2394,0x2394,0x2394,0x2394,0x2394,0x2394,0x2394,0x2394,0x2394,0x2394,0x2394,0x2394,0x2394,0x2394,0x2394,0x2394,0x33f5,0xb67b,0xef9e,0xef9e,0xef9e,0xef9e,
  0xef9e,0xdf3d,0x7d58,0x2bb4,0x2394,0x2394,0x2394,0x2394,0x2394,0x2394,0x2394,0x2394,0x2394,0x2394,0x2394,0x2394,0x2394,0x2394,0x2394,0x2394,0x2394,0x2394,0x2394,0x2394,
  0x2394,0x2394,0x2394,0x2394,0x2394,0x2394,0x2394,0x2394,0x2394,0x2394,0x2394,0x2394,0x2394,0x2394,0x2394,0x2394,0x2394,0x2394,0x2394,0x2394,0x2bb4,0x7d58,0xdf3d,0xef9e,
  0xef9e,0xef9e,0xef9e,0xef9e,0xb67b,0x33f5,0x2394,0x2394,0x2394,0x2394,0x2394,0x2394,0x2394,0x2394,0x2394,0x2394,0x2394,0x2394,0x2394,0x2394,0x2394,0x2394,0x2394,0x2394,
  0x2394,0x2394,0x2394,0x2394,0x2394,0x2394,0x1af1,0x120c,0x120c,0x120c,0x120c,0x120c,0x968,0x0,0x0,0x0,0x0,0x0,0x0,0x0,0x0,0x0,0x0,0x0,
  0x0,0x0,0x0,0x0,0x0,0x0,0x0,0x0,0x0,0x0,0x0,0x968,0x120c,0x120c,0x120c,0x120c,0x120c,0x1af1,0x2394,0x2394,0x2394,0x2394,0x2394,0x2394,
  0x2394,0x2394,0x2394,0x2394,0x2394,0x2394,0x2394,0x2394,0x2394,0x2394,0x2394,0x2394,0x2394,0x2394,0x2394,0x2394,0x2394,0x4c56,0xd71d,0xef9e,0xef9e,0xef9e,0xef9e,0xef7e,
  0x9dfa,0x33d5,0x2394,0x2394,0x2394,0x2394,0x2394,0x2394,0x2394,0x2394,0x2394,0x2394,0x2394,0x2394,0x2394,0x2394,0x2394,0x2394,0x2394,0x2394,0x2394,0x2394,0x2394,0x2394,
  0x2394,0x2394,0x2394,0x2394,0x2394,0x2394,0x2394,0x2394,0x2394,0x2394,0x2394,0x2394,0x2394,0x2394,0x2394,0x2394,0x2394,0x2394,0x2394,0x2394,0x2394,0x2394,0x33d5,0x9dfa,
  0xef7e,0xef9e,0xef9e,0xef9e,0xef9e,0xd71d,0x4c56,0x2394,0x2394,0x2394,0x2394,0x2394,0x2394,0x2394,0x2394,0x2394,0x2394,0x2394,0x2394,0x2394,0x2394,0x2394,0x2394,0x2394,
  0x2394,0x2394,0x2394,0x2394,0x2394,0x2394,0x1af1,0x120c,0x120c,0x120c,0x120c,0x120c,0x968,0x0,0x0,0x0,0x0,0x0,0x0,0x0,0x0,0x0,0x0,0x0,
  0x0,0x0,0x0,0x0,0x0,0x0,0x0,0x0,0x0,0x0,0x0,0x968,0x120c,0x120c,0x120c,0x120c,0x120c,0x1af1,0x2394,0x2394,0x2394,0x2394,0x2394,0x2394,
  0x2394,0x2394,0x2394,0x2394,0x2394,0x2394,0x2394,0x2394,0x2394,0x2394,0x2394,0x2394,0x2394,0x2394,0x2394,0x2394,0x6cf8,0xe75e,0xef9e,0xef9e,0xef9e,0xef9e,0xd71d,0x5496,
  0x2394,0x2394,0x2394,0x2394,0x2394,0x2394,0x2394,0x2394,0x2394,0x2394,0x2394,0x2394,0x2394,0x2394,0x2394,0x2394,0x2394,0x2394,0x2394,0x2394,0x2394,0x2394,0x2394,0x2394,
  0x2394,0x2394,0x2394,0x2394,0x2394,0x2394,0x2394,0x2394,0x2394,0x2394,0x2394,0x2394,0x2394,0x2394,0x2394,0x2394,0x2394,0x2394,0x2394,0x2394,0x2394,0x2394,0x2394,0x2394,
  0x5496,0xd71d,0xef9e,0xef9e,0xef9e,0xef9e,0xe75e,0x6cf8,0x2394,0x2394,0x2394,0x2394,0x2394,0x2394,0x2394,0x2394,0x2394,0x2394,0x2394,0x2394,0x2394,0x2394,0x2394,0x2394,
  0x2394,0x2394,0x2394,0x2394,0x2394,0x2394,0x1af1,0x120c,0x120c,0x120c,0x120c,0x120c,0x968,0x0,0x0,0x0,0x0,0x0,0x0,0x0,0x0,0x0,0x0,0x0,
  0x0,0x0,0x0,0x0,0x0,0x0,0x0,0x0,0x0,0x0,0x0,0x968,0x120c,0x120c,0x120c,0x120c,0x120c,0x1af1,0x2394,0x2394,0x2394,0x2394,0x2394,0x2394,
  0x2394,0x2394,0x2394,0x2394,0x2394,0x2394,0x2394,0x2394,0x2394,0x2394,0x2394,0x2394,0x2394,0x2394,0x2394,0x7d59,0xef7e,0xef9e,0xef9e,0xef9e,0xef9e,0xa61b,0x2bd4,0x2394,
  0x2394,0x2394,0x2394,0x2394,0x2394,0x2394,0x2394,0x2394,0x2394,0x2394,0x2394,0x2394,0x2394,0x2394,0x2394,0x2394,0x2394,0x2394,0x3bf5,0x5c97,0x6cf8,0x7d59,0x8d99,0x95b9,
  0x95b9,0x8d99,0x7d59,0x6cf8,0x5c97,0x3bf5,0x2394,0x2394,0x2394,0x2394,0x2394,0x2394,0x2394,0x2394,0x2394,0x2394,0x2394,0x2394,0x2394,0x2394,0x2394,0x2394,0x2394,0x2394,
  0x2394,0x2bd4,0xa61b,0xef9e,0xef9e,0xef9e,0xef9e,0xef7e,0x7d59,0x2394,0x2394,0x2394,0x2394,0x2394,0x2394,0x2394,0x2394,0x2394,0x2394,0x2394,0x2394,0x2394,0x2394,0x2394,
  0x2394,0x2394,0x2394,0x2394,0x2394,0x2394,0x1af1,0x120c,0x120c,0x120c,0x120c,0x120c,0x968,0x0,0x0,0x0,0x0,0x0,0x0,0x0,0x0,0x0,0x0,0x0,
  0x0,0x0,0x0,0x0,0x0,0x0,0x0,0x0,0x0,0x0,0x0,0x968,0x120c,0x120c,0x120c,0x120c,0x120c,0x1af1,0x2394,0x2394,0x2394,0x2394,0x2394,0x2394,
  0x2394,0x2394,0x2394,0x2394,0x2394,0x2394,0x2394,0x2394,0x2394,0x2394,0x2394,0x2394,0x2394,0x2394,0x8d99,0xef9e,0xef9e,0xef9e,0xef9e,0xe77e,0x7538,0x2394,0x2394,0x2394,
  0x2394,0x2394,0x2394,0x2394,0x2394,0x2394,0x2394,0x2394,0x2394,0x2394,0x2394,0x2394,0x2394,0x2394,0x5497,0x8d99,0xb67c,0xdf5e,0xef9e,0xef9e,0xef9e,0xef9e,0xef9e,0xef9e,
  0xef9e,0xef9e,0xef9e,0xef9e,0xef9e,0xef9e,0xdf5e,0xb67c,0x8d99,0x5497,0x2394,0x2394,0x2394,0x2394,0x2394,0x2394,0x2394,0x2394,0x2394,0x2394,0x2394,0x2394,0x2394,0x2394,
  0x2394,0x2394,0x2394,0x7538,0xe77e,0xef9e,0xef9e,0xef9e,0xef9e,0x8d99,0x2394,0x2394,0x2394,0x2394,0x2394,0x2394,0x2394,0x2394,0x2394,0x2394,0x2394,0x2394,0x2394,0x2394,
  0x2394,0x2394,0x2394,0x2394,0x2394,0x2394,0x1af1,0x120c,0x120c,0x120c,0x120c,0x120c,0x968,0x0,0x0,0x0,0x0,0x0,0x0,0x0,0x0,0x0,0x0,0x0,
  0x0,0x0,0x0,0x0,0x0,0x0,0x0,0x0,0x0,0x0,0x0,0x968,0x120c,0x120c,0x120c,0x120c,0x120c,0x1af1,0x2394,0x2394,0x2394,0x2394,0x2394,0x2394,
  0x2394,0x2394,0x2394,0x2394,0x2394,0x2394,0x2394,0x2394,0x2394,0x2394,0x2394,0x2394,0x2394,0x8db9,0xef9e,0xef9e,0xef9e,0xef9e,0xdf3d,0x5496,0x2394,0x2394,0x2394,0x2394,
  0x2394,0x2394,0x2394,0x2394,0x2394,0x2394,0x2394,0x2394,0x2394,0x2394,0x2394,0x5cb7,0xa61a,0xdf5d,0xef9e,0xef9e,0xef9e,0xef9e,0xef9e,0xef9e,0xef9e,0xef9e,0xef9e,0xef9e,
  0xef9e,0xef9e,0xef9e,0xef9e,0xef9e,0xef9e,0xef9e,0xef9e,0xef9e,0xef9e,0xdf5d,0xa61a,0x5cb7,0x2394,0x2394,0x2394,0x2394,0x2394,0x2394,0x2394,0x2394,0x2394,0x2394,0x2394,
  0x2394,0x2394,0x2394,0x2394,0x5496,0xdf3d,0xef9e,0xef9e,0xef9e,0xef9e,0x8db9,0x2394,0x2394,0x2394,0x2394,0x2394,0x2394,0x2394,0x2394,0x2394,0x2394,0x2394,0x2394,0x2394,
  0x2394,0x2394,0x2394,0x2394,0x2394,0x2394,0x1af1,0x120c,0x120c,0x120c,0x120c,0x120c,0x968,0x0,0x0,0x0,0x0,0x0,0x0,0x0,0x0,0x0,0x0,0x0,
  0x0,0x0,0x0,0x0,0x0,0x0,0x0,0x0,0x0,0x0,0x0,0x968,0x120c,0x120c,0x120c,0x120c,0x120c,0x1af1,0x2394,0x2394,0x2394,0x2394,0x2394,0x2394,
  0x2394,0x2394,0x2394,0x2394,0x2394,0x2394,0x2394,0x2394,0x2394,0x2394,0x2394,0x2394,0x8579,0xef9e,0xef9e,0xef9e,0xef9e,0xd71d,0x4435,0x2394,0x2394,0x2394,0x2394,0x2394,
  0x2394,0x2394,0x2394,0x2394,0x2394,0x2394,0x2394,0x2394,0x33d5,0x8579,0xd71d,0xef9e,0xef9e,0xef9e,0xef9e,0xef9e,0xef9e,0xef9e,0xef9e,0xef9e,0xef9e,0xef9e,0xef9e,0xef9e,
  0xef9e,0xef9e,0xef9e,0xef9e,0xef9e,0xef9e,0xef9e,0xef9e,0xef9e,0xef9e,0xef9e,0xef9e,0xef9e,0xd71d,0x8579,0x33d5,0x2394,0x2394,0x2394,0x2394,0x2394,0x2394,0x2394,0x2394,
  0x2394,0x2394,0x2394,0x2394,0x2394,0x4435,0xd71d,0xef9e,0xef9e,0xef9e,0xef9e,0x8579,0x2394,0x2394,0x2394,0x2394,0x2394,0x2394,0x2394,0x2394,0x2394,0x2394,0x2394,0x2394,
  0x2394,0x2394,0x2394,0x2394,0x2394,0x2394,0x1af1,0x120c,0x120c,0x120c,0x120c,0x120c,0x968,0x0,0x0,0x0,0x0,0x0,0x0,0x0,0x0,0x0,0x0,0x0,
  0x0,0x0,0x0,0x0,0x0,0x0,0x0,0x0,0x0,0x0,0x0,0x968,0x120c,0x120c,0x120c,0x120c,0x120c,0x1af1,0x2394,0x2394,0x2394,0x2394,0x2394,0x2394,
  0x2394,0x2394,0x2394,0x2394,0x2394,0x2394,0x2394,0x2394,0x2394,0x2394,0x2394,0x7518,0xef7e,0xef9e,0xef9e,0xef9e,0xcefd,0x3bf5,0x2394,0x2394,0x2394,0x2394,0x2394,0x2394,
  0x2394,0x2394,0x2394,0x2394,0x2394,0x2394,0x33d5,0x8d99,0xe75e,0xef9e,0xef9e,0xef9e,0xef9e,0xef9e,0xef9e,0xef9e,0xef9e,0xe77e,0xcedd,0xae3b,0x95da,0x8579,0x7538,0x6d18,
  0x6d18,0x7538,0x8579,0x95da,0xae3b,0xcedd,0xe77e,0xef9e,0xef9e,0xef9e,0xef9e,0xef9e,0xef9e,0xef9e,0xef9e,0xe75e,0x8d99,0x33d5,0x2394,0x2394,0x2394,0x2394,0x2394,0x2394,
  0x2394,0x2394,0x2394,0x2394,0x2394,0x2394,0x3bf5,0xcefd,0xef9e,0xef9e,0xef9e,0xef7e,0x7518,0x2394,0x2394,0x2394,0x2394,0x2394,0x2394,0x2394,0x2394,0x2394,0x2394,0x2394,
  0x2394,0x2394,0x2394,0x2394,0x2394,0x2394,0x1af1,0x120c,0x120c,0x120c,0x120c,0x120c,0x968,0x0,0x0,0x0,0x0,0x0,0x0,0x0,0x0,0x0,0x0,0x0,
  0x0,0x0,0x0,0x0,0x0,0x0,0x0,0x0,0x0,0x0,0x0,0x968,0x120c,0x120c,0x120c,0x120c,0x120c,0x1af1,0x2394,0x2394,0x2394,0x2394,0x2394,0x2394,
  0x2394,0x2394,0x2394,0x2394,0x2394,0x2394,0x2394,0x2394,0x2394,0x2394,0x5496,0xe77e,0xef9e,0xef9e,0xef9e,0xd71d,0x3bf5,0x2394,0x2394,0x2394,0x2394,0x2394,0x2394,0x2394,
  0x2394,0x2394,0x2394,0x2394,0x2394,0x7538,0xdf3d,0xef9e,0xef9e,0xef9e,0xef9e,0xef9e,0xef9e,0xef7e,0xc6bc,0x8d99,0x5496,0x2bb4,0x2394,0x2394,0x2394,0x2394,0x2394,0x2394,
  0x2394,0x2394,0x2394,0x2394,0x2394,0x2394,0x2bb4,0x5497,0x8d99,0xc6bc,0xef7e,0xef9e,0xef9e,0xef9e,0xef9e,0xef9e,0xef9e,0xdf3d,0x7538,0x2394,0x2394,0x2394,0x2394,0x2394,
  0x2394,0x2394,0x2394,0x2394,0x2394,0x2394,0x2394,0x3bf5,0xd71d,0xef9e,0xef9e,0xef9e,0xe77e,0x5496,0x2394,0x2394,0x2394,0x2394,0x2394,0x2394,0x2394,0x2394,0x2394,0x2394,
  0x2394,0x2394,0x2394,0x2394,0x2394,0x2394,0x1af1,0x120c,0x120c,0x120c,0x120c,0x120c,0x968,0x0,0x0,0x0,0x0,0x0,0x0,0x0,0x0,0x0,0x0,0x0,
  0x0,0x0,0x0,0x0,0x0,0x0,0x0,0x0,0x0,0x0,0x0,0x968,0x120c,0x120c,0x120c,0x120c,0x120c,0x1af1,0x2394,0x2394,0x2394,0x2394,0x2394,0x2394,
  0x2394,0x2394,0x2394,0x2394,0x2394,0x2394,0x2394,0x2394,0x2394,0x3c15,0xdf3d,0xef9e,0xef9e,0xef9e,0xd71d,0x3c15,0x2394,0x2394,0x2394,0x2394,0x2394,0x2394,0x2394,0x2394,
  0x2394,0x2394,0x2394,0x4435,0xbe9c,0xef9e,0xef9e,0xef9e,0xef9e,0xef9e,0xef9e,0xd71d,0x8d99,0x3c15,0x2394,0x2394,0x2394,0x2394,0x2394,0x2394,0x2394,0x2394,0x2394,0x2394,
  0x2394,0x2394,0x2394,0x2394,0x2394,0x2394,0x2394,0x2394,0x2394,0x2394,0x3c15,0x8d99,0xd71d,0xef9e,0xef9e,0xef9e,0xef9e,0xef9e,0xef9e,0xbe9c,0x4435,0x2394,0x2394,0x2394,
  0x2394,0x2394,0x2394,0x2394,0x2394,0x2394,0x2394,0x2394,0x3c15,0xd71d,0xef9e,0xef9e,0xef9e,0xdf3d,0x3c15,0x2394,0x2394,0x2394,0x2394,0x2394,0x2394,0x2394,0x2394,0x2394,
  0x2394,0x2394,0x2394,0x2394,0x2394,0x2394,0x1af1,0x120c,0x120c,0x120c,0x120c,0x120c,0x968,0x0,0x0,0x0,0x0,0x0,0x0,0x0,0x0,0x0,0x0,0x0,
  0x0,0x0,0x0,0x0,0x0,0x0,0x0,0x0,0x0,0x0,0x0,0x968,0x120c,0x120c,0x120c,0x120c,0x120c,0x1af1,0x2394,0x2394,0x2394,0x2394,0x2394,0x2394,
  0x2394,0x2394,0x2394,0x2394,0x2394,0x2394,0x2394,0x2394,0x2b94,0xc6bc,0xef9e,0xef9e,0xef9e,0xe75e,0x4c56,0x2394,0x2394,0x2394,0x2394,0x2394,0x2394,0x2394,0x2394,0x2394,
  0x2394,0x2394,0x6d18,0xe75e,0xef9e,0xef9e,0xef9e,0xef9e,0xef9e,0xcefd,0x6cf8,0x2b94,0x2394,0x2394,0x2394,0x2394,0x2394,0x2394,0x2394,0x2394,0x2394,0x2394,0x2394,0x2394,
  0x2394,0x2394,0x2394,0x2394,0x2394,0x2394,0x2394,0x2394,0x2394,0x2394,0x2394,0x2394,0x2b94,0x6cf8,0xcefd,0xef9e,0xef9e,0xef9e,0xef9e,0xef9e,0xe75e,0x6d18,0x2394,0x2394,
  0x2394,0x2394,0x2394,0x2394,0x2394,0x2394,0x2394,0x2394,0x2394,0x4c56,0xe75e,0xef9e,0xef9e,0xef9e,0xc6bc,0x2b94,0x2394,0x2394,0x2394,0x2394,0x2394,0x2394,0x2394,0x2394,
  0x2394,0x2394,0x2394,0x2394,0x2394,0x2394,0x1af1,0x120c,0x120c,0x120c,0x120c,0x120c,0x968,0x0,0x0,0x0,0x0,0x0,0x0,0x0,0x0,0x0,0x0,0x0,
  0x0,0x0,0x0,0x0,0x0,0x0,0x0,0x0,0x0,0x0,0x0,0x968,0x120c,0x120c,0x120c,0x120c,0x120c,0x1af1,0x2394,0x2394,0x2394,0x2394,0x2394,0x2394,
  0x2394,0x2394,0x2394,0x2394,0x2394,0x2394,0x2394,0x2394,0x8db9,0xef9e,0xef9e,0xef9e,0xef7e,0x6cf8,0x2394,0x2394,0x2394,0x2394,0x2394,0x2394,0x2394,0x2394,0x2394,0x2394,
  0x2b94,0x9dfa,0xef9e,0xef9e,0xef9e,0xef9e,0xef9e,0xd73d,0x7518,0x2394,0x2394,0x2394,0x2394,0x2394,0x2394,0x2394,0x2394,0x2394,0x2394,0x2394,0x2394,0x2394,0x2394,0x2394,
  0x2394,0x2394,0x2394,0x2394,0x2394,0x2394,0x2394,0x2394,0x2394,0x2394,0x2394,0x2394,0x2394,0x2394,0x2394,0x7518,0xd73d,0xef9e,0xef9e,0xef9e,0xef9e,0xef9e,0x9dfa,0x2b94,
  0x2394,0x2394,0x2394,0x2394,0x2394,0x2394,0x2394,0x2394,0x2394,0x2394,0x6cf8,0xef7e,0xef9e,0xef9e,0xef9e,0x8db9,0x2394,0x2394,0x2394,0x2394,0x2394,0x2394,0x2394,0x2394,
  0x2394,0x2394,0x2394,0x2394,0x2394,0x2394,0x1af1,0x120c,0x120c,0x120c,0x120c,0x120c,0x968,0x0,0x0,0x0,0x0,0x0,0x0,0x0,0x0,0x0,0x0,0x0,
  0x0,0x0,0x0,0x0,0x0,0x0,0x0,0x0,0x0,0x0,0x0,0x968,0x120c,0x120c,0x120c,0x120c,0x120c,0x1af1,0x2394,0x2394,0x2394,0x2394,0x2394,0x2394,
  0x2394,0x2394,0x2394,0x2394,0x2394,0x2394,0x2394,0x5496,0xef7e,0xef9e,0xef9e,0xef9e,0x95da,0x2394,0x2394,0x2394,0x2394,0x2394,0x2394,0x2394,0x2394,0x2394,0x2394,0x2bb4,
  0xb67c,0xef9e,0xef9e,0xef9e,0xef9e,0xef7e,0x9dfa,0x33d5,0x2394,0x2394,0x2394,0x2394,0x2394,0x2394,0x2394,0x2394,0x2394,0x2394,0x2394,0x2394,0x2394,0x2394,0x2394,0x2394,
  0x2394,0x2394,0x2394,0x2394,0x2394,0x2394,0x2394,0x2394,0x2394,0x2394,0x2394,0x2394,0x2394,0x2394,0x2394,0x2394,0x33d5,0x9dfa,0xef7e,0xef9e,0xef9e,0xef9e,0xef9e,0xb67c,
  0x2bb4,0x2394,0x2394,0x2394,0x2394,0x2394,0x2394,0x2394,0x2394,0x2394,0x2394,0x95da,0xef9e,0xef9e,0xef9e,0xef7e,0x5496,0x2394,0x2394,0x2394,0x2394,0x2394,0x2394,0x2394,
  0x2394,0x2394,0x2394,0x2394,0x2394,0x2394,0x1af1,0x120c,0x120c,0x120c,0x120c,0x120c,0x968,0x0,0x0,0x0,0x0,0x0,0x0,0x0,0x0,0x0,0x0,0x0,
  0x0,0x0,0x0,0x0,0x0,0x0,0x0,0x0,0x0,0x0,0x0,0x968,0x120c,0x120c,0x120c,0x120c,0x120c,0x1af1,0x2394,0x2394,0x2394,0x2394,0x2394,0x2394,
  0x2394,0x2394,0x2394,0x2394,0x2394,0x2394,0x2bb4,0xcefd,0xef9e,0xef9e,0xef9e,0xc6dc,0x2bb4,0x2394,0x2394,0x2394,0x2394,0x2394,0x2394,0x2394,0x2394,0x2394,0x33d5,0xc6bc,
  0xef9e,0xef9e,0xef9e,0xef9e,0xd71d,0x5cb7,0x2394,0x2394,0x2394,0x2394,0x2394,0x2394,0x2394,0x2394,0x2394,0x2394,0x2394,0x2394,0x2394,0x2394,0x2394,0x2394,0x2394,0x2394,
  0x2394,0x2394,0x2394,0x2394,0x2394,0x2394,0x2394,0x2394,0x2394,0x2394,0x2394,0x2394,0x2394,0x2394,0x2394,0x2394,0x2394,0x2394,0x5cb7,0xd71d,0xef9e,0xef9e,0xef9e,0xef9e,
  0xc6bc,0x33d5,0x2394,0x2394,0x2394,0x2394,0x2394,0x2394,0x2394,0x2394,0x2394,0x2bb4,0xc6dc,0xef9e,0xef9e,0xef9e,0xcefd,0x2bb4,0x2394,0x2394,0x2394,0x2394,0x2394,0x2394,
  0x2394,0x2394,0x2394,0x2394,0x2394,0x2394,0x1af1,0x120c,0x120c,0x120c,0x120c,0x120c,0x968,0x0,0x0,0x0,0x0,0x0,0x0,0x0,0x0,0x0,0x0,0x0,
  0x0,0x0,0x0,0x0,0x0,0x0,0x0,0x0,0x0,0x0,0x0,0x968,0x120c,0x120c,0x120c,0x120c,0x120c,0x1af1,0x2394,0x2394,0x2394,0x2394,0x2394,0x2394,
  0x2394,0x2394,0x2394,0x2394,0x2394,0x2394,0x8579,0xef9e,0xef9e,0xef9e,0xe77e,0x4436,0x2394,0x2394,0x2394,0x2394,0x2394,0x2394,0x2394,0x2394,0x2394,0x2bd4,0xc6bc,0xef9e,
  0xef9e,0xef9e,0xef9e,0xbe9c,0x33f5,0x2394,0x2394,0x2394,0x2394,0x2394,0x2394,0x2394,0x2394,0x2394,0x2394,0x2394,0x2394,0x2394,0x2394,0x2394,0x2394,0x2394,0x2394,0x2394,
  0x2394,0x2394,0x2394,0x2394,0x2394,0x2394,0x2394,0x2394,0x2394,0x2394,0x2394,0x2394,0x2394,0x2394,0x2394,0x2394,0x2394,0x2394,0x2394,0x33f5,0xbebc,0xef9e,0xef9e,0xef9e,
  0xef9e,0xc6bc,0x2bd4,0x2394,0x2394,0x2394,0x2394,0x2394,0x2394,0x2394,0x2394,0x2394,0x4436,0xe77e,0xef9e,0xef9e,0xef9e,0x8579,0x2394,0x2394,0x2394,0x2394,0x2394,0x2394,
  0x2394,0x2394,0x2394,0x2394,0x2394,0x2394,0x1af1,0x120c,0x120c,0x120c,0x120c,0x120c,0x968,0x0,0x0,0x0,0x0,0x0,0x0,0x0,0x0,0x0,0x0,0x0,
  0x0,0x0,0x0,0x0,0x0,0x0,0x0,0x0,0x0,0x0,0x0,0x968,0x120c,0x120c,0x120c,0x120c,0x120c,0x1af1,0x2394,0x2394,0x2394,0x2394,0x2394,0x2394,
  0x2394,0x2394,0x2394,0x2394,0x2394,0x2394,0x64d7,0xd71d,0xef9e,0xef9e,0x8599,0x2394,0x2394,0x2394,0x2394,0x2394,0x2394,0x2394,0x2394,0x2394,0x2bb4,0xbe9c,0xef9e,0xef9e,
  0xef9e,0xef9e,0xa63b,0x2bb4,0x2394,0x2394,0x2394,0x2394,0x2394,0x2394,0x2394,0x2394,0x2394,0x2394,0x2394,0x2394,0x2394,0x2394,0x2394,0x2394,0x2394,0x2394,0x2394,0x2bb4,
  0x2bb4,0x2394,0x2394,0x2394,0x2394,0x2394,0x2394,0x2394,0x2394,0x2394,0x2394,0x2394,0x2394,0x2394,0x2394,0x2394,0x2394,0x2394,0x2394,0x2394,0x2bb4,0xae3b,0xef9e,0xef9e,
  0xef9e,0xef9e,0xbe9c,0x2bb4,0x2394,0x2394,0x2394,0x2394,0x2394,0x2394,0x2394,0x2394,0x2394,0x8599,0xef9e,0xef9e,0xd71d,0x64d7,0x2394,0x2394,0x2394,0x2394,0x2394,0x2394,
  0x2394,0x2394,0x2394,0x2394,0x2394,0x2394,0x1af1,0x120c,0x120c,0x120c,0x120c,0x120c,0x968,0x0,0x0,0x0,0x0,0x0,0x0,0x0,0x0,0x0,0x0,0x0,
  0x0,0x0,0x0,0x0,0x0,0x0,0x0,0x0,0x0,0x0,0x0,0x968,0x120c,0x120c,0x120c,0x120c,0x120c,0x1af1,0x2394,0x2394,0x2394,0x2394,0x2394,0x2394,
  0x2394,0x2394,0x2394,0x2394,0x2394,0x2394,0x2394,0x2bb4,0x8599,0xc6dc,0x2bb4,0x2394,0x2394,0x2394,0x2394,0x2394,0x2394,0x2394,0x2394,0x2394,0xa61a,0xef9e,0xef9e,0xef9e,
  0xef9e,0x9dfa,0x2394,0x2394,0x2394,0x2394,0x2394,0x2394,0x2394,0x2394,0x2394,0x2394,0x2394,0x2394,0x2394,0x2394,0x2394,0x3c15,0x7518,0x9dfa,0xc6bc,0xdf3d,0xef7e,0xef9e,
  0xef9e,0xef7e,0xdf3d,0xc6bc,0x9dfa,0x7518,0x3c15,0x2394,0x2394,0x2394,0x2394,0x2394,0x2394,0x2394,0x2394,0x2394,0x2394,0x2394,0x2394,0x2394,0x2394,0x2394,0x9dfa,0xef9e,
  0xef9e,0xef9e,0xef9e,0xa61a,0x2394,0x2394,0x2394,0x2394,0x2394,0x2394,0x2394,0x2394,0x2394,0x2bb4,0xc6dc,0x8599,0x2bb4,0x2394,0x2394,0x2394,0x2394,0x2394,0x2394,0x2394,
  0x2394,0x2394,0x2394,0x2394,0x2394,0x2394,0x1af1,0x120c,0x120c,0x120c,0x120c,0x120c,0x968,0x0,0x0,0x0,0x0,0x0,0x0,0x0,0x0,0x0,0x0,0x0,
  0x0,0x0,0x0,0x0,0x0,0x0,0x0,0x0,0x0,0x0,0x0,0x968,0x120c,0x120c,0x120c,0x120c,0x120c,0x1af1,0x2394,0x2394,0x2394,0x2394,0x2394,0x2394,
  0x2394,0x2394,0x2394,0x2394,0x2394,0x2394,0x2394,0x2394,0x2394,0x2394,0x2394,0x2394,0x2394,0x2394,0x2394,0x2394,0x2394,0x2394,0x2394,0x7d59,0xef9e,0xef9e,0xef9e,0xef9e,
  0xa61b,0x2394,0x2394,0x2394,0x2394,0x2394,0x2394,0x2394,0x2394,0x2394,0x2394,0x2394,0x2394,0x2394,0x33d5,0x7d58,0xc6dc,0xef7e,0xef9e,0xef9e,0xef9e,0xef9e,0xef9e,0xef9e,
  0xef9e,0xef9e,0xef9e,0xef9e,0xef9e,0xef9e,0xef7e,0xc6dc,0x7d58,0x33d5,0x2394,0x2394,0x2394,0x2394,0x2394,0x2394,0x2394,0x2394,0x2394,0x2394,0x2394,0x2394,0x2394,0xa61b,
  0xef9e,0xef9e,0xef9e,0xef9e,0x7d59,0x2394,0x2394,0x2394,0x2394,0x2394,0x2394,0x2394,0x2394,0x2394,0x2394,0x2394,0x2394,0x2394,0x2394,0x2394,0x2394,0x2394,0x2394,0x2394,
  0x2394,0x2394,0x2394,0x2394,0x2394,0x2394,0x1af1,0x120c,0x120c,0x120c,0x120c,0x120c,0x968,0x0,0x0,0x0,0x0,0x0,0x0,0x0,0x0,0x0,0x0,0x0,
  0x0,0x0,0x0,0x0,0x0,0x0,0x0,0x0,0x0,0x0,0x0,0x968,0x120c,0x120c,0x120c,0x120c,0x120c,0x1af1,0x2394,0x2394,0x2394,0x2394,0x2394,0x2394,
  0x2394,0x2394,0x2394,0x2394,0x2394,0x2394,0x2394,0x2394,0x2394,0x2394,0x2394,0x2394,0x2394,0x2394,0x2394,0x2394,0x2394,0x2394,0x4c56,0xe77e,0xef9e,0xef9e,0xef9e,0xb67b,
  0x2394,0x2394,0x2394,0x2394,0x2394,0x2394,0x2394,0x2394,0x2394,0x2394,0x2394,0x2394,0x33f5,0x95da,0xe75e,0xef9e,0xef9e,0xef9e,0xef9e,0xef9e,0xef9e,0xef9e,0xef9e,0xef9e,
  0xef9e,0xef9e,0xef9e,0xef9e,0xef9e,0xef9e,0xef9e,0xef9e,0xef9e,0xe75e,0x95da,0x33f5,0x2394,0x2394,0x2394,0x2394,0x2394,0x2394,0x2394,0x2394,0x2394,0x2394,0x2394,0x2394,
  0xb67b,0xef9e,0xef9e,0xef9e,0xe77e,0x4c56,0x2394,0x2394,0x2394,0x2394,0x2394,0x2394,0x2394,0x2394,0x2394,0x2394,0x2394,0x2394,0x2394,0x2394,0x2394,0x2394,0x2394,0x2394,
  0x2394,0x2394,0x2394,0x2394,0x2394,0x2394,0x1af1,0x120c,0x120c,0x120c,0x120c,0x120c,0x968,0x0,0x0,0x0,0x0,0x0,0x0,0x0,0x0,0x0,0x0,0x0,
  0x0,0x0,0x0,0x0,0x0,0x0,0x0,0x0,0x0,0x0,0x0,0x968,0x120c,0x120c,0x120c,0x120c,0x120c,0x1af1,0x2394,0x2394,0x2394,0x2394,0x2394,0x2394,
  0x2394,0x2394,0x2394,0x2394,0x2394,0x2394,0x2394,0x2394,0x2394,0x2394,0x2394,0x2394,0x2394,0x2394,0x2394,0x2394,0x2394,0x2bb4,0xcefd,0xef9e,0xef9e,0xef9e,0xcefd,0x33d5,
  0x2394,0x2394,0x2394,0x2394,0x2394,0x2394,0x2394,0x2394,0x2394,0x2394,0x2394,0x7d58,0xdf5e,0xef9e,0xef9e,0xef9e,0xef9e,0xef9e,0xef9e,0xef9e,0xef9e,0xef7e,0xdf3d,0xd6fd,
  0xd6fd,0xdf3d,0xef7e,0xef9e,0xef9e,0xef9e,0xef9e,0xef9e,0xef9e,0xef9e,0xef9e,0xdf5e,0x7d38,0x2394,0x2394,0x2394,0x2394,0x2394,0x2394,0x2394,0x2394,0x2394,0x2394,0x2394,
  0x33d5,0xcefd,0xef9e,0xef9e,0xef9e,0xcefd,0x2bb4,0x2394,0x2394,0x2394,0x2394,0x2394,0x2394,0x2394,0x2394,0x2394,0x2394,0x2394,0x2394,0x2394,0x2394,0x2394,0x2394,0x2394,
  0x2394,0x2394,0x2394,0x2394,0x2394,0x2394,0x1af1,0x120c,0x120c,0x120c,0x120c,0x120c,0x968,0x0,0x0,0x0,0x0,0x0,0x0,0x0,0x0,0x0,0x0,0x0,
  0x0,0x0,0x0,0x0,0x0,0x0,0x0,0x0,0x0,0x0,0x0,0x968,0x120c,0x120c,0x120c,0x120c,0x120c,0x1af1,0x2394,0x2394,0x2394,0x2394,0x2394,0x2394,
  0x2394,0x2394,0x2394,0x2394,0x2394,0x2394,0x2394,0x2394,0x2394,0x2394,0x2394,0x2394,0x2394,0x2394,0x2394,0x2394,0x2394,0x8d99,0xef9e,0xef9e,0xef9e,0xe77e,0x4c56,0x2394,
  0x2394,0x2394,0x2394,0x2394,0x2394,0x2394,0x2394,0x2394,0x2394,0x3bf5,0xbe9c,0xef9e,0xef9e,0xef9e,0xef9e,0xef9e,0xef9e,0xdf3d,0xa61a,0x6d18,0x4436,0x2b94,0x2394,0x2394,
  0x2394,0x2394,0x2b94,0x4436,0x6d18,0xa61a,0xdf3d,0xef9e,0xef9e,0xef9e,0xef9e,0xef9e,0xef9e,0xbe9c,0x3bf5,0x2394,0x2394,0x2394,0x2394,0x2394,0x2394,0x2394,0x2394,0x2394,
  0x2394,0x4c76,0xe77e,0xef9e,0xef9e,0xef9e,0x8d99,0x2394,0x2394,0x2394,0x2394,0x2394,0x2394,0x2394,0x2394,0x2394,0x2394,0x2394,0x2394,0x2394,0x2394,0x2394,0x2394,0x2394,
  0x2394,0x2394,0x2394,0x2394,0x2394,0x2394,0x1af1,0x120c,0x120c,0x120c,0x120c,0x120c,0x968,0x0,0x0,0x0,0x0,0x0,0x0,0x0,0x0,0x0,0x0,0x0,
  0x0,0x0,0x0,0x0,0x0,0x0,0x0,0x0,0x0,0x0,0x0,0x968,0x120c,0x120c,0x120c,0x120c,0x120c,0x1af1,0x2394,0x2394,0x2394,0x2394,0x2394,0x2394,
  0x2394,0x2394,0x2394,0x2394,0x2394,0x2394,0x2394,0x2394,0x2394,0x2394,0x2394,0x2394,0x2394,0x2394,0x2394,0x2394,0x2394,0xae3b,0xef9e,0xef9e,0xef9e,0x8579,0x2394,0x2394,
  0x2394,0x2394,0x2394,0x2394,0x2394,0x2394,0x2394,0x2394,0x4c56,0xd71d,0xef9e,0xef9e,0xef9e,0xef9e,0xef9e,0xc6dc,0x6cf8,0x2bb4,0x2394,0x2394,0x2394,0x2394,0x2394,0x2394,
  0x2394,0x2394,0x2394,0x2394,0x2394,0x2394,0x2bb4,0x6cf8,0xc6dc,0xef9e,0xef9e,0xef9e,0xef9e,0xef9e,0xd71d,0x4c56,0x2394,0x2394,0x2394,0x2394,0x2394,0x2394,0x2394,0x2394,
  0x2394,0x2394,0x8579,0xef9e,0xef9e,0xef9e,0xae3b,0x2394,0x2394,0x2394,0x2394,0x2394,0x2394,0x2394,0x2394,0x2394,0x2394,0x2394,0x2394,0x2394,0x2394,0x2394,0x2394,0x2394,
  0x2394,0x2394,0x2394,0x2394,0x2394,0x2394,0x1af1,0x120c,0x120c,0x120c,0x120c,0x120c,0x968,0x0,0x0,0x0,0x0,0x0,0x0,0x0,0x0,0x0,0x0,0x0,
  0x0,0x0,0x0,0x0,0x0,0x0,0x0,0x0,0x0,0x0,0x0,0x968,0x120c,0x120c,0x120c,0x120c,0x120c,0x1af1,0x2394,0x2394,0x2394,0x2394,0x2394,0x2394,
  0x2394,0x2394,0x2394,0x2394,0x2394,0x2394,0x2394,0x2394,0x2394,0x2394,0x2394,0x2394,0x2394,0x2394,0x2394,0x2394,0x2394,0x2394,0x5cb7,0xcedc,0xcedc,0x2b94,0x2394,0x2394,
  0x2394,0x2394,0x2394,0x2394,0x2394,0x2394,0x2394,0x5497,0xe75e,0xef9e,0xef9e,0xef9e,0xef9e,0xd71d,0x64f7,0x2394,0x2394,0x2394,0x2394,0x2394,0x2394,0x2394,0x2394,0x2394,
  0x2394,0x2394,0x2394,0x2394,0x2394,0x2394,0x2394,0x2394,0x2394,0x6cf7,0xd71d,0xef9e,0xef9e,0xef9e,0xef9e,0xe75e,0x5497,0x2394,0x2394,0x2394,0x2394,0x2394,0x2394,0x2394,
  0x2394,0x2394,0x2b94,0xcedc,0xcedc,0x5cb7,0x2394,0x2394,0x2394,0x2394,0x2394,0x2394,0x2394,0x2394,0x2394,0x2394,0x2394,0x2394,0x2394,0x2394,0x2394,0x2394,0x2394,0x2394,
  0x2394,0x2394,0x2394,0x2394,0x2394,0x2394,0x1af1,0x120c,0x120c,0x120c,0x120c,0x120c,0x968,0x0,0x0,0x0,0x0,0x0,0x0,0x0,0x0,0x0,0x0,0x0,
  0x0,0x0,0x0,0x0,0x0,0x0,0x0,0x0,0x0,0x0,0x0,0x968,0x120c,0x120c,0x120c,0x120c,0x120c,0x1af1,0x2394,0x2394,0x2394,0x2394,0x2394,0x2394,
  0x2394,0x2394,0x2394,0x2394,0x2394,0x2394,0x2394,0x2394,0x2394,0x2394,0x2394,0x2394,0x2394,0x2394,0x2394,0x2394,0x2394,0x2394,0x2394,0x2394,0x3bf5,0x2394,0x2394,0x2394,
  0x2394,0x2394,0x2394,0x2394,0x2394,0x2394,0x5476,0xe75e,0xef9e,0xef9e,0xef9e,0xef9e,0x9e1a,0x2bb4,0x2394,0x2394,0x2394,0x2394,0x2394,0x2394,0x2394,0x2394,0x2394,0x2394,
  0x2394,0x2394,0x2394,0x2394,0x2394,0x2394,0x2394,0x2394,0x2394,0x2394,0x2bb4,0x9e1a,0xef9e,0xef9e,0xef9e,0xef9e,0xe75e,0x5476,0x2394,0x2394,0x2394,0x2394,0x2394,0x2394,
  0x2394,0x2394,0x2394,0x3bf5,0x2394,0x2394,0x2394,0x2394,0x2394,0x2394,0x2394,0x2394,0x2394,0x2394,0x2394,0x2394,0x2394,0x2394,0x2394,0x2394,0x2394,0x2394,0x2394,0x2394,
  0x2394,0x2394,0x2394,0x2394,0x2394,0x2394,0x1af1,0x120c,0x120c,0x120c,0x120c,0x120c,0x968,0x0,0x0,0x0,0x0,0x0,0x0,0x0,0x0,0x0,0x0,0x0,
  0x0,0x0,0x0,0x0,0x0,0x0,0x0,0x0,0x0,0x0,0x0,0x968,0x120c,0x120c,0x120c,0x120c,0x120c,0x1af1,0x2394,0x2394,0x2394,0x2394,0x2394,0x2394,
  0x2394,0x2394,0x2394,0x2394,0x2394,0x2394,0x2394,0x2394,0x2394,0x2394,0x2394,0x2394,0x2394,0x2394,0x2394,0x2394,0x2394,0x2394,0x2394,0x2394,0x2394,0x2394,0x2394,0x2394,
  0x2394,0x2394,0x2394,0x2394,0x2394,0x3c15,0xdf3d,0xef9e,0xef9e,0xef9e,0xe77e,0x7538,0x2394,0x2394,0x2394,0x2394,0x2394,0x2394,0x2394,0x2394,0x2394,0x2394,0x2394,0x2394,
  0x2394,0x2394,0x2394,0x2394,0x2394,0x2394,0x2394,0x2394,0x2394,0x2394,0x2394,0x2394,0x7538,0xe77e,0xef9e,0xef9e,0xef9e,0xdf3d,0x3c15,0x2394,0x2394,0x2394,0x2394,0x2394,
  0x2394,0x2394,0x2394,0x2394,0x2394,0x2394,0x2394,0x2394,0x2394,0x2394,0x2394,0x2394,0x2394,0x2394,0x2394,0x2394,0x2394,0x2394,0x2394,0x2394,0x2394,0x2394,0x2394,0x2394,
  0x2394,0x2394,0x2394,0x2394,0x2394,0x2394,0x1af1,0x120c,0x120c,0x120c,0x120c,0x120c,0x968,0x0,0x0,0x0,0x0,0x0,0x0,0x0,0x0,0x0,0x0,0x0,
  0x0,0x0,0x0,0x0,0x0,0x0,0x0,0x0,0x0,0x0,0x0,0x83,0x120b,0x120c,0x120c,0x120c,0x120c,0x1a6e,0x2394,0x2394,0x2394,0x2394,0x2394,0x2394,
  0x2394,0x2394,0x2394,0x2394,0x2394,0x2394,0x2394,0x2394,0x2394,0x2394,0x2394,0x2394,0x2394,0x2394,0x2394,0x2394,0x2394,0x2394,0x2394,0x2394,0x2394,0x2394,0x2394,0x2394,
  0x2394,0x2394,0x2394,0x2394,0x2bb4,0xc6dc,0xef9e,0xef9e,0xef9e,0xe77e,0x64d7,0x2394,0x2394,0x2394,0x2394,0x2394,0x2394,0x2394,0x2394,0x2394,0x2394,0x2394,0x2394,0x2394,
  0x2394,0x2394,0x2394,0x2394,0x2394,0x2394,0x2394,0x2394,0x2394,0x2394,0x2394,0x2394,0x2394,0x64d7,0xe77e,0xef9e,0xef9e,0xef9e,0xc6dc,0x2bb4,0x2394,0x2394,0x2394,0x2394,
  0x2394,0x2394,0x2394,0x2394,0x2394,0x2394,0x2394,0x2394,0x2394,0x2394,0x2394,0x2394,0x2394,0x2394,0x2394,0x2394,0x2394,0x2394,0x2394,0x2394,0x2394,0x2394,0x2394,0x2394,
  0x2394,0x2394,0x2394,0x2394,0x2394,0x2394,0x1a6e,0x120c,0x120c,0x120c,0x120c,0x120b,0x83,0x0,0x0,0x0,0x0,0x0,0x0,0x0,0x0,0x0,0x0,0x0,
  0x0,0x0,0x0,0x0,0x0,0x0,0x0,0x0,0x0,0x0,0x0,0x0,0x8e5,0x120c,0x120c,0x120c,0x120c,0x120c,0x1aaf,0x2394,0x2394,0x2394,0x2394,0x2394,
  0x2394,0x2394,0x2394,0x2394,0x2394,0x2394,0x2394,0x2394,0x2394,0x2394,0x2394,0x2394,0x2394,0x2394,0x2394,0x2394,0x2394,0x2394,0x2394,0x2394,0x2394,0x2394,0x2394,0x2394,
  0x2394,0x2394,0x2394,0x2394,0x8db9,0xef9e,0xef9e,0xef9e,0xef7e,0x6cf8,0x2394,0x2394,0x2394,0x2394,0x2394,0x2394,0x2394,0x2394,0x2394,0x2394,0x2394,0x2394,0x2394,0x2394,
  0x2394,0x2394,0x2394,0x2394,0x2394,0x2394,0x2394,0x2394,0x2394,0x2394,0x2394,0x2394,0x2394,0x2394,0x6cf8,0xef7e,0xef9e,0xef9e,0xef9e,0x8db9,0x2394,0x2394,0x2394,0x2394,
  0x2394,0x2394,0x2394,0x2394,0x2394,0x2394,0x2394,0x2394,0x2394,0x2394,0x2394,0x2394,0x2394,0x2394,0x2394,0x2394,0x2394,0x2394,0x2394,0x2394,0x2394,0x2394,0x2394,0x2394,
  0x2394,0x2394,0x2394,0x2394,0x2394,0x1aaf,0x120c,0x120c,0x120c,0x120c,0x120c,0x8e5,0x0,0x0,0x0,0x0,0x0,0x0,0x0,0x0,0x0,0x0,0x0,0x0,
  0x0,0x0,0x0,0x0,0x0,0x0,0x0,0x0,0x0,0x0,0x0,0x0,0x0,0x947,0x120c,0x120c,0x120c,0x120c,0x120c,0x1af0,0x2394,0x2394,0x2394,0x2394,
  0x2394,0x2394,0x2394,0x2394,0x2394,0x2394,0x2394,0x2394,0x2394,0x2394,0x2394,0x2394,0x2394,0x2394,0x2394,0x2394,0x2394,0x2394,0x2394,0x2394,0x2394,0x2394,0x2394,0x2394,
  0x2394,0x2394,0x2394,0x33d5,0xdf3d,0xef9e,0xef9e,0xef9e,0x8db9,0x2394,0x2394,0x2394,0x2394,0x2394,0x2394,0x2394,0x2394,0x2394,0x2394,0x2394,0x2394,0x2394,0x2394,0x2394,
  0x2394,0x2394,0x2394,0x2394,0x2394,0x2394,0x2394,0x2394,0x2394,0x2394,0x2394,0x2394,0x2394,0x2394,0x2394,0x8db9,0xef9e,0xef9e,0xef9e,0xdf3d,0x33d5,0x2394,0x2394,0x2394,
  0x2394,0x2394,0x2394,0x2394,0x2394,0x2394,0x2394,0x2394,0x2394,0x2394,0x2394,0x2394,0x2394,0x2394,0x2394,0x2394,0x2394,0x2394,0x2394,0x2394,0x2394,0x2394,0x2394,0x2394,
  0x2394,0x2394,0x2394,0x2394,0x1af0,0x120c,0x120c,0x120c,0x120c,0x120c,0x947,0x0,0x0,0x0,0x0,0x0,0x0,0x0,0x0,0x0,0x0,0x0,0x0,0x0,
  0x0,0x0,0x0,0x0,0x0,0x0,0x0,0x0,0x0,0x0,0x0,0x0,0x0,0x0,0x11a9,0x120c,0x120c,0x120c,0x120c,0x120c,0x2332,0x2394,0x2394,0x2394,
  0x2394,0x2394,0x2394,0x2394,0x2394,0x2394,0x2394,0x2394,0x2394,0x2394,0x2394,0x2394,0x2394,0x2394,0x2394,0x2394,0x2394,0x2394,0x2394,0x2394,0x2394,0x2394,0x2394,0x2394,
  0x2394,0x2394,0x2394,0x2394,0x33f5,0xa61a,0xef7e,0xc6dc,0x2b94,0x2394,0x2394,0x2394,0x2394,0x2394,0x2394,0x2394,0x2394,0x2394,0x2394,0x2394,0x2394,0x2394,0x2394,0x2394,
  0x2394,0x2394,0x2394,0x2394,0x2394,0x2394,0x2394,0x2394,0x2394,0x2394,0x2394,0x2394,0x2394,0x2394,0x2394,0x2b94,0xc6dc,0xef7e,0xa61a,0x33f5,0x2394,0x2394,0x2394,0x2394,
  0x2394,0x2394,0x2394,0x2394,0x2394,0x2394,0x2394,0x2394,0x2394,0x2394,0x2394,0x2394,0x2394,0x2394,0x2394,0x2394,0x2394,0x2394,0x2394,0x2394,0x2394,0x2394,0x2394,0x2394,
  0x2394,0x2394,0x2394,0x2332,0x120c,0x120c,0x120c,0x120c,0x120c,0x11a9,0x0,0x0,0x0,0x0,0x0,0x0,0x0,0x0,0x0,0x0,0x0,0x0,0x0,0x0,
  0x0,0x0,0x0,0x0,0x0,0x0,0x0,0x0,0x0,0x0,0x0,0x0,0x0,0x0,0x21,0x11ca,0x120c,0x120c,0x120c,0x120c,0x122c,0x2353,0x2394,0x2394,
  0x2394,0x2394,0x2394,0x2394,0x2394,0x2394,0x2394,0x2394,0x2394,0x2394,0x2394,0x2394,0x2394,0x2394,0x2394,0x2394,0x2394,0x2394,0x2394,0x2394,0x2394,0x2394,0x2394,0x2394,
  0x2394,0x2394,0x2394,0x2394,0x2394,0x2394,0x4c56,0x4c56,0x2394,0x2394,0x2394,0x2394,0x2394,0x2394,0x2394,0x2394,0x2394,0x2394,0x2394,0x2394,0x2394,0x2394,0x2394,0x2394,
  0x2394,0x2394,0x2394,0x2394,0x2394,0x2394,0x2394,0x2394,0x2394,0x2394,0x2394,0x2394,0x2394,0x2394,0x2394,0x2394,0x4c56,0x4c56,0x2394,0x2394,0x2394,0x2394,0x2394,0x2394,
  0x2394,0x2394,0x2394,0x2394,0x2394,0x2394,0x2394,0x2394,0x2394,0x2394,0x2394,0x2394,0x2394,0x2394,0x2394,0x2394,0x2394,0x2394,0x2394,0x2394,0x2394,0x2394,0x2394,0x2394,
  0x2394,0x2394,0x2353,0x122c,0x120c,0x120c,0x120c,0x120c,0x11ca,0x21,0x0,0x0,0x0,0x0,0x0,0x0,0x0,0x0,0x0,0x0,0x0,0x0,0x0,0x0,
  0x0,0x0,0x0,0x0,0x0,0x0,0x0,0x0,0x0,0x0,0x0,0x0,0x0,0x0,0x0,0x62,0x120b,0x120c,0x120c,0x120c,0x120c,0x124d,0x2373,0x2394,
  0x2394,0x2394,0x2394,0x2394,0x2394,0x2394,0x2394,0x2394,0x2394,0x2394,0x2394,0x2394,0x2394,0x2394,0x2394,0x2394,0x2394,0x2394,0x2394,0x2394,0x2394,0x2394,0x2394,0x2394,
  0x2394,0x2394,0x2394,0x2394,0x2394,0x2394,0x2394,0x2394,0x2394,0x2394,0x2394,0x2394,0x2394,0x2394,0x2394,0x2394,0x2394,0x2394,0x2394,0x2394,0x2394,0x2394,0x2394,0x2394,
  0x2394,0x2394,0x2394,0x2394,0x2394,0x2394,0x2394,0x2394,0x2394,0x2394,0x2394,0x2394,0x2394,0x2394,0x2394,0x2394,0x2394,0x2394,0x2394,0x2394,0x2394,0x2394,0x2394,0x2394,
  0x2394,0x2394,0x2394,0x2394,0x2394,0x2394,0x2394,0x2394,0x2394,0x2394,0x2394,0x2394,0x2394,0x2394,0x2394,0x2394,0x2394,0x2394,0x2394,0x2394,0x2394,0x2394,0x2394,0x2394,
  0x2394,0x2374,0x124d,0x120c,0x120c,0x120c,0x120c,0x120b,0x62,0x0,0x0,0x0,0x0,0x0,0x0,0x0,0x0,0x0,0x0,0x0,0x0,0x0,0x0,0x0,
  0x0,0x0,0x0,0x0,0x0,0x0,0x0,0x0,0x0,0x0,0x0,0x0,0x0,0x0,0x0,0x0,0x8c4,0x120c,0x120c,0x120c,0x120c,0x120c,0x1a8e,0x2394,
  0x2394,0x2394,0x2394,0x2394,0x2394,0x2394,0x2394,0x2394,0x2394,0x2394,0x2394,0x2394,0x2394,0x2394,0x2394,0x2394,0x2394,0x2394,0x2394,0x2394,0x2394,0x2394,0x2394,0x2394,
  0x2394,0x2394,0x2394,0x2394,0x2394,0x2394,0x2394,0x2394,0x2394,0x2394,0x2394,0x2394,0x2394,0x2394,0x2394,0x2394,0x2394,0x2394,0x2394,0x2394,0x2394,0x2394,0x2394,0x2394,
  0x2394,0x2394,0x2394,0x2394,0x2394,0x2394,0x2394,0x2394,0x2394,0x2394,0x2394,0x2394,0x2394,0x2394,0x2394,0x2394,0x2394,0x2394,0x2394,0x2394,0x2394,0x2394,0x2394,0x2394,
  0x2394,0x2394,0x2394,0x2394,0x2394,0x2394,0x2394,0x2394,0x2394,0x2394,0x2394,0x2394,0x2394,0x2394,0x2394,0x2394,0x2394,0x2394,0x2394,0x2394,0x2394,0x2394,0x2394,0x2394,
  0x2394,0x1a8e,0x120c,0x120c,0x120c,0x120c,0x120c,0x8c4,0x0,0x0,0x0,0x0,0x0,0x0,0x0,0x0,0x0,0x0,0x0,0x0,0x0,0x0,0x0,0x0,
  0x0,0x0,0x0,0x0,0x0,0x0,0x0,0x0,0x0,0x0,0x0,0x0,0x0,0x0,0x0,0x0,0x0,0x926,0x120c,0x120c,0x120c,0x120c,0x120c,0x1ad0,
  0x2394,0x2394,0x2394,0x2394,0x2394,0x2394,0x2394,0x2394,0x2394,0x2394,0x2394,0x2394,0x2394,0x2394,0x2394,0x2394,0x2394,0x2394,0x2394,0x2394,0x2394,0x2394,0x2394,0x2394,
  0x2394,0x2394,0x2394,0x2394,0x2394,0x2394,0x2394,0x2394,0x2394,0x2394,0x2394,0x2394,0x2394,0x2394,0x2394,0x2394,0x2394,0x2394,0x2394,0x2394,0x2394,0x2394,0x2394,0x2394,
  0x2394,0x2394,0x2394,0x2394,0x2394,0x2394,0x2394,0x2394,0x2394,0x2394,0x2394,0x2394,0x2394,0x2394,0x2394,0x2394,0x2394,0x2394,0x2394,0x2394,0x2394,0x2394,0x2394,0x2394,
  0x2394,0x2394,0x2394,0x2394,0x2394,0x2394,0x2394,0x2394,0x2394,0x2394,0x2394,0x2394,0x2394,0x2394,0x2394,0x2394,0x2394,0x2394,0x2394,0x2394,0x2394,0x2394,0x2394,0x2394,
  0x1ad0,0x120c,0x120c,0x120c,0x120c,0x120c,0x926,0x0,0x0,0x0,0x0,0x0,0x0,0x0,0x0,0x0,0x0,0x0,0x0,0x0,0x0,0x0,0x0,0x0,
  0x0,0x0,0x0,0x0,0x0,0x0,0x0,0x0,0x0,0x0,0x0,0x0,0x0,0x0,0x0,0x0,0x0,0x0,0x988,0x120c,0x120c,0x120c,0x120c,0x120c,
  0x1b11,0x2394,0x2394,0x2394,0x2394,0x2394,0x2394,0x2394,0x2394,0x2394,0x2394,0x2394,0x2394,0x2394,0x2394,0x2394,0x2394,0x2394,0x2394,0x2394,0x2394,0x2394,0x2394,0x2394,
  0x2394,0x2394,0x2394,0x2394,0x2394,0x2394,0x2394,0x2394,0x2394,0x2394,0x2394,0x2394,0x2394,0x2394,0x2394,0x2394,0x2394,0x2394,0x2394,0x2394,0x2394,0x748d,0xbd66,0xdde3,
  0xdde3,0xbd66,0x748d,0x2394,0x2394,0x2394,0x2394,0x2394,0x2394,0x2394,0x2394,0x2394,0x2394,0x2394,0x2394,0x2394,0x2394,0x2394,0x2394,0x2394,0x2394,0x2394,0x2394,0x2394,
  0x2394,0x2394,0x2394,0x2394,0x2394,0x2394,0x2394,0x2394,0x2394,0x2394,0x2394,0x2394,0x2394,0x2394,0x2394,0x2394,0x2394,0x2394,0x2394,0x2394,0x2394,0x2394,0x2394,0x1b11,
  0x120c,0x120c,0x120c,0x120c,0x120c,0x988,0x0,0x0,0x0,0x0,0x0,0x0,0x0,0x0,0x0,0x0,0x0,0x0,0x0,0x0,0x0,0x0,0x0,0x0,
  0x0,0x0,0x0,0x0,0x0,0x0,0x0,0x0,0x0,0x0,0x0,0x0,0x0,0x0,0x0,0x0,0x0,0x0,0x20,0x11ca,0x120c,0x120c,0x120c,0x120c,
  0x122c,0x2352,0x2394,0x2394,0x2394,0x2394,0x2394,0x2394,0x2394,0x2394,0x2394,0x2394,0x2394,0x2394,0x2394,0x2394,0x2394,0x2394,0x2394,0x2394,0x2394,0x2394,0x2394,0x2394,
  0x2394,0x2394,0x2394,0x2394,0x2394,0x2394,0x2394,0x2394,0x2394,0x2394,0x2394,0x2394,0x2394,0x2394,0x2394,0x2394,0x2394,0x2394,0x2394,0x3bd2,0xcda5,0xf621,0xf621,0xf621,
  0xf621,0xf621,0xf621,0xcda5,0x3bd2,0x2394,0x2394,0x2394,0x2394,0x2394,0x2394,0x2394,0x2394,0x2394,0x2394,0x2394,0x2394,0x2394,0x2394,0x2394,0x2394,0x2394,0x2394,0x2394,
  0x2394,0x2394,0x2394,0x2394,0x2394,0x2394,0x2394,0x2394,0x2394,0x2394,0x2394,0x2394,0x2394,0x2394,0x2394,0x2394,0x2394,0x2394,0x2394,0x2394,0x2394,0x2394,0x2352,0x122c,
  0x120c,0x120c,0x120c,0x120c,0x11ca,0x20,0x0,0x0,0x0,0x0,0x0,0x0,0x0,0x0,0x0,0x0,0x0,0x0,0x0,0x0,0x0,0x0,0x0,0x0,
  0x0,0x0,0x0,0x0,0x0,0x0,0x0,0x0,0x0,0x0,0x0,0x0,0x0,0x0,0x0,0x0,0x0,0x0,0x0,0x41,0x11eb,0x120c,0x120c,0x120c,
  0x120c,0x124d,0x2373,0x2394,0x2394,0x2394,0x2394,0x2394,0x2394,0x2394,0x2394,0x2394,0x2394,0x2394,0x2394,0x2394,0x2394,0x2394,0x2394,0x2394,0x2394,0x2394,0x2394,0x2394,
  0x2394,0x2394,0x2394,0x2394,0x2394,0x2394,0x2394,0x2394,0x2394,0x2394,0x2394,0x2394,0x2394,0x2394,0x2394,0x2394,0x2394,0x2394,0x33b3,0xd5a4,0xf621,0xf621,0xf621,0xf621,
  0xf621,0xf621,0xf621,0xf621,0xd5a4,0x33b3,0x2394,0x2394,0x2394,0x2394,0x2394,0x2394,0x2394,0x2394,0x2394,0x2394,0x2394,0x2394,0x2394,0x2394,0x2394,0x2394,0x2394,0x2394,
  0x2394,0x2394,0x2394,0x2394,0x2394,0x2394,0x2394,0x2394,0x2394,0x2394,0x2394,0x2394,0x2394,0x2394,0x2394,0x2394,0x2394,0x2394,0x2394,0x2394,0x2394,0x2373,0x124d,0x120c,
  0x120c,0x120c,0x120c,0x11eb,0x41,0x0,0x0,0x0,0x0,0x0,0x0,0x0,0x0,0x0,0x0,0x0,0x0,0x0,0x0,0x0,0x0,0x0,0x0,0x0,
  0x0,0x0,0x0,0x0,0x0,0x0,0x0,0x0,0x0,0x0,0x0,0x0,0x0,0x0,0x0,0x0,0x0,0x0,0x0,0x0,0x83,0x120b,0x120c,0x120c,
  0x120c,0x120c,0x1a6e,0x2394,0x2394,0x2394,0x2394,0x2394,0x2394,0x2394,0x2394,0x2394,0x2394,0x2394,0x2394,0x2394,0x2394,0x2394,0x2394,0x2394,0x2394,0x2394,0x2394,0x2394,
  0x2394,0x2394,0x2394,0x2394,0x2394,0x2394,0x2394,0x2394,0x2394,0x2394,0x2394,0x2394,0x2394,0x2394,0x2394,0x2394,0x2394,0x2394,0x94ea,0xf621,0xf621,0xf621,0xf621,0xf621,
  0xf621,0xf621,0xf621,0xf621,0xf621,0x94ea,0x2394,0x2394,0x2394,0x2394,0x2394,0x2394,0x2394,0x2394,0x2394,0x2394,0x2394,0x2394,0x2394,0x2394,0x2394,0x2394,0x2394,0x2394,
  0x2394,0x2394,0x2394,0x2394,0x2394,0x2394,0x2394,0x2394,0x2394,0x2394,0x2394,0x2394,0x2394,0x2394,0x2394,0x2394,0x2394,0x2394,0x2394,0x2394,0x2394,0x1a6e,0x120c,0x120c,
  0x120c,0x120c,0x120b,0x83,0x0,0x0,0x0,0x0,0x0,0x0,0x0,0x0,0x0,0x0,0x0,0x0,0x0,0x0,0x0,0x0,0x0,0x0,0x0,0x0,
  0x0,0x0,0x0,0x0,0x0,0x0,0x0,0x0,0x0,0x0,0x0,0x0,0x0,0x0,0x0,0x0,0x0,0x0,0x0,0x0,0x0,0x8e5,0x120c,0x120c,
  0x120c,0x120c,0x120c,0x1aaf,0x2394,0x2394,0x2394,0x2394,0x2394,0x2394,0x2394,0x2394,0x2394,0x2394,0x2394,0x2394,0x2394,0x2394,0x2394,0x2394,0x2394,0x2394,0x2394,0x2394,
  0x2394,0x2394,0x2394,0x2394,0x2394,0x2394,0x2394,0x2394,0x2394,0x2394,0x2394,0x2394,0x2394,0x2394,0x2394,0x2394,0x2394,0x2b93,0xe5e2,0xf621,0xf621,0xf621,0xf621,0xf621,
  0xf621,0xf621,0xf621,0xf621,0xf621,0xe5e2,0x2b93,0x2394,0x2394,0x2394,0x2394,0x2394,0x2394,0x2394,0x2394,0x2394,0x2394,0x2394,0x2394,0x2394,0x2394,0x2394,0x2394,0x2394,
  0x2394,0x2394,0x2394,0x2394,0x2394,0x2394,0x2394,0x2394,0x2394,0x2394,0x2394,0x2394,0x2394,0x2394,0x2394,0x2394,0x2394,0x2394,0x2394,0x2394,0x1aaf,0x120c,0x120c,0x120c,
  0x120c,0x120c,0x8e5,0x0,0x0,0x0,0x0,0x0,0x0,0x0,0x0,0x0,0x0,0x0,0x0,0x0,0x0,0x0,0x0,0x0,0x0,0x0,0x0,0x0,
  0x0,0x0,0x0,0x0,0x0,0x0,0x0,0x0,0x0,0x0,0x0,0x0,0x0,0x0,0x0,0x0,0x0,0x0,0x0,0x0,0x0,0x0,0x947,0x120c,
  0x120c,0x120c,0x120c,0x120c,0x1af0,0x2394,0x2394,0x2394,0x2394,0x2394,0x2394,0x2394,0x2394,0x2394,0x2394,0x2394,0x2394,0x2394,0x2394,0x2394,0x2394,0x2394,0x2394,0x2394,
  0x2394,0x2394,0x2394,0x2394,0x2394,0x2394,0x2394,0x2394,0x2394,0x2394,0x2394,0x2394,0x2394,0x2394,0x2394,0x2394,0x2394,0x4c10,0xf621,0xf621,0xf621,0xf621,0xf621,0xf621,
  0xf621,0xf621,0xf621,0xf621,0xf621,0xf621,0x4c10,0x2394,0x2394,0x2394,0x2394,0x2394,0x2394,0x2394,0x2394,0x2394,0x2394,0x2394,0x2394,0x2394,0x2394,0x2394,0x2394,0x2394,
  0x2394,0x2394,0x2394,0x2394,0x2394,0x2394,0x2394,0x2394,0x2394,0x2394,0x2394,0x2394,0x2394,0x2394,0x2394,0x2394,0x2394,0x2394,0x2394,0x1af0,0x120c,0x120c,0x120c,0x120c,
  0x120c,0x947,0x0,0x0,0x0,0x0,0x0,0x0,0x0,0x0,0x0,0x0,0x0,0x0,0x0,0x0,0x0,0x0,0x0,0x0,0x0,0x0,0x0,0x0,
  0x0,0x0,0x0,0x0,0x0,0x0,0x0,0x0,0x0,0x0,0x0,0x0,0x0,0x0,0x0,0x0,0x0,0x0,0x0,0x0,0x0,0x0,0x0,0x11a9,
  0x120c,0x120c,0x120c,0x120c,0x120c,0x2332,0x2394,0x2394,0x2394,0x2394,0x2394,0x2394,0x2394,0x2394,0x2394,0x2394,0x2394,0x2394,0x2394,0x2394,0x2394,0x2394,0x2394,0x2394,
  0x2394,0x2394,0x2394,0x2394,0x2394,0x2394,0x2394,0x2394,0x2394,0x2394,0x2394,0x2394,0x2394,0x2394,0x2394,0x2394,0x2394,0x5430,0xf621,0xf621,0xf621,0xf621,0xf621,0xf621,
  0xf621,0xf621,0xf621,0xf621,0xf621,0xf621,0x5430,0x2394,0x2394,0x2394,0x2394,0x2394,0x2394,0x2394,0x2394,0x2394,0x2394,0x2394,0x2394,0x2394,0x2394,0x2394,0x2394,0x2394,
  0x2394,0x2394,0x2394,0x2394,0x2394,0x2394,0x2394,0x2394,0x2394,0x2394,0x2394,0x2394,0x2394,0x2394,0x2394,0x2394,0x2394,0x2394,0x2332,0x120c,0x120c,0x120c,0x120c,0x120c,
  0x11a9,0x0,0x0,0x0,0x0,0x0,0x0,0x0,0x0,0x0,0x0,0x0,0x0,0x0,0x0,0x0,0x0,0x0,0x0,0x0,0x0,0x0,0x0,0x0,
  0x0,0x0,0x0,0x0,0x0,0x0,0x0,0x0,0x0,0x0,0x0,0x0,0x0,0x0,0x0,0x0,0x0,0x0,0x0,0x0,0x0,0x0,0x0,0x21,
  0x11ca,0x120c,0x120c,0x120c,0x120c,0x122c,0x2353,0x2394,0x2394,0x2394,0x2394,0x2394,0x2394,0x2394,0x2394,0x2394,0x2394,0x2394,0x2394,0x2394,0x2394,0x2394,0x2394,0x2394,
  0x2394,0x2394,0x2394,0x2394,0x2394,0x2394,0x2394,0x2394,0x2394,0x2394,0x2394,0x2394,0x2394,0x2394,0x2394,0x2394,0x2394,0x3bd2,0xf621,0xf621,0xf621,0xf621,0xf621,0xf621,
  0xf621,0xf621,0xf621,0xf621,0xf621,0xf621,0x3bd2,0x2394,0x2394,0x2394,0x2394,0x2394,0x2394,0x2394,0x2394,0x2394,0x2394,0x2394,0x2394,0x2394,0x2394,0x2394,0x2394,0x2394,
  0x2394,0x2394,0x2394,0x2394,0x2394,0x2394,0x2394,0x2394,0x2394,0x2394,0x2394,0x2394,0x2394,0x2394,0x2394,0x2394,0x2394,0x2353,0x122c,0x120c,0x120c,0x120c,0x120c,0x11ca,
  0x21,0x0,0x0,0x0,0x0,0x0,0x0,0x0,0x0,0x0,0x0,0x0,0x0,0x0,0x0,0x0,0x0,0x0,0x0,0x0,0x0,0x0,0x0,0x0,
  0x0,0x0,0x0,0x0,0x0,0x0,0x0,0x0,0x0,0x0,0x0,0x0,0x0,0x0,0x0,0x0,0x0,0x0,0x0,0x0,0x0,0x0,0x0,0x0,
  0x62,0x120b,0x120c,0x120c,0x120c,0x120c,0x124d,0x2374,0x2394,0x2394,0x2394,0x2394,0x2394,0x2394,0x2394,0x2394,0x2394,0x2394,0x2394,0x2394,0x2394,0x2394,0x2394,0x2394,
  0x2394,0x2394,0x2394,0x2394,0x2394,0x2394,0x2394,0x2394,0x2394,0x2394,0x2394,0x2394,0x2394,0x2394,0x2394,0x2394,0x2394,0x2394,0xcda4,0xf621,0xf621,0xf621,0xf621,0xf621,
  0xf621,0xf621,0xf621,0xf621,0xf621,0xcda4,0x2394,0x2394,0x2394,0x2394,0x2394,0x2394,0x2394,0x2394,0x2394,0x2394,0x2394,0x2394,0x2394,0x2394,0x2394,0x2394,0x2394,0x2394,
  0x2394,0x2394,0x2394,0x2394,0x2394,0x2394,0x2394,0x2394,0x2394,0x2394,0x2394,0x2394,0x2394,0x2394,0x2394,0x2394,0x2373,0x124d,0x120c,0x120c,0x120c,0x120c,0x120b,0x62,
  0x0,0x0,0x0,0x0,0x0,0x0,0x0,0x0,0x0,0x0,0x0,0x0,0x0,0x0,0x0,0x0,0x0,0x0,0x0,0x0,0x0,0x0,0x0,0x0,
  0x0,0x0,0x0,0x0,0x0,0x0,0x0,0x0,0x0,0x0,0x0,0x0,0x0,0x0,0x0,0x0,0x0,0x0,0x0,0x0,0x0,0x0,0x0,0x0,
  0x0,0x8c4,0x120c,0x120c,0x120c,0x120c,0x120c,0x1a8e,0x2394,0x2394,0x2394,0x2394,0x2394,0x2394,0x2394,0x2394,0x2394,0x2394,0x2394,0x2394,0x2394,0x2394,0x2394,0x2394,
  0x2394,0x2394,0x2394,0x2394,0x2394,0x2394,0x2394,0x2394,0x2394,0x2394,0x2394,0x2394,0x2394,0x2394,0x2394,0x2394,0x2394,0x2394,0x6c6e,0xf621,0xf621,0xf621,0xf621,0xf621,
  0xf621,0xf621,0xf621,0xf621,0xf621,0x6c6e,0x2394,0x2394,0x2394,0x2394,0x2394,0x2394,0x2394,0x2394,0x2394,0x2394,0x2394,0x2394,0x2394,0x2394,0x2394,0x2394,0x2394,0x2394,
  0x2394,0x2394,0x2394,0x2394,0x2394,0x2394,0x2394,0x2394,0x2394,0x2394,0x2394,0x2394,0x2394,0x2394,0x2394,0x2394,0x1a8e,0x120c,0x120c,0x120c,0x120c,0x120c,0x8c4,0x0,
  0x0,0x0,0x0,0x0,0x0,0x0,0x0,0x0,0x0,0x0,0x0,0x0,0x0,0x0,0x0,0x0,0x0,0x0,0x0,0x0,0x0,0x0,0x0,0x0,
  0x0,0x0,0x0,0x0,0x0,0x0,0x0,0x0,0x0,0x0,0x0,0x0,0x0,0x0,0x0,0x0,0x0,0x0,0x0,0x0,0x0,0x0,0x0,0x0,
  0x0,0x0,0x926,0x120c,0x120c,0x120c,0x120c,0x120c,0x1ad0,0x2394,0x2394,0x2394,0x2394,0x2394,0x2394,0x2394,0x2394,0x2394,0x2394,0x2394,0x2394,0x2394,0x2394,0x2394,
  0x2394,0x2394,0x2394,0x2394,0x2394,0x2394,0x2394,0x2394,0x2394,0x2394,0x2394,0x2394,0x2394,0x2394,0x2394,0x2394,0x2394,0x2394,0x2394,0x9d09,0xf621,0xf621,0xf621,0xf621,
  0xf621,0xf621,0xf621,0xf621,0x9d09,0x2394,0x2394,0x2394,0x2394,0x2394,0x2394,0x2394,0x2394,0x2394,0x2394,0x2394,0x2394,0x2394,0x2394,0x2394,0x2394,0x2394,0x2394,0x2394,
  0x2394,0x2394,0x2394,0x2394,0x2394,0x2394,0x2394,0x2394,0x2394,0x2394,0x2394,0x2394,0x2394,0x2394,0x2394,0x1ad0,0x120c,0x120c,0x120c,0x120c,0x120c,0x926,0x0,0x0,
  0x0,0x0,0x0,0x0,0x0,0x0,0x0,0x0,0x0,0x0,0x0,0x0,0x0,0x0,0x0,0x0,0x0,0x0,0x0,0x0,0x0,0x0,0x0,0x0,
  0x0,0x0,0x0,0x0,0x0,0x0,0x0,0x0,0x0,0x0,0x0,0x0,0x0,0x0,0x0,0x0,0x0,0x0,0x0,0x0,0x0,0x0,0x0,0x0,
  0x0,0x0,0x0,0x988,0x120c,0x120c,0x120c,0x120c,0x120c,0x1b11,0x2394,0x2394,0x2394,0x2394,0x2394,0x2394,0x2394,0x2394,0x2394,0x2394,0x2394,0x2394,0x2394,0x2394,
  0x2394,0x2394,0x2394,0x2394,0x2394,0x2394,0x2394,0x2394,0x2394,0x2394,0x2394,0x2394,0x2394,0x2394,0x2394,0x2394,0x2394,0x2394,0x2394,0x2394,0x7cac,0xe5e2,0xf621,0xf621,
  0xf621,0xf621,0xe5e2,0x7cac,0x2394,0x2394,0x2394,0x2394,0x2394,0x2394,0x2394,0x2394,0x2394,0x2394,0x2394,0x2394,0x2394,0x2394,0x2394,0x2394,0x2394,0x2394,0x2394,0x2394,
  0x2394,0x2394,0x2394,0x2394,0x2394,0x2394,0x2394,0x2394,0x2394,0x2394,0x2394,0x2394,0x2394,0x2394,0x1b11,0x120c,0x120c,0x120c,0x120c,0x120c,0x988,0x0,0x0,0x0,
  0x0,0x0,0x0,0x0,0x0,0x0,0x0,0x0,0x0,0x0,0x0,0x0,0x0,0x0,0x0,0x0,0x0,0x0,0x0,0x0,0x0,0x0,0x0,0x0,
  0x0,0x0,0x0,0x0,0x0,0x0,0x0,0x0,0x0,0x0,0x0,0x0,0x0,0x0,0x0,0x0,0x0,0x0,0x0,0x0,0x0,0x0,0x0,0x0,
  0x0,0x0,0x0,0x20,0x11ca,0x120c,0x120c,0x120c,0x120c,0x122c,0x2352,0x2394,0x2394,0x2394,0x2394,0x2394,0x2394,0x2394,0x2394,0x2394,0x2394,0x2394,0x2394,0x2394,
  0x2394,0x2394,0x2394,0x2394,0x2394,0x2394,0x2394,0x2394,0x2394,0x2394,0x2394,0x2394,0x2394,0x2394,0x2394,0x2394,0x2394,0x2394,0x2394,0x2394,0x2394,0x33b3,0x6c6d,0x8cea,
  0x8cea,0x6c6d,0x33b3,0x2394,0x2394,0x2394,0x2394,0x2394,0x2394,0x2394,0x2394,0x2394,0x2394,0x2394,0x2394,0x2394,0x2394,0x2394,0x2394,0x2394,0x2394,0x2394,0x2394,0x2394,
  0x2394,0x2394,0x2394,0x2394,0x2394,0x2394,0x2394,0x2394,0x2394,0x2394,0x2394,0x2394,0x2394,0x2352,0x122c,0x120c,0x120c,0x120c,0x120c,0x11ca,0x20,0x0,0x0,0x0,
  0x0,0x0,0x0,0x0,0x0,0x0,0x0,0x0,0x0,0x0,0x0,0x0,0x0,0x0,0x0,0x0,0x0,0x0,0x0,0x0,0x0,0x0,0x0,0x0,
  0x0,0x0,0x0,0x0,0x0,0x0,0x0,0x0,0x0,0x0,0x0,0x0,0x0,0x0,0x0,0x0,0x0,0x0,0x0,0x0,0x0,0x0,0x0,0x0,
  0x0,0x0,0x0,0x0,0x41,0x11eb,0x120c,0x120c,0x120c,0x120c,0x124d,0x2373,0x2394,0x2394,0x2394,0x2394,0x2394,0x2394,0x2394,0x2394,0x2394,0x2394,0x2394,0x2394,
  0x2394,0x2394,0x2394,0x2394,0x2394,0x2394,0x2394,0x2394,0x2394,0x2394,0x2394,0x2394,0x2394,0x2394,0x2394,0x2394,0x2394,0x2394,0x2394,0x2394,0x2394,0x2394,0x2394,0x2394,
  0x2394,0x2394,0x2394,0x2394,0x2394,0x2394,0x2394,0x2394,0x2394,0x2394,0x2394,0x2394,0x2394,0x2394,0x2394,0x2394,0x2394,0x2394,0x2394,0x2394,0x2394,0x2394,0x2394,0x2394,
  0x2394,0x2394,0x2394,0x2394,0x2394,0x2394,0x2394,0x2394,0x2394,0x2394,0x2394,0x2394,0x2373,0x124d,0x120c,0x120c,0x120c,0x120c,0x11eb,0x41,0x0,0x0,0x0,0x0,
  0x0,0x0,0x0,0x0,0x0,0x0,0x0,0x0,0x0,0x0,0x0,0x0,0x0,0x0,0x0,0x0,0x0,0x0,0x0,0x0,0x0,0x0,0x0,0x0,
  0x0,0x0,0x0,0x0,0x0,0x0,0x0,0x0,0x0,0x0,0x0,0x0,0x0,0x0,0x0,0x0,0x0,0x0,0x0,0x0,0x0,0x0,0x0,0x0,
  0x0,0x0,0x0,0x0,0x0,0x83,0x120b,0x120c,0x120c,0x120c,0x120c,0x1a6e,0x2394,0x2394,0x2394,0x2394,0x2394,0x2394,0x2394,0x2394,0x2394,0x2394,0x2394,0x2394,
  0x2394,0x2394,0x2394,0x2394,0x2394,0x2394,0x2394,0x2394,0x2394,0x2394,0x2394,0x2394,0x2394,0x2394,0x2394,0x2394,0x2394,0x2394,0x2394,0x2394,0x2394,0x2394,0x2394,0x2394,
  0x2394,0x2394,0x2394,0x2394,0x2394,0x2394,0x2394,0x2394,0x2394,0x2394,0x2394,0x2394,0x2394,0x2394,0x2394,0x2394,0x2394,0x2394,0x2394,0x2394,0x2394,0x2394,0x2394,0x2394,
  0x2394,0x2394,0x2394,0x2394,0x2394,0x2394,0x2394,0x2394,0x2394,0x2394,0x2394,0x2394,0x1a6e,0x120c,0x120c,0x120c,0x120c,0x120b,0x83,0x0,0x0,0x0,0x0,0x0,
  0x0,0x0,0x0,0x0,0x0,0x0,0x0,0x0,0x0,0x0,0x0,0x0,0x0,0x0,0x0,0x0,0x0,0x0,0x0,0x0,0x0,0x0,0x0,0x0,
  0x0,0x0,0x0,0x0,0x0,0x0,0x0,0x0,0x0,0x0,0x0,0x0,0x0,0x0,0x0,0x0,0x0,0x0,0x0,0x0,0x0,0x0,0x0,0x0,
  0x0,0x0,0x0,0x0,0x0,0x0,0x8e5,0x120c,0x120c,0x120c,0x120c,0x120c,0x1aaf,0x2394,0x2394,0x2394,0x2394,0x2394,0x2394,0x2394,0x2394,0x2394,0x2394,0x2394,
  0x2394,0x2394,0x2394,0x2394,0x2394,0x2394,0x2394,0x2394,0x2394,0x2394,0x2394,0x2394,0x2394,0x2394,0x2394,0x2394,0x2394,0x2394,0x2394,0x2394,0x2394,0x2394,0x2394,0x2394,
  0x2394,0x2394,0x2394,0x2394,0x2394,0x2394,0x2394,0x2394,0x2394,0x2394,0x2394,0x2394,0x2394,0x2394,0x2394,0x2394,0x2394,0x2394,0x2394,0x2394,0x2394,0x2394,0x2394,0x2394,
  0x2394,0x2394,0x2394,0x2394,0x2394,0x2394,0x2394,0x2394,0x2394,0x2394,0x2394,0x1aaf,0x120c,0x120c,0x120c,0x120c,0x120c,0x8e5,0x0,0x0,0x0,0x0,0x0,0x0,
  0x0,0x0,0x0,0x0,0x0,0x0,0x0,0x0,0x0,0x0,0x0,0x0,0x0,0x0,0x0,0x0,0x0,0x0,0x0,0x0,0x0,0x0,0x0,0x0,
  0x0,0x0,0x0,0x0,0x0,0x0,0x0,0x0,0x0,0x0,0x0,0x0,0x0,0x0,0x0,0x0,0x0,0x0,0x0,0x0,0x0,0x0,0x0,0x0,
  0x0,0x0,0x0,0x0,0x0,0x0,0x0,0x947,0x120c,0x120c,0x120c,0x120c,0x120c,0x1af0,0x2394,0x2394,0x2394,0x2394,0x2394,0x2394,0x2394,0x2394,0x2394,0x2394,
  0x2394,0x2394,0x2394,0x2394,0x2394,0x2394,0x2394,0x2394,0x2394,0x2394,0x2394,0x2394,0x2394,0x2394,0x2394,0x2394,0x2394,0x2394,0x2394,0x2394,0x2394,0x2394,0x2394,0x2394,
  0x2394,0x2394,0x2394,0x2394,0x2394,0x2394,0x2394,0x2394,0x2394,0x2394,0x2394,0x2394,0x2394,0x2394,0x2394,0x2394,0x2394,0x2394,0x2394,0x2394,0x2394,0x2394,0x2394,0x2394,
  0x2394,0x2394,0x2394,0x2394,0x2394,0x2394,0x2394,0x2394,0x2394,0x2394,0x1af0,0x120c,0x120c,0x120c,0x120c,0x120c,0x947,0x0,0x0,0x0,0x0,0x0,0x0,0x0,
  0x0,0x0,0x0,0x0,0x0,0x0,0x0,0x0,0x0,0x0,0x0,0x0,0x0,0x0,0x0,0x0,0x0,0x0,0x0,0x0,0x0,0x0,0x0,0x0,
  0x0,0x0,0x0,0x0,0x0,0x0,0x0,0x0,0x0,0x0,0x0,0x0,0x0,0x0,0x0,0x0,0x0,0x0,0x0,0x0,0x0,0x0,0x0,0x0,
  0x0,0x0,0x0,0x0,0x0,0x0,0x0,0x0,0x11a9,0x120c,0x120c,0x120c,0x120c,0x120c,0x2332,0x2394,0x2394,0x2394,0x2394,0x2394,0x2394,0x2394,0x2394,0x2394,
  0x2394,0x2394,0x2394,0x2394,0x2394,0x2394,0x2394,0x2394,0x2394,0x2394,0x2394,0x2394,0x2394,0x2394,0x2394,0x2394,0x2394,0x2394,0x2394,0x2394,0x2394,0x2394,0x2394,0x2394,
  0x2394,0x2394,0x2394,0x2394,0x2394,0x2394,0x2394,0x2394,0x2394,0x2394,0x2394,0x2394,0x2394,0x2394,0x2394,0x2394,0x2394,0x2394,0x2394,0x2394,0x2394,0x2394,0x2394,0x2394,
  0x2394,0x2394,0x2394,0x2394,0x2394,0x2394,0x2394,0x2394,0x2394,0x2332,0x120c,0x120c,0x120c,0x120c,0x120c,0x11a9,0x0,0x0,0x0,0x0,0x0,0x0,0x0,0x0,
  0x0,0x0,0x0,0x0,0x0,0x0,0x0,0x0,0x0,0x0,0x0,0x0,0x0,0x0,0x0,0x0,0x0,0x0,0x0,0x0,0x0,0x0,0x0,0x0,
  0x0,0x0,0x0,0x0,0x0,0x0,0x0,0x0,0x0,0x0,0x0,0x0,0x0,0x0,0x0,0x0,0x0,0x0,0x0,0x0,0x0,0x0,0x0,0x0,
  0x0,0x0,0x0,0x0,0x0,0x0,0x0,0x0,0x21,0x11ca,0x120c,0x120c,0x120c,0x120c,0x122c,0x2353,0x2394,0x2394,0x2394,0x2394,0x2394,0x2394,0x2394,0x2394,
  0x2394,0x2394,0x2394,0x2394,0x2394,0x2394,0x2394,0x2394,0x2394,0x2394,0x2394,0x2394,0x2394,0x2394,0x2394,0x2394,0x2394,0x2394,0x2394,0x2394,0x2394,0x2394,0x2394,0x2394,
  0x2394,0x2394,0x2394,0x2394,0x2394,0x2394,0x2394,0x2394,0x2394,0x2394,0x2394,0x2394,0x2394,0x2394,0x2394,0x2394,0x2394,0x2394,0x2394,0x2394,0x2394,0x2394,0x2394,0x2394,
  0x2394,0x2394,0x2394,0x2394,0x2394,0x2394,0x2394,0x2394,0x2353,0x122c,0x120c,0x120c,0x120c,0x120c,0x11ca,0x21,0x0,0x0,0x0,0x0,0x0,0x0,0x0,0x0,
  0x0,0x0,0x0,0x0,0x0,0x0,0x0,0x0,0x0,0x0,0x0,0x0,0x0,0x0,0x0,0x0,0x0,0x0,0x0,0x0,0x0,0x0,0x0,0x0,
  0x0,0x0,0x0,0x0,0x0,0x0,0x0,0x0,0x0,0x0,0x0,0x0,0x0,0x0,0x0,0x0,0x0,0x0,0x0,0x0,0x0,0x0,0x0,0x0,
  0x0,0x0,0x0,0x0,0x0,0x0,0x0,0x0,0x0,0x62,0x120b,0x120c,0x120c,0x120c,0x120c,0x124d,0x2374,0x2394,0x2394,0x2394,0x2394,0x2394,0x2394,0x2394,
  0x2394,0x2394,0x2394,0x2394,0x2394,0x2394,0x2394,0x2394,0x2394,0x2394,0x2394,0x2394,0x2394,0x2394,0x2394,0x2394,0x2394,0x2394,0x2394,0x2394,0x2394,0x2394,0x2394,0x2394,
  0x2394,0x2394,0x2394,0x2394,0x2394,0x2394,0x2394,0x2394,0x2394,0x2394,0x2394,0x2394,0x2394,0x2394,0x2394,0x2394,0x2394,0x2394,0x2394,0x2394,0x2394,0x2394,0x2394,0x2394,
  0x2394,0x2394,0x2394,0x2394,0x2394,0x2394,0x2394,0x2373,0x124d,0x120c,0x120c,0x120c,0x120c,0x120b,0x62,0x0,0x0,0x0,0x0,0x0,0x0,0x0,0x0,0x0,
  0x0,0x0,0x0,0x0,0x0,0x0,0x0,0x0,0x0,0x0,0x0,0x0,0x0,0x0,0x0,0x0,0x0,0x0,0x0,0x0,0x0,0x0,0x0,0x0,
  0x0,0x0,0x0,0x0,0x0,0x0,0x0,0x0,0x0,0x0,0x0,0x0,0x0,0x0,0x0,0x0,0x0,0x0,0x0,0x0,0x0,0x0,0x0,0x0,
  0x0,0x0,0x0,0x0,0x0,0x0,0x0,0x0,0x0,0x0,0x8c4,0x120c,0x120c,0x120c,0x120c,0x120c,0x1a8e,0x2394,0x2394,0x2394,0x2394,0x2394,0x2394,0x2394,
  0x2394,0x2394,0x2394,0x2394,0x2394,0x2394,0x2394,0x2394,0x2394,0x2394,0x2394,0x2394,0x2394,0x2394,0x2394,0x2394,0x2394,0x2394,0x2394,0x2394,0x2394,0x2394,0x2394,0x2394,
  0x2394,0x2394,0x2394,0x2394,0x2394,0x2394,0x2394,0x2394,0x2394,0x2394,0x2394,0x2394,0x2394,0x2394,0x2394,0x2394,0x2394,0x2394,0x2394,0x2394,0x2394,0x2394,0x2394,0x2394,
  0x2394,0x2394,0x2394,0x2394,0x2394,0x2394,0x2394,0x1a8e,0x120c,0x120c,0x120c,0x120c,0x120c,0x8c4,0x0,0x0,0x0,0x0,0x0,0x0,0x0,0x0,0x0,0x0,
  0x0,0x0,0x0,0x0,0x0,0x0,0x0,0x0,0x0,0x0,0x0,0x0,0x0,0x0,0x0,0x0,0x0,0x0,0x0,0x0,0x0,0x0,0x0,0x0,
  0x0,0x0,0x0,0x0,0x0,0x0,0x0,0x0,0x0,0x0,0x0,0x0,0x0,0x0,0x0,0x0,0x0,0x0,0x0,0x0,0x0,0x0,0x0,0x0,
  0x0,0x0,0x0,0x0,0x0,0x0,0x0,0x0,0x0,0x0,0x0,0x926,0x120c,0x120c,0x120c,0x120c,0x120c,0x1ad0,0x2394,0x2394,0x2394,0x2394,0x2394,0x2394,
  0x2394,0x2394,0x2394,0x2394,0x2394,0x2394,0x2394,0x2394,0x2394,0x2394,0x2394,0x2394,0x2394,0x2394,0x2394,0x2394,0x2394,0x2394,0x2394,0x2394,0x2394,0x2394,0x2394,0x2394,
  0x2394,0x2394,0x2394,0x2394,0x2394,0x2394,0x2394,0x2394,0x2394,0x2394,0x2394,0x2394,0x2394,0x2394,0x2394,0x2394,0x2394,0x2394,0x2394,0x2394,0x2394,0x2394,0x2394,0x2394,
  0x2394,0x2394,0x2394,0x2394,0x2394,0x2394,0x1ad0,0x120c,0x120c,0x120c,0x120c,0x120c,0x926,0x0,0x0,0x0,0x0,0x0,0x0,0x0,0x0,0x0,0x0,0x0,
  0x0,0x0,0x0,0x0,0x0,0x0,0x0,0x0,0x0,0x0,0x0,0x0,0x0,0x0,0x0,0x0,0x0,0x0,0x0,0x0,0x0,0x0,0x0,0x0,
  0x0,0x0,0x0,0x0,0x0,0x0,0x0,0x0,0x0,0x0,0x0,0x0,0x0,0x0,0x0,0x0,0x0,0x0,0x0,0x0,0x0,0x0,0x0,0x0,
  0x0,0x0,0x0,0x0,0x0,0x0,0x0,0x0,0x0,0x0,0x0,0x0,0x988,0x120c,0x120c,0x120c,0x120c,0x120c,0x1b11,0x2394,0x2394,0x2394,0x2394,0x2394,
  0x2394,0x2394,0x2394,0x2394,0x2394,0x2394,0x2394,0x2394,0x2394,0x2394,0x2394,0x2394,0x2394,0x2394,0x2394,0x2394,0x2394,0x2394,0x2394,0x2394,0x2394,0x2394,0x2394,0x2394,
  0x2394,0x2394,0x2394,0x2394,0x2394,0x2394,0x2394,0x2394,0x2394,0x2394,0x2394,0x2394,0x2394,0x2394,0x2394,0x2394,0x2394,0x2394,0x2394,0x2394,0x2394,0x2394,0x2394,0x2394,
  0x2394,0x2394,0x2394,0x2394,0x2394,0x1b11,0x120c,0x120c,0x120c,0x120c,0x120c,0x988,0x0,0x0,0x0,0x0,0x0,0x0,0x0,0x0,0x0,0x0,0x0,0x0,
  0x0,0x0,0x0,0x0,0x0,0x0,0x0,0x0,0x0,0x0,0x0,0x0,0x0,0x0,0x0,0x0,0x0,0x0,0x0,0x0,0x0,0x0,0x0,0x0,
  0x0,0x0,0x0,0x0,0x0,0x0,0x0,0x0,0x0,0x0,0x0,0x0,0x0,0x0,0x0,0x0,0x0,0x0,0x0,0x0,0x0,0x0,0x0,0x0,
  0x0,0x0,0x0,0x0,0x0,0x0,0x0,0x0,0x0,0x0,0x0,0x0,0x20,0x11ca,0x120c,0x120c,0x120c,0x120c,0x122c,0x2352,0x2394,0x2394,0x2394,0x2394,
  0x2394,0x2394,0x2394,0x2394,0x2394,0x2394,0x2394,0x2394,0x2394,0x2394,0x2394,0x2394,0x2394,0x2394,0x2394,0x2394,0x2394,0x2394,0x2394,0x2394,0x2394,0x2394,0x2394,0x2394,
  0x2394,0x2394,0x2394,0x2394,0x2394,0x2394,0x2394,0x2394,0x2394,0x2394,0x2394,0x2394,0x2394,0x2394,0x2394,0x2394,0x2394,0x2394,0x2394,0x2394,0x2394,0x2394,0x2394,0x2394,
  0x2394,0x2394,0x2394,0x2394,0x2352,0x122c,0x120c,0x120c,0x120c,0x120c,0x11ca,0x20,0x0,0x0,0x0,0x0,0x0,0x0,0x0,0x0,0x0,0x0,0x0,0x0,
  0x0,0x0,0x0,0x0,0x0,0x0,0x0,0x0,0x0,0x0,0x0,0x0,0x0,0x0,0x0,0x0,0x0,0x0,0x0,0x0,0x0,0x0,0x0,0x0,
  0x0,0x0,0x0,0x0,0x0,0x0,0x0,0x0,0x0,0x0,0x0,0x0,0x0,0x0,0x0,0x0,0x0,0x0,0x0,0x0,0x0,0x0,0x0,0x0,
  0x0,0x0,0x0,0x0,0x0,0x0,0x0,0x0,0x0,0x0,0x0,0x0,0x0,0x41,0x11eb,0x120c,0x120c,0x120c,0x120c,0x124d,0x2373,0x2394,0x2394,0x2394,
  0x2394,0x2394,0x2394,0x2394,0x2394,0x2394,0x2394,0x2394,0x2394,0x2394,0x2394,0x2394,0x2394,0x2394,0x2394,0x2394,0x2394,0x2394,0x2394,0x2394,0x2394,0x2394,0x2394,0x2394,
  0x2394,0x2394,0x2394,0x2394,0x2394,0x2394,0x2394,0x2394,0x2394,0x2394,0x2394,0x2394,0x2394,0x2394,0x2394,0x2394,0x2394,0x2394,0x2394,0x2394,0x2394,0x2394,0x2394,0x2394,
  0x2394,0x2394,0x2394,0x2373,0x124d,0x120c,0x120c,0x120c,0x120c,0x11eb,0x41,0x0,0x0,0x0,0x0,0x0,0x0,0x0,0x0,0x0,0x0,0x0,0x0,0x0,
  0x0,0x0,0x0,0x0,0x0,0x0,0x0,0x0,0x0,0x0,0x0,0x0,0x0,0x0,0x0,0x0,0x0,0x0,0x0,0x0,0x0,0x0,0x0,0x0,
  0x0,0x0,0x0,0x0,0x0,0x0,0x0,0x0,0x0,0x0,0x0,0x0,0x0,0x0,0x0,0x0,0x0,0x0,0x0,0x0,0x0,0x0,0x0,0x0,
  0x0,0x0,0x0,0x0,0x0,0x0,0x0,0x0,0x0,0x0,0x0,0x0,0x0,0x0,0x83,0x120b,0x120c,0x120c,0x120c,0x120c,0x1a6e,0x2394,0x2394,0x2394,
  0x2394,0x2394,0x2394,0x2394,0x2394,0x2394,0x2394,0x2394,0x2394,0x2394,0x2394,0x2394,0x2394,0x2394,0x2394,0x2394,0x2394,0x2394,0x2394,0x2394,0x2394,0x2394,0x2394,0x2394,
  0x2394,0x2394,0x2394,0x2394,0x2394,0x2394,0x2394,0x2394,0x2394,0x2394,0x2394,0x2394,0x2394,0x2394,0x2394,0x2394,0x2394,0x2394,0x2394,0x2394,0x2394,0x2394,0x2394,0x2394,
  0x2394,0x2394,0x2394,0x1a6e,0x120c,0x120c,0x120c,0x120c,0x120b,0x83,0x0,0x0,0x0,0x0,0x0,0x0,0x0,0x0,0x0,0x0,0x0,0x0,0x0,0x0,
  0x0,0x0,0x0,0x0,0x0,0x0,0x0,0x0,0x0,0x0,0x0,0x0,0x0,0x0,0x0,0x0,0x0,0x0,0x0,0x0,0x0,0x0,0x0,0x0,
  0x0,0x0,0x0,0x0,0x0,0x0,0x0,0x0,0x0,0x0,0x0,0x0,0x0,0x0,0x0,0x0,0x0,0x0,0x0,0x0,0x0,0x0,0x0,0x0,
  0x0,0x0,0x0,0x0,0x0,0x0,0x0,0x0,0x0,0x0,0x0,0x0,0x0,0x0,0x0,0x8e5,0x120c,0x120c,0x120c,0x120c,0x120c,0x1aaf,0x2394,0x2394,
  0x2394,0x2394,0x2394,0x2394,0x2394,0x2394,0x2394,0x2394,0x2394,0x2394,0x2394,0x2394,0x2394,0x2394,0x2394,0x2394,0x2394,0x2394,0x2394,0x2394,0x2394,0x2394,0x2394,0x2394,
  0x2394,0x2394,0x2394,0x2394,0x2394,0x2394,0x2394,0x2394,0x2394,0x2394,0x2394,0x2394,0x2394,0x2394,0x2394,0x2394,0x2394,0x2394,0x2394,0x2394,0x2394,0x2394,0x2394,0x2394,
  0x2394,0x2394,0x1aaf,0x120c,0x120c,0x120c,0x120c,0x120c,0x8e5,0x0,0x0,0x0,0x0,0x0,0x0,0x0,0x0,0x0,0x0,0x0,0x0,0x0,0x0,0x0,
  0x0,0x0,0x0,0x0,0x0,0x0,0x0,0x0,0x0,0x0,0x0,0x0,0x0,0x0,0x0,0x0,0x0,0x0,0x0,0x0,0x0,0x0,0x0,0x0,
  0x0,0x0,0x0,0x0,0x0,0x0,0x0,0x0,0x0,0x0,0x0,0x0,0x0,0x0,0x0,0x0,0x0,0x0,0x0,0x0,0x0,0x0,0x0,0x0,
  0x0,0x0,0x0,0x0,0x0,0x0,0x0,0x0,0x0,0x0,0x0,0x0,0x0,0x0,0x0,0x0,0x947,0x120c,0x120c,0x120c,0x120c,0x120c,0x1af0,0x2394,
  0x2394,0x2394,0x2394,0x2394,0x2394,0x2394,0x2394,0x2394,0x2394,0x2394,0x2394,0x2394,0x2394,0x2394,0x2394,0x2394,0x2394,0x2394,0x2394,0x2394,0x2394,0x2394,0x2394,0x2394,
  0x2394,0x2394,0x2394,0x2394,0x2394,0x2394,0x2394,0x2394,0x2394,0x2394,0x2394,0x2394,0x2394,0x2394,0x2394,0x2394,0x2394,0x2394,0x2394,0x2394,0x2394,0x2394,0x2394,0x2394,
  0x2394,0x1af0,0x120c,0x120c,0x120c,0x120c,0x120c,0x947,0x0,0x0,0x0,0x0,0x0,0x0,0x0,0x0,0x0,0x0,0x0,0x0,0x0,0x0,0x0,0x0,
  0x0,0x0,0x0,0x0,0x0,0x0,0x0,0x0,0x0,0x0,0x0,0x0,0x0,0x0,0x0,0x0,0x0,0x0,0x0,0x0,0x0,0x0,0x0,0x0,
  0x0,0x0,0x0,0x0,0x0,0x0,0x0,0x0,0x0,0x0,0x0,0x0,0x0,0x0,0x0,0x0,0x0,0x0,0x0,0x0,0x0,0x0,0x0,0x0,
  0x0,0x0,0x0,0x0,0x0,0x0,0x0,0x0,0x0,0x0,0x0,0x0,0x0,0x0,0x0,0x0,0x0,0x11a9,0x120c,0x120c,0x120c,0x120c,0x120c,0x1af0,
  0x2394,0x2394,0x2394,0x2394,0x2394,0x2394,0x2394,0x2394,0x2394,0x2394,0x2394,0x2394,0x2394,0x2394,0x2394,0x2394,0x2394,0x2394,0x2394,0x2394,0x2394,0x2394,0x2394,0x2394,
  0x2394,0x2394,0x2394,0x2394,0x2394,0x2394,0x2394,0x2394,0x2394,0x2394,0x2394,0x2394,0x2394,0x2394,0x2394,0x2394,0x2394,0x2394,0x2394,0x2394,0x2394,0x2394,0x2394,0x2394,
  0x1af0,0x120c,0x120c,0x120c,0x120c,0x120c,0x11a9,0x0,0x0,0x0,0x0,0x0,0x0,0x0,0x0,0x0,0x0,0x0,0x0,0x0,0x0,0x0,0x0,0x0,
  0x0,0x0,0x0,0x0,0x0,0x0,0x0,0x0,0x0,0x0,0x0,0x0,0x0,0x0,0x0,0x0,0x0,0x0,0x0,0x0,0x0,0x0,0x0,0x0,
  0x0,0x0,0x0,0x0,0x0,0x0,0x0,0x0,0x0,0x0,0x0,0x0,0x0,0x0,0x0,0x0,0x0,0x0,0x0,0x0,0x0,0x0,0x0,0x0,
  0x0,0x0,0x0,0x0,0x0,0x0,0x0,0x0,0x0,0x0,0x0,0x0,0x0,0x0,0x0,0x0,0x0,0x21,0x11ca,0x120c,0x120c,0x120c,0x120c,0x120c,
  0x1af0,0x2394,0x2394,0x2394,0x2394,0x2394,0x2394,0x2394,0x2394,0x2394,0x2394,0x2394,0x2394,0x2394,0x2394,0x2394,0x2394,0x2394,0x2394,0x2394,0x2394,0x2394,0x2394,0x2394,
  0x2394,0x2394,0x2394,0x2394,0x2394,0x2394,0x2394,0x2394,0x2394,0x2394,0x2394,0x2394,0x2394,0x2394,0x2394,0x2394,0x2394,0x2394,0x2394,0x2394,0x2394,0x2394,0x2394,0x1af0,
  0x120c,0x120c,0x120c,0x120c,0x120c,0x11ca,0x21,0x0,0x0,0x0,0x0,0x0,0x0,0x0,0x0,0x0,0x0,0x0,0x0,0x0,0x0,0x0,0x0,0x0,
  0x0,0x0,0x0,0x0,0x0,0x0,0x0,0x0,0x0,0x0,0x0,0x0,0x0,0x0,0x0,0x0,0x0,0x0,0x0,0x0,0x0,0x0,0x0,0x0,
  0x0,0x0,0x0,0x0,0x0,0x0,0x0,0x0,0x0,0x0,0x0,0x0,0x0,0x0,0x0,0x0,0x0,0x0,0x0,0x0,0x0,0x0,0x0,0x0,
  0x0,0x0,0x0,0x0,0x0,0x0,0x0,0x0,0x0,0x0,0x0,0x0,0x0,0x0,0x0,0x0,0x0,0x0,0x62,0x120b,0x120c,0x120c,0x120c,0x120c,
  0x120c,0x1af0,0x2394,0x2394,0x2394,0x2394,0x2394,0x2394,0x2394,0x2394,0x2394,0x2394,0x2394,0x2394,0x2394,0x2394,0x2394,0x2394,0x2394,0x2394,0x2394,0x2394,0x2394,0x2394,
  0x2394,0x2394,0x2394,0x2394,0x2394,0x2394,0x2394,0x2394,0x2394,0x2394,0x2394,0x2394,0x2394,0x2394,0x2394,0x2394,0x2394,0x2394,0x2394,0x2394,0x2394,0x2394,0x1af0,0x120c,
  0x120c,0x120c,0x120c,0x120c,0x120b,0x62,0x0,0x0,0x0,0x0,0x0,0x0,0x0,0x0,0x0,0x0,0x0,0x0,0x0,0x0,0x0,0x0,0x0,0x0,
  0x0,0x0,0x0,0x0,0x0,0x0,0x0,0x0,0x0,0x0,0x0,0x0,0x0,0x0,0x0,0x0,0x0,0x0,0x0,0x0,0x0,0x0,0x0,0x0,
  0x0,0x0,0x0,0x0,0x0,0x0,0x0,0x0,0x0,0x0,0x0,0x0,0x0,0x0,0x0,0x0,0x0,0x0,0x0,0x0,0x0,0x0,0x0,0x0,
  0x0,0x0,0x0,0x0,0x0,0x0,0x0,0x0,0x0,0x0,0x0,0x0,0x0,0x0,0x0,0x0,0x0,0x0,0x0,0xa4,0x120b,0x120c,0x120c,0x120c,
  0x120c,0x120c,0x1af0,0x2394,0x2394,0x2394,0x2394,0x2394,0x2394,0x2394,0x2394,0x2394,0x2394,0x2394,0x2394,0x2394,0x2394,0x2394,0x2394,0x2394,0x2394,0x2394,0x2394,0x2394,
  0x2394,0x2394,0x2394,0x2394,0x2394,0x2394,0x2394,0x2394,0x2394,0x2394,0x2394,0x2394,0x2394,0x2394,0x2394,0x2394,0x2394,0x2394,0x2394,0x2394,0x2394,0x1af0,0x120c,0x120c,
  0x120c,0x120c,0x120c,0x120b,0xa4,0x0,0x0,0x0,0x0,0x0,0x0,0x0,0x0,0x0,0x0,0x0,0x0,0x0,0x0,0x0,0x0,0x0,0x0,0x0,
  0x0,0x0,0x0,0x0,0x0,0x0,0x0,0x0,0x0,0x0,0x0,0x0,0x0,0x0,0x0,0x0,0x0,0x0,0x0,0x0,0x0,0x0,0x0,0x0,
  0x0,0x0,0x0,0x0,0x0,0x0,0x0,0x0,0x0,0x0,0x0,0x0,0x0,0x0,0x0,0x0,0x0,0x0,0x0,0x0,0x0,0x0,0x0,0x0,
  0x0,0x0,0x0,0x0,0x0,0x0,0x0,0x0,0x0,0x0,0x0,0x0,0x0,0x0,0x0,0x0,0x0,0x0,0x0,0x0,0xc4,0x120b,0x120c,0x120c,
  0x120c,0x120c,0x120c,0x1af0,0x2394,0x2394,0x2394,0x2394,0x2394,0x2394,0x2394,0x2394,0x2394,0x2394,0x2394,0x2394,0x2394,0x2394,0x2394,0x2394,0x2394,0x2394,0x2394,0x2394,
  0x2394,0x2394,0x2394,0x2394,0x2394,0x2394,0x2394,0x2394,0x2394,0x2394,0x2394,0x2394,0x2394,0x2394,0x2394,0x2394,0x2394,0x2394,0x2394,0x2394,0x1af0,0x120c,0x120c,0x120c,
  0x120c,0x120c,0x120b,0xc4,0x0,0x0,0x0,0x0,0x0,0x0,0x0,0x0,0x0,0x0,0x0,0x0,0x0,0x0,0x0,0x0,0x0,0x0,0x0,0x0,
  0x0,0x0,0x0,0x0,0x0,0x0,0x0,0x0,0x0,0x0,0x0,0x0,0x0,0x0,0x0,0x0,0x0,0x0,0x0,0x0,0x0,0x0,0x0,0x0,
  0x0,0x0,0x0,0x0,0x0,0x0,0x0,0x0,0x0,0x0,0x0,0x0,0x0,0x0,0x0,0x0,0x0,0x0,0x0,0x0,0x0,0x0,0x0,0x0,
  0x0,0x0,0x0,0x0,0x0,0x0,0x0,0x0,0x0,0x0,0x0,0x0,0x0,0x0,0x0,0x0,0x0,0x0,0x0,0x0,0x0,0xc4,0x120b,0x120c,
  0x120c,0x120c,0x120c,0x120c,0x1af0,0x2394,0x2394,0x2394,0x2394,0x2394,0x2394,0x2394,0x2394,0x2394,0x2394,0x2394,0x2394,0x2394,0x2394,0x2394,0x2394,0x2394,0x2394,0x2394,
  0x2394,0x2394,0x2394,0x2394,0x2394,0x2394,0x2394,0x2394,0x2394,0x2394,0x2394,0x2394,0x2394,0x2394,0x2394,0x2394,0x2394,0x2394,0x2394,0x1af0,0x120c,0x120c,0x120c,0x120c,
  0x120c,0x120b,0xc4,0x0,0x0,0x0,0x0,0x0,0x0,0x0,0x0,0x0,0x0,0x0,0x0,0x0,0x0,0x0,0x0,0x0,0x0,0x0,0x0,0x0,
  0x0,0x0,0x0,0x0,0x0,0x0,0x0,0x0,0x0,0x0,0x0,0x0,0x0,0x0,0x0,0x0,0x0,0x0,0x0,0x0,0x0,0x0,0x0,0x0,
  0x0,0x0,0x0,0x0,0x0,0x0,0x0,0x0,0x0,0x0,0x0,0x0,0x0,0x0,0x0,0x0,0x0,0x0,0x0,0x0,0x0,0x0,0x0,0x0,
  0x0,0x0,0x0,0x0,0x0,0x0,0x0,0x0,0x0,0x0,0x0,0x0,0x0,0x0,0x0,0x0,0x0,0x0,0x0,0x0,0x0,0x0,0xc4,0x120b,
  0x120c,0x120c,0x120c,0x120c,0x120c,0x1af0,0x2394,0x2394,0x2394,0x2394,0x2394,0x2394,0x2394,0x2394,0x2394,0x2394,0x2394,0x2394,0x2394,0x2394,0x2394,0x2394,0x2394,0x2394,
  0x2394,0x2394,0x2394,0x2394,0x2394,0x2394,0x2394,0x2394,0x2394,0x2394,0x2394,0x2394,0x2394,0x2394,0x2394,0x2394,0x2394,0x2394,0x1af0,0x120c,0x120c,0x120c,0x120c,0x120c,
  0x120b,0xc4,0x0,0x0,0x0,0x0,0x0,0x0,0x0,0x0,0x0,0x0,0x0,0x0,0x0,0x0,0x0,0x0,0x0,0x0,0x0,0x0,0x0,0x0,
  0x0,0x0,0x0,0x0,0x0,0x0,0x0,0x0,0x0,0x0,0x0,0x0,0x0,0x0,0x0,0x0,0x0,0x0,0x0,0x0,0x0,0x0,0x0,0x0,
  0x0,0x0,0x0,0x0,0x0,0x0,0x0,0x0,0x0,0x0,0x0,0x0,0x0,0x0,0x0,0x0,0x0,0x0,0x0,0x0,0x0,0x0,0x0,0x0,
  0x0,0x0,0x0,0x0,0x0,0x0,0x0,0x0,0x0,0x0,0x0,0x0,0x0,0x0,0x0,0x0,0x0,0x0,0x0,0x0,0x0,0x0,0x0,0xc4,
  0x120b,0x120c,0x120c,0x120c,0x120c,0x120c,0x1af0,0x2394,0x2394,0x2394,0x2394,0x2394,0x2394,0x2394,0x2394,0x2394,0x2394,0x2394,0x2394,0x2394,0x2394,0x2394,0x2394,0x2394,
  0x2394,0x2394,0x2394,0x2394,0x2394,0x2394,0x2394,0x2394,0x2394,0x2394,0x2394,0x2394,0x2394,0x2394,0x2394,0x2394,0x2394,0x1af0,0x120c,0x120c,0x120c,0x120c,0x120c,0x120b,
  0xc4,0x0,0x0,0x0,0x0,0x0,0x0,0x0,0x0,0x0,0x0,0x0,0x0,0x0,0x0,0x0,0x0,0x0,0x0,0x0,0x0,0x0,0x0,0x0,
  0x0,0x0,0x0,0x0,0x0,0x0,0x0,0x0,0x0,0x0,0x0,0x0,0x0,0x0,0x0,0x0,0x0,0x0,0x0,0x0,0x0,0x0,0x0,0x0,
  0x0,0x0,0x0,0x0,0x0,0x0,0x0,0x0,0x0,0x0,0x0,0x0,0x0,0x0,0x0,0x0,0x0,0x0,0x0,0x0,0x0,0x0,0x0,0x0,
  0x0,0x0,0x0,0x0,0x0,0x0,0x0,0x0,0x0,0x0,0x0,0x0,0x0,0x0,0x0,0x0,0x0,0x0,0x0,0x0,0x0,0x0,0x0,0x0,
  0xc4,0x120b,0x120c,0x120c,0x120c,0x120c,0x120c,0x1af0,0x2394,0x2394,0x2394,0x2394,0x2394,0x2394,0x2394,0x2394,0x2394,0x2394,0x2394,0x2394,0x2394,0x2394,0x2394,0x2394,
  0x2394,0x2394,0x2394,0x2394,0x2394,0x2394,0x2394,0x2394,0x2394,0x2394,0x2394,0x2394,0x2394,0x2394,0x2394,0x2394,0x1af0,0x120c,0x120c,0x120c,0x120c,0x120c,0x120b,0xc4,
  0x0,0x0,0x0,0x0,0x0,0x0,0x0,0x0,0x0,0x0,0x0,0x0,0x0,0x0,0x0,0x0,0x0,0x0,0x0,0x0,0x0,0x0,0x0,0x0,
  0x0,0x0,0x0,0x0,0x0,0x0,0x0,0x0,0x0,0x0,0x0,0x0,0x0,0x0,0x0,0x0,0x0,0x0,0x0,0x0,0x0,0x0,0x0,0x0,
  0x0,0x0,0x0,0x0,0x0,0x0,0x0,0x0,0x0,0x0,0x0,0x0,0x0,0x0,0x0,0x0,0x0,0x0,0x0,0x0,0x0,0x0,0x0,0x0,
  0x0,0x0,0x0,0x0,0x0,0x0,0x0,0x0,0x0,0x0,0x0,0x0,0x0,0x0,0x0,0x0,0x0,0x0,0x0,0x0,0x0,0x0,0x0,0x0,
  0x0,0xc4,0x120b,0x120c,0x120c,0x120c,0x120c,0x120c,0x1af0,0x2394,0x2394,0x2394,0x2394,0x2394,0x2394,0x2394,0x2394,0x2394,0x2394,0x2394,0x2394,0x2394,0x2394,0x2394,
  0x2394,0x2394,0x2394,0x2394,0x2394,0x2394,0x2394,0x2394,0x2394,0x2394,0x2394,0x2394,0x2394,0x2394,0x2394,0x1af0,0x120c,0x120c,0x120c,0x120c,0x120c,0x120b,0xc4,0x0,
  0x0,0x0,0x0,0x0,0x0,0x0,0x0,0x0,0x0,0x0,0x0,0x0,0x0,0x0,0x0,0x0,0x0,0x0,0x0,0x0,0x0,0x0,0x0,0x0,
  0x0,0x0,0x0,0x0,0x0,0x0,0x0,0x0,0x0,0x0,0x0,0x0,0x0,0x0,0x0,0x0,0x0,0x0,0x0,0x0,0x0,0x0,0x0,0x0,
  0x0,0x0,0x0,0x0,0x0,0x0,0x0,0x0,0x0,0x0,0x0,0x0,0x0,0x0,0x0,0x0,0x0,0x0,0x0,0x0,0x0,0x0,0x0,0x0,
  0x0,0x0,0x0,0x0,0x0,0x0,0x0,0x0,0x0,0x0,0x0,0x0,0x0,0x0,0x0,0x0,0x0,0x0,0x0,0x0,0x0,0x0,0x0,0x0,
  0x0,0x0,0xc4,0x120b,0x120c,0x120c,0x120c,0x120c,0x120c,0x1af0,0x2394,0x2394,0x2394,0x2394,0x2394,0x2394,0x2394,0x2394,0x2394,0x2394,0x2394,0x2394,0x2394,0x2394,
  0x2394,0x2394,0x2394,0x2394,0x2394,0x2394,0x2394,0x2394,0x2394,0x2394,0x2394,0x2394,0x2394,0x2394,0x1af0,0x120c,0x120c,0x120c,0x120c,0x120c,0x120b,0xc4,0x0,0x0,
  0x0,0x0,0x0,0x0,0x0,0x0,0x0,0x0,0x0,0x0,0x0,0x0,0x0,0x0,0x0,0x0,0x0,0x0,0x0,0x0,0x0,0x0,0x0,0x0,
  0x0,0x0,0x0,0x0,0x0,0x0,0x0,0x0,0x0,0x0,0x0,0x0,0x0,0x0,0x0,0x0,0x0,0x0,0x0,0x0,0x0,0x0,0x0,0x0,
  0x0,0x0,0x0,0x0,0x0,0x0,0x0,0x0,0x0,0x0,0x0,0x0,0x0,0x0,0x0,0x0,0x0,0x0,0x0,0x0,0x0,0x0,0x0,0x0,
  0x0,0x0,0x0,0x0,0x0,0x0,0x0,0x0,0x0,0x0,0x0,0x0,0x0,0x0,0x0,0x0,0x0,0x0,0x0,0x0,0x0,0x0,0x0,0x0,
  0x0,0x0,0x0,0xc4,0x120b,0x120c,0x120c,0x120c,0x120c,0x120c,0x1af0,0x2394,0x2394,0x2394,0x2394,0x2394,0x2394,0x2394,0x2394,0x2394,0x2394,0x2394,0x2394,0x2394,
  0x2394,0x2394,0x2394,0x2394,0x2394,0x2394,0x2394,0x2394,0x2394,0x2394,0x2394,0x2394,0x2394,0x1af0,0x120c,0x120c,0x120c,0x120c,0x120c,0x120b,0xc4,0x0,0x0,0x0,
  0x0,0x0,0x0,0x0,0x0,0x0,0x0,0x0,0x0,0x0,0x0,0x0,0x0,0x0,0x0,0x0,0x0,0x0,0x0,0x0,0x0,0x0,0x0,0x0,
  0x0,0x0,0x0,0x0,0x0,0x0,0x0,0x0,0x0,0x0,0x0,0x0,0x0,0x0,0x0,0x0,0x0,0x0,0x0,0x0,0x0,0x0,0x0,0x0,
  0x0,0x0,0x0,0x0,0x0,0x0,0x0,0x0,0x0,0x0,0x0,0x0,0x0,0x0,0x0,0x0,0x0,0x0,0x0,0x0,0x0,0x0,0x0,0x0,
  0x0,0x0,0x0,0x0,0x0,0x0,0x0,0x0,0x0,0x0,0x0,0x0,0x0,0x0,0x0,0x0,0x0,0x0,0x0,0x0,0x0,0x0,0x0,0x0,
  0x0,0x0,0x0,0x0,0xc4,0x120b,0x120c,0x120c,0x120c,0x120c,0x120c,0x1af0,0x2394,0x2394,0x2394,0x2394,0x2394,0x2394,0x2394,0x2394,0x2394,0x2394,0x2394,0x2394,
  0x2394,0x2394,0x2394,0x2394,0x2394,0x2394,0x2394,0x2394,0x2394,0x2394,0x2394,0x2394,0x1af0,0x120c,0x120c,0x120c,0x120c,0x120c,0x120b,0xc4,0x0,0x0,0x0,0x0,
  0x0,0x0,0x0,0x0,0x0,0x0,0x0,0x0,0x0,0x0,0x0,0x0,0x0,0x0,0x0,0x0,0x0,0x0,0x0,0x0,0x0,0x0,0x0,0x0,
  0x0,0x0,0x0,0x0,0x0,0x0,0x0,0x0,0x0,0x0,0x0,0x0,0x0,0x0,0x0,0x0,0x0,0x0,0x0,0x0,0x0,0x0,0x0,0x0,
  0x0,0x0,0x0,0x0,0x0,0x0,0x0,0x0,0x0,0x0,0x0,0x0,0x0,0x0,0x0,0x0,0x0,0x0,0x0,0x0,0x0,0x0,0x0,0x0,
  0x0,0x0,0x0,0x0,0x0,0x0,0x0,0x0,0x0,0x0,0x0,0x0,0x0,0x0,0x0,0x0,0x0,0x0,0x0,0x0,0x0,0x0,0x0,0x0,
  0x0,0x0,0x0,0x0,0x0,0xc4,0x120b,0x120c,0x120c,0x120c,0x120c,0x120c,0x1af0,0x2394,0x2394,0x2394,0x2394,0x2394,0x2394,0x2394,0x2394,0x2394,0x2394,0x2394,
  0x2394,0x2394,0x2394,0x2394,0x2394,0x2394,0x2394,0x2394,0x2394,0x2394,0x2394,0x1af0,0x120c,0x120c,0x120c,0x120c,0x120c,0x120b,0xc4,0x0,0x0,0x0,0x0,0x0,
  0x0,0x0,0x0,0x0,0x0,0x0,0x0,0x0,0x0,0x0,0x0,0x0,0x0,0x0,0x0,0x0,0x0,0x0,0x0,0x0,0x0,0x0,0x0,0x0,
  0x0,0x0,0x0,0x0,0x0,0x0,0x0,0x0,0x0,0x0,0x0,0x0,0x0,0x0,0x0,0x0,0x0,0x0,0x0,0x0,0x0,0x0,0x0,0x0,
  0x0,0x0,0x0,0x0,0x0,0x0,0x0,0x0,0x0,0x0,0x0,0x0,0x0,0x0,0x0,0x0,0x0,0x0,0x0,0x0,0x0,0x0,0x0,0x0,
  0x0,0x0,0x0,0x0,0x0,0x0,0x0,0x0,0x0,0x0,0x0,0x0,0x0,0x0,0x0,0x0,0x0,0x0,0x0,0x0,0x0,0x0,0x0,0x0,
  0x0,0x0,0x0,0x0,0x0,0x0,0xc4,0x120b,0x120c,0x120c,0x120c,0x120c,0x120c,0x1af0,0x2394,0x2394,0x2394,0x2394,0x2394,0x2394,0x2394,0x2394,0x2394,0x2394,
  0x2394,0x2394,0x2394,0x2394,0x2394,0x2394,0x2394,0x2394,0x2394,0x2394,0x1af0,0x120c,0x120c,0x120c,0x120c,0x120c,0x120b,0xc4,0x0,0x0,0x0,0x0,0x0,0x0,
  0x0,0x0,0x0,0x0,0x0,0x0,0x0,0x0,0x0,0x0,0x0,0x0,0x0,0x0,0x0,0x0,0x0,0x0,0x0,0x0,0x0,0x0,0x0,0x0,
  0x0,0x0,0x0,0x0,0x0,0x0,0x0,0x0,0x0,0x0,0x0,0x0,0x0,0x0,0x0,0x0,0x0,0x0,0x0,0x0,0x0,0x0,0x0,0x0,
  0x0,0x0,0x0,0x0,0x0,0x0,0x0,0x0,0x0,0x0,0x0,0x0,0x0,0x0,0x0,0x0,0x0,0x0,0x0,0x0,0x0,0x0,0x0,0x0,
  0x0,0x0,0x0,0x0,0x0,0x0,0x0,0x0,0x0,0x0,0x0,0x0,0x0,0x0,0x0,0x0,0x0,0x0,0x0,0x0,0x0,0x0,0x0,0x0,
  0x0,0x0,0x0,0x0,0x0,0x0,0x0,0xc4,0x120b,0x120c,0x120c,0x120c,0x120c,0x120c,0x1af0,0x2394,0x2394,0x2394,0x2394,0x2394,0x2394,0x2394,0x2394,0x2394,
  0x2394,0x2394,0x2394,0x2394,0x2394,0x2394,0x2394,0x2394,0x2394,0x1af0,0x120c,0x120c,0x120c,0x120c,0x120c,0x120b,0xc4,0x0,0x0,0x0,0x0,0x0,0x0,0x0,
  0x0,0x0,0x0,0x0,0x0,0x0,0x0,0x0,0x0,0x0,0x0,0x0,0x0,0x0,0x0,0x0,0x0,0x0,0x0,0x0,0x0,0x0,0x0,0x0,
  0x0,0x0,0x0,0x0,0x0,0x0,0x0,0x0,0x0,0x0,0x0,0x0,0x0,0x0,0x0,0x0,0x0,0x0,0x0,0x0,0x0,0x0,0x0,0x0,
  0x0,0x0,0x0,0x0,0x0,0x0,0x0,0x0,0x0,0x0,0x0,0x0,0x0,0x0,0x0,0x0,0x0,0x0,0x0,0x0,0x0,0x0,0x0,0x0,
  0x0,0x0,0x0,0x0,0x0,0x0,0x0,0x0,0x0,0x0,0x0,0x0,0x0,0x0,0x0,0x0,0x0,0x0,0x0,0x0,0x0,0x0,0x0,0x0,
  0x0,0x0,0x0,0x0,0x0,0x0,0x0,0x0,0xc4,0x120b,0x120c,0x120c,0x120c,0x120c,0x120c,0x1af0,0x2394,0x2394,0x2394,0x2394,0x2394,0x2394,0x2394,0x2394,
  0x2394,0x2394,0x2394,0x2394,0x2394,0x2394,0x2394,0x2394,0x1af0,0x120c,0x120c,0x120c,0x120c,0x120c,0x120b,0xc4,0x0,0x0,0x0,0x0,0x0,0x0,0x0,0x0,
  0x0,0x0,0x0,0x0,0x0,0x0,0x0,0x0,0x0,0x0,0x0,0x0,0x0,0x0,0x0,0x0,0x0,0x0,0x0,0x0,0x0,0x0,0x0,0x0,
  0x0,0x0,0x0,0x0,0x0,0x0,0x0,0x0,0x0,0x0,0x0,0x0,0x0,0x0,0x0,0x0,0x0,0x0,0x0,0x0,0x0,0x0,0x0,0x0,
  0x0,0x0,0x0,0x0,0x0,0x0,0x0,0x0,0x0,0x0,0x0,0x0,0x0,0x0,0x0,0x0,0x0,0x0,0x0,0x0,0x0,0x0,0x0,0x0,
  0x0,0x0,0x0,0x0,0x0,0x0,0x0,0x0,0x0,0x0,0x0,0x0,0x0,0x0,0x0,0x0,0x0,0x0,0x0,0x0,0x0,0x0,0x0,0x0,
  0x0,0x0,0x0,0x0,0x0,0x0,0x0,0x0,0x0,0xc4,0x120b,0x120c,0x120c,0x120c,0x120c,0x120c,0x1af0,0x2394,0x2394,0x2394,0x2394,0x2394,0x2394,0x2394,
  0x2394,0x2394,0x2394,0x2394,0x2394,0x2394,0x2394,0x1af0,0x120c,0x120c,0x120c,0x120c,0x120c,0x120b,0xc4,0x0,0x0,0x0,0x0,0x0,0x0,0x0,0x0,0x0,
  0x0,0x0,0x0,0x0,0x0,0x0,0x0,0x0,0x0,0x0,0x0,0x0,0x0,0x0,0x0,0x0,0x0,0x0,0x0,0x0,0x0,0x0,0x0,0x0,
  0x0,0x0,0x0,0x0,0x0,0x0,0x0,0x0,0x0,0x0,0x0,0x0,0x0,0x0,0x0,0x0,0x0,0x0,0x0,0x0,0x0,0x0,0x0,0x0,
  0x0,0x0,0x0,0x0,0x0,0x0,0x0,0x0,0x0,0x0,0x0,0x0,0x0,0x0,0x0,0x0,0x0,0x0,0x0,0x0,0x0,0x0,0x0,0x0,
  0x0,0x0,0x0,0x0,0x0,0x0,0x0,0x0,0x0,0x0,0x0,0x0,0x0,0x0,0x0,0x0,0x0,0x0,0x0,0x0,0x0,0x0,0x0,0x0,
  0x0,0x0,0x0,0x0,0x0,0x0,0x0,0x0,0x0,0x0,0xc4,0x120b,0x120c,0x120c,0x120c,0x120c,0x120c,0x1af0,0x2394,0x2394,0x2394,0x2394,0x2394,0x2394,
  0x2394,0x2394,0x2394,0x2394,0x2394,0x2394,0x1af0,0x120c,0x120c,0x120c,0x120c,0x120c,0x120b,0xc4,0x0,0x0,0x0,0x0,0x0,0x0,0x0,0x0,0x0,0x0,
  0x0,0x0,0x0,0x0,0x0,0x0,0x0,0x0,0x0,0x0,0x0,0x0,0x0,0x0,0x0,0x0,0x0,0x0,0x0,0x0,0x0,0x0,0x0,0x0,
  0x0,0x0,0x0,0x0,0x0,0x0,0x0,0x0,0x0,0x0,0x0,0x0,0x0,0x0,0x0,0x0,0x0,0x0,0x0,0x0,0x0,0x0,0x0,0x0,
  0x0,0x0,0x0,0x0,0x0,0x0,0x0,0x0,0x0,0x0,0x0,0x0,0x0,0x0,0x0,0x0,0x0,0x0,0x0,0x0,0x0,0x0,0x0,0x0,
  0x0,0x0,0x0,0x0,0x0,0x0,0x0,0x0,0x0,0x0,0x0,0x0,0x0,0x0,0x0,0x0,0x0,0x0,0x0,0x0,0x0,0x0,0x0,0x0,
  0x0,0x0,0x0,0x0,0x0,0x0,0x0,0x0,0x0,0x0,0x0,0xc4,0x120b,0x120c,0x120c,0x120c,0x120c,0x120c,0x1af0,0x2394,0x2394,0x2394,0x2394,0x2394,
  0x2394,0x2394,0x2394,0x2394,0x2394,0x1af0,0x120c,0x120c,0x120c,0x120c,0x120c,0x120b,0xc4,0x0,0x0,0x0,0x0,0x0,0x0,0x0,0x0,0x0,0x0,0x0,
  0x0,0x0,0x0,0x0,0x0,0x0,0x0,0x0,0x0,0x0,0x0,0x0,0x0,0x0,0x0,0x0,0x0,0x0,0x0,0x0,0x0,0x0,0x0,0x0,
  0x0,0x0,0x0,0x0,0x0,0x0,0x0,0x0,0x0,0x0,0x0,0x0,0x0,0x0,0x0,0x0,0x0,0x0,0x0,0x0,0x0,0x0,0x0,0x0,
  0x0,0x0,0x0,0x0,0x0,0x0,0x0,0x0,0x0,0x0,0x0,0x0,0x0,0x0,0x0,0x0,0x0,0x0,0x0,0x0,0x0,0x0,0x0,0x0,
  0x0,0x0,0x0,0x0,0x0,0x0,0x0,0x0,0x0,0x0,0x0,0x0,0x0,0x0,0x0,0x0,0x0,0x0,0x0,0x0,0x0,0x0,0x0,0x0,
  0x0,0x0,0x0,0x0,0x0,0x0,0x0,0x0,0x0,0x0,0x0,0x0,0xc4,0x120b,0x120c,0x120c,0x120c,0x120c,0x120c,0x1af0,0x2394,0x2394,0x2394,0x2394,
  0x2394,0x2394,0x2394,0x2394,0x1af0,0x120c,0x120c,0x120c,0x120c,0x120c,0x120b,0xc4,0x0,0x0,0x0,0x0,0x0,0x0,0x0,0x0,0x0,0x0,0x0,0x0,
  0x0,0x0,0x0,0x0,0x0,0x0,0x0,0x0,0x0,0x0,0x0,0x0,0x0,0x0,0x0,0x0,0x0,0x0,0x0,0x0,0x0,0x0,0x0,0x0,
  0x0,0x0,0x0,0x0,0x0,0x0,0x0,0x0,0x0,0x0,0x0,0x0,0x0,0x0,0x0,0x0,0x0,0x0,0x0,0x0,0x0,0x0,0x0,0x0,
  0x0,0x0,0x0,0x0,0x0,0x0,0x0,0x0,0x0,0x0,0x0,0x0,0x0,0x0,0x0,0x0,0x0,0x0,0x0,0x0,0x0,0x0,0x0,0x0,
  0x0,0x0,0x0,0x0,0x0,0x0,0x0,0x0,0x0,0x0,0x0,0x0,0x0,0x0,0x0,0x0,0x0,0x0,0x0,0x0,0x0,0x0,0x0,0x0,
  0x0,0x0,0x0,0x0,0x0,0x0,0x0,0x0,0x0,0x0,0x0,0x0,0x0,0xc4,0x120b,0x120c,0x120c,0x120c,0x120c,0x120c,0x1af0,0x2394,0x2394,0x2394,
  0x2394,0x2394,0x2394,0x1af0,0x120c,0x120c,0x120c,0x120c,0x120c,0x120b,0xc4,0x0,0x0,0x0,0x0,0x0,0x0,0x0,0x0,0x0,0x0,0x0,0x0,0x0,
  0x0,0x0,0x0,0x0,0x0,0x0,0x0,0x0,0x0,0x0,0x0,0x0,0x0,0x0,0x0,0x0,0x0,0x0,0x0,0x0,0x0,0x0,0x0,0x0,
  0x0,0x0,0x0,0x0,0x0,0x0,0x0,0x0,0x0,0x0,0x0,0x0,0x0,0x0,0x0,0x0,0x0,0x0,0x0,0x0,0x0,0x0,0x0,0x0,
  0x0,0x0,0x0,0x0,0x0,0x0,0x0,0x0,0x0,0x0,0x0,0x0,0x0,0x0,0x0,0x0,0x0,0x0,0x0,0x0,0x0,0x0,0x0,0x0,
  0x0,0x0,0x0,0x0,0x0,0x0,0x0,0x0,0x0,0x0,0x0,0x0,0x0,0x0,0x0,0x0,0x0,0x0,0x0,0x0,0x0,0x0,0x0,0x0,
  0x0,0x0,0x0,0x0,0x0,0x0,0x0,0x0,0x0,0x0,0x0,0x0,0x0,0x0,0xc4,0x120b,0x120c,0x120c,0x120c,0x120c,0x120c,0x1af0,0x2394,0x2394,
  0x2394,0x2394,0x1af0,0x120c,0x120c,0x120c,0x120c,0x120c,0x120b,0xc4,0x0,0x0,0x0,0x0,0x0,0x0,0x0,0x0,0x0,0x0,0x0,0x0,0x0,0x0,
  0x0,0x0,0x0,0x0,0x0,0x0,0x0,0x0,0x0,0x0,0x0,0x0,0x0,0x0,0x0,0x0,0x0,0x0,0x0,0x0,0x0,0x0,0x0,0x0,
  0x0,0x0,0x0,0x0,0x0,0x0,0x0,0x0,0x0,0x0,0x0,0x0,0x0,0x0,0x0,0x0,0x0,0x0,0x0,0x0,0x0,0x0,0x0,0x0,
  0x0,0x0,0x0,0x0,0x0,0x0,0x0,0x0,0x0,0x0,0x0,0x0,0x0,0x0,0x0,0x0,0x0,0x0,0x0,0x0,0x0,0x0,0x0,0x0,
  0x0,0x0,0x0,0x0,0x0,0x0,0x0,0x0,0x0,0x0,0x0,0x0,0x0,0x0,0x0,0x0,0x0,0x0,0x0,0x0,0x0,0x0,0x0,0x0,
  0x0,0x0,0x0,0x0,0x0,0x0,0x0,0x0,0x0,0x0,0x0,0x0,0x0,0x0,0x0,0xc4,0x120b,0x120c,0x120c,0x120c,0x120c,0x120c,0x1af0,0x2394,
  0x2394,0x1af0,0x120c,0x120c,0x120c,0x120c,0x120c,0x120b,0xc4,0x0,0x0,0x0,0x0,0x0,0x0,0x0,0x0,0x0,0x0,0x0,0x0,0x0,0x0,0x0,
  0x0,0x0,0x0,0x0,0x0,0x0,0x0,0x0,0x0,0x0,0x0,0x0,0x0,0x0,0x0,0x0,0x0,0x0,0x0,0x0,0x0,0x0,0x0,0x0,
  0x0,0x0,0x0,0x0,0x0,0x0,0x0,0x0,0x0,0x0,0x0,0x0,0x0,0x0,0x0,0x0,0x0,0x0,0x0,0x0,0x0,0x0,0x0,0x0,
  0x0,0x0,0x0,0x0,0x0,0x0,0x0,0x0,0x0,0x0,0x0,0x0,0x0,0x0,0x0,0x0,0x0,0x0,0x0,0x0,0x0,0x0,0x0,0x0,
  0x0,0x0,0x0,0x0,0x0,0x0,0x0,0x0,0x0,0x0,0x0,0x0,0x0,0x0,0x0,0x0,0x0,0x0,0x0,0x0,0x0,0x0,0x0,0x0,
  0x0,0x0,0x0,0x0,0x0,0x0,0x0,0x0,0x0,0x0,0x0,0x0,0x0,0x0,0x0,0x0,0xc4,0x120b,0x120c,0x120c,0x120c,0x120c,0x120c,0x1af0,
  0x1af0,0x120c,0x120c,0x120c,0x120c,0x120c,0x120b,0xc4,0x0,0x0,0x0,0x0,0x0,0x0,0x0,0x0,0x0,0x0,0x0,0x0,0x0,0x0,0x0,0x0,
  0x0,0x0,0x0,0x0,0x0,0x0,0x0,0x0,0x0,0x0,0x0,0x0,0x0,0x0,0x0,0x0,0x0,0x0,0x0,0x0,0x0,0x0,0x0,0x0,
  0x0,0x0,0x0,0x0,0x0,0x0,0x0,0x0,0x0,0x0,0x0,0x0,0x0,0x0,0x0,0x0,0x0,0x0,0x0,0x0,0x0,0x0,0x0,0x0,
  0x0,0x0,0x0,0x0,0x0,0x0,0x0,0x0,0x0,0x0,0x0,0x0,0x0,0x0,0x0,0x0,0x0,0x0,0x0,0x0,0x0,0x0,0x0,0x0,
  0x0,0x0,0x0,0x0,0x0,0x0,0x0,0x0,0x0,0x0,0x0,0x0,0x0,0x0,0x0,0x0,0x0,0x0,0x0,0x0,0x0,0x0,0x0,0x0,
  0x0,0x0,0x0,0x0,0x0,0x0,0x0,0x0,0x0,0x0,0x0,0x0,0x0,0x0,0x0,0x0,0x0,0xc4,0x120b,0x120c,0x120c,0x120c,0x120c,0x120c,
  0x120c,0x120c,0x120c,0x120c,0x120c,0x120b,0xc4,0x0,0x0,0x0,0x0,0x0,0x0,0x0,0x0,0x0,0x0,0x0,0x0,0x0,0x0,0x0,0x0,0x0,
  0x0,0x0,0x0,0x0,0x0,0x0,0x0,0x0,0x0,0x0,0x0,0x0,0x0,0x0,0x0,0x0,0x0,0x0,0x0,0x0,0x0,0x0,0x0,0x0,
  0x0,0x0,0x0,0x0,0x0,0x0,0x0,0x0,0x0,0x0,0x0,0x0,0x0,0x0,0x0,0x0,0x0,0x0,0x0,0x0,0x0,0x0,0x0,0x0,
  0x0,0x0,0x0,0x0,0x0,0x0,0x0,0x0,0x0,0x0,0x0,0x0,0x0,0x0,0x0,0x0,0x0,0x0,0x0,0x0,0x0,0x0,0x0,0x0,
  0x0,0x0,0x0,0x0,0x0,0x0,0x0,0x0,0x0,0x0,0x0,0x0,0x0,0x0,0x0,0x0,0x0,0x0,0x0,0x0,0x0,0x0,0x0,0x0,
  0x0,0x0,0x0,0x0,0x0,0x0,0x0,0x0,0x0,0x0,0x0,0x0,0x0,0x0,0x0,0x0,0x0,0x0,0xc4,0x120b,0x120c,0x120c,0x120c,0x120c,
  0x120c,0x120c,0x120c,0x120c,0x120b,0xc4,0x0,0x0,0x0,0x0,0x0,0x0,0x0,0x0,0x0,0x0,0x0,0x0,0x0,0x0,0x0,0x0,0x0,0x0,
  0x0,0x0,0x0,0x0,0x0,0x0,0x0,0x0,0x0,0x0,0x0,0x0,0x0,0x0,0x0,0x0,0x0,0x0,0x0,0x0,0x0,0x0,0x0,0x0,
  0x0,0x0,0x0,0x0,0x0,0x0,0x0,0x0,0x0,0x0,0x0,0x0,0x0,0x0,0x0,0x0,0x0,0x0,0x0,0x0,0x0,0x0,0x0,0x0,
  0x0,0x0,0x0,0x0,0x0,0x0,0x0,0x0,0x0,0x0,0x0,0x0,0x0,0x0,0x0,0x0,0x0,0x0,0x0,0x0,0x0,0x0,0x0,0x0,
  0x0,0x0,0x0,0x0,0x0,0x0,0x0,0x0,0x0,0x0,0x0,0x0,0x0,0x0,0x0,0x0,0x0,0x0,0x0,0x0,0x0,0x0,0x0,0x0,
  0x0,0x0,0x0,0x0,0x0,0x0,0x0,0x0,0x0,0x0,0x0,0x0,0x0,0x0,0x0,0x0,0x0,0x0,0x0,0xc4,0x120b,0x120c,0x120c,0x120c,
  0x120c,0x120c,0x120c,0x120b,0xc4,0x0,0x0,0x0,0x0,0x0,0x0,0x0,0x0,0x0,0x0,0x0,0x0,0x0,0x0,0x0,0x0,0x0,0x0,0x0,
  0x0,0x0,0x0,0x0,0x0,0x0,0x0,0x0,0x0,0x0,0x0,0x0,0x0,0x0,0x0,0x0,0x0,0x0,0x0,0x0,0x0,0x0,0x0,0x0,
  0x0,0x0,0x0,0x0,0x0,0x0,0x0,0x0,0x0,0x0,0x0,0x0,0x0,0x0,0x0,0x0,0x0,0x0,0x0,0x0,0x0,0x0,0x0,0x0,
  0x0,0x0,0x0,0x0,0x0,0x0,0x0,0x0,0x0,0x0,0x0,0x0,0x0,0x0,0x0,0x0,0x0,0x0,0x0,0x0,0x0,0x0,0x0,0x0,
  0x0,0x0,0x0,0x0,0x0,0x0,0x0,0x0,0x0,0x0,0x0,0x0,0x0,0x0,0x0,0x0,0x0,0x0,0x0,0x0,0x0,0x0,0x0,0x0,
  0x0,0x0,0x0,0x0,0x0,0x0,0x0,0x0,0x0,0x0,0x0,0x0,0x0,0x0,0x0,0x0,0x0,0x0,0x0,0x0,0xc4,0x120b,0x120c,0x120c,
  0x120c,0x120c,0x120b,0xc4,0x0,0x0,0x0,0x0,0x0,0x0,0x0,0x0,0x0,0x0,0x0,0x0,0x0,0x0,0x0,0x0,0x0,0x0,0x0,0x0,
  0x0,0x0,0x0,0x0,0x0,0x0,0x0,0x0,0x0,0x0,0x0,0x0,0x0,0x0,0x0,0x0,0x0,0x0,0x0,0x0,0x0,0x0,0x0,0x0,
  0x0,0x0,0x0,0x0,0x0,0x0,0x0,0x0,0x0,0x0,0x0,0x0,0x0,0x0,0x0,0x0,0x0,0x0,0x0,0x0,0x0,0x0,0x0,0x0,
  0x0,0x0,0x0,0x0,0x0,0x0,0x0,0x0,0x0,0x0,0x0,0x0,0x0,0x0,0x0,0x0,0x0,0x0,0x0,0x0,0x0,0x0,0x0,0x0,
  0x0,0x0,0x0,0x0,0x0,0x0,0x0,0x0,0x0,0x0,0x0,0x0,0x0,0x0,0x0,0x0,0x0,0x0,0x0,0x0,0x0,0x0,0x0,0x0,
  0x0,0x0,0x0,0x0,0x0,0x0,0x0,0x0,0x0,0x0,0x0,0x0,0x0,0x0,0x0,0x0,0x0,0x0,0x0,0x0,0x0,0xc4,0x120b,0x120c,
  0x120c,0x120b,0xc4,0x0,0x0,0x0,0x0,0x0,0x0,0x0,0x0,0x0,0x0,0x0,0x0,0x0,0x0,0x0,0x0,0x0,0x0,0x0,0x0,0x0,
  0x0,0x0,0x0,0x0,0x0,0x0,0x0,0x0,0x0,0x0,0x0,0x0,0x0,0x0,0x0,0x0,0x0,0x0,0x0,0x0,0x0,0x0,0x0,0x0,
  0x0,0x0,0x0,0x0,0x0,0x0,0x0,0x0,0x0,0x0,0x0,0x0,0x0,0x0,0x0,0x0,0x0,0x0,0x0,0x0,0x0,0x0,0x0,0x0,
  0x0,0x0,0x0,0x0,0x0,0x0,0x0,0x0,0x0,0x0,0x0,0x0,0x0,0x0,0x0,0x0,0x0,0x0,0x0,0x0,0x0,0x0,0x0,0x0,
  0x0,0x0,0x0,0x0,0x0,0x0,0x0,0x0,0x0,0x0,0x0,0x0,0x0,0x0,0x0,0x0,0x0,0x0,0x0,0x0,0x0,0x0,0x0,0x0,
  0x0,0x0,0x0,0x0,0x0,0x0,0x0,0x0,0x0,0x0,0x0,0x0,0x0,0x0,0x0,0x0,0x0,0x0,0x0,0x0,0x0,0x0,0xc4,0x120b,
  0x120b,0xc4,0x0,0x0,0x0,0x0,0x0,0x0,0x0,0x0,0x0,0x0,0x0,0x0,0x0,0x0,0x0,0x0,0x0,0x0,0x0,0x0,0x0,0x0,
  0x0,0x0,0x0,0x0,0x0,0x0,0x0,0x0,0x0,0x0,0x0,0x0,0x0,0x0,0x0,0x0,0x0,0x0,0x0,0x0,0x0,0x0,0x0,0x0,
  0x0,0x0,0x0,0x0,0x0,0x0,0x0,0x0,0x0,0x0,0x0,0x0,0x0,0x0,0x0,0x0,0x0,0x0,0x0,0x0,0x0,0x0,0x0,0x0,
  0x0,0x0,0x0,0x0,0x0,0x0,0x0,0x0,0x0,0x0,0x0,0x0,0x0,0x0,0x0,0x0,0x0,0x0,0x0,0x0,0x0,0x0,0x0,0x0,
  0x0,0x0,0x0,0x0,0x0,0x0,0x0,0x0,0x0,0x0,0x0,0x0,0x0,0x0,0x0,0x0,0x0,0x0,0x0,0x0,0x0,0x0,0x0,0x0,
  0x0,0x0,0x0,0x0,0x0,0x0,0x0,0x0,0x0,0x0,0x0,0x0,0x0,0x0,0x0,0x0,0x0,0x0,0x0,0x0,0x0,0x0,0x0,0xc4,
  0xc4,0x0,0x0,0x0,0x0,0x0,0x0,0x0,0x0,0x0,0x0,0x0,0x0,0x0,0x0,0x0,0x0,0x0,0x0,0x0,0x0,0x0,0x0,0x0,
  0x0,0x0,0x0,0x0,0x0,0x0,0x0,0x0,0x0,0x0,0x0,0x0,0x0,0x0,0x0,0x0,0x0,0x0,0x0,0x0,0x0,0x0,0x0,0x0,
  0x0,0x0,0x0,0x0,0x0,0x0,0x0,0x0,0x0,0x0,0x0,0x0,0x0,0x0,0x0,0x0,0x0,0x0,0x0,0x0,0x0,0x0,0x0,0x0,
  0x0,0x0,0x0,0x0,0x0,0x0,0x0,0x0,0x0,0x0,0x0,0x0,0x0,0x0,0x0,0x0,0x0,0x0,0x0,0x0,0x0,0x0,0x0,0x0,
  0x0,0x0,0x0,0x0,0x0,0x0,0x0,0x0,0x0,0x0,0x0,0x0,0x0,0x0,0x0,0x0,0x0,0x0,0x0,0x0,0x0,0x0,0x0,0x0,
  0x0,0x0,0x0,0x0,0x0,0x0,0x0,0x0,0x0,0x0,0x0,0x0,0x0,0x0,0x0,0x0,0x0,0x0,0x0,0x0,0x0,0x0,0x0,0x0,
  0x0,0x0,0x0,0x0,0x0,0x0,0x0,0x0,0x0,0x0,0x0,0x0,0x0,0x0,0x0,0x0,0x0,0x0,0x0,0x0,0x0,0x0,0x0,0x0,
  0x0,0x0,0x0,0x0,0x0,0x0,0x0,0x0,0x0,0x0,0x0,0x0,0x0,0x0,0x0,0x0,0x0,0x0,0x0,0x0,0x0,0x0,0x0,0x0,
  0x0,0x0,0x0,0x0,0x0,0x0,0x0,0x0,0x0,0x0,0x0,0x0,0x0,0x0,0x0,0x0,0x0,0x0,0x0,0x0,0x0,0x0,0x0,0x0,
  0x0,0x0,0x0,0x0,0x0,0x0,0x0,0x0,0x0,0x0,0x0,0x0,0x0,0x0,0x0,0x0,0x0,0x0,0x0,0x0,0x0,0x0,0x0,0x0,
  0x0,0x0,0x0,0x0,0x0,0x0,0x0,0x0,0x0,0x0,0x0,0x0,0x0,0x0,0x0,0x0,0x0,0x0,0x0,0x0,0x0,0x0,0x0,0x0,
  0x0,0x0,0x0,0x0,0x0,0x0,0x0,0x0,0x0,0x0,0x0,0x0,0x0,0x0,0x0,0x0,0x0,0x0,0x0,0x0,0x0,0x0,0x0,0x0,
  0x0,0x0,0x0,0x0,0x0,0x0,0x0,0x0,0x0,0x0,0x0,0x0,0x0,0x0,0x0,0x0,0x0,0x0,0x0,0x0,0x0,0x0,0x0,0x0,
  0x0,0x0,0x0,0x0,0x0,0x0,0x0,0x0,0x0,0x0,0x0,0x0,0x0,0x0,0x0,0x0,0x0,0x0,0x0,0x0,0x0,0x0,0x0,0x0,
  0x0,0x0,0x0,0x0,0x0,0x0,0x0,0x0,0x0,0x0,0x0,0x0,0x0,0x0,0x0,0x0,0x0,0x0,0x0,0x0,0x0,0x0,0x0,0x0,
  0x0,0x0,0x0,0x0,0x0,0x0,0x0,0x0,0x0,0x0,0x0,0x0,0x0,0x0,0x0,0x0,0x0,0x0,0x0,0x0,0x0,0x0,0x0,0x0,
  0x0,0x0,0x0,0x0,0x0,0x0,0x0,0x0,0x0,0x0,0x0,0x0,0x0,0x0,0x0,0x0,0x0,0x0,0x0,0x0,0x0,0x0,0x0,0x0,
  0x0,0x0,0x0,0x0,0x0,0x0,0x0,0x0,0x0,0x0,0x0,0x0,0x0,0x0,0x0,0x0,0x0,0x0,0x0,0x0,0x0,0x0,0x0,0x0,
  0x0,0x0,0x0,0x0,0x0,0x0,0x0,0x0,0x0,0x0,0x0,0x0,0x0,0x0,0x0,0x0,0x0,0x0,0x0,0x0,0x0,0x0,0x0,0x0,
  0x0,0x0,0x0,0x0,0x0,0x0,0x0,0x0,0x0,0x0,0x0,0x0,0x0,0x0,0x0,0x0,0x0,0x0,0x0,0x0,0x0,0x0,0x0,0x0,
  0x0,0x0,0x0,0x0,0x0,0x0,0x0,0x0,0x0,0x0,0x0,0x0,0x0,0x0,0x0,0x0,0x0,0x0,0x0,0x0,0x0,0x0,0x0,0x0,
  0x0,0x0,0x0,0x0,0x0,0x0,0x0,0x0,0x0,0x0,0x0,0x0,0x0,0x0,0x0,0x0,0x0,0x0,0x0,0x0,0x0,0x0,0x0,0x0,
  0x0,0x0,0x0,0x0,0x0,0x0,0x0,0x0,0x0,0x0,0x0,0x0,0x0,0x0,0x0,0x0,0x0,0x0,0x0,0x0,0x0,0x0,0x0,0x0,
  0x0,0x0,0x0,0x0,0x0,0x0,0x0,0x0,0x0,0x0,0x0,0x0,0x0,0x0,0x0,0x0,0x0,0x0,0x0,0x0,0x0,0x0,0x0,0x0,
  0x0,0x0,0x0,0x0,0x0,0x0,0x0,0x0,0x0,0x0,0x0,0x0,0x0,0x0,0x0,0x0,0x0,0x0,0x0,0x0,0x0,0x0,0x0,0x0,
  0x0,0x0,0x0,0x0,0x0,0x0,0x0,0x0,0x0,0x0,0x0,0x0,0x0,0x0,0x0,0x0,0x0,0x0,0x0,0x0,0x0,0x0,0x0,0x0,
  0x0,0x0,0x0,0x0,0x0,0x0,0x0,0x0,0x0,0x0,0x0,0x0,0x0,0x0,0x0,0x0,0x0,0x0,0x0,0x0,0x0,0x0,0x0,0x0,
  0x0,0x0,0x0,0x0,0x0,0x0,0x0,0x0,0x0,0x0,0x0,0x0,0x0,0x0,0x0,0x0,0x0,0x0,0x0,0x0,0x0,0x0,0x0,0x0,
  0x0,0x0,0x0,0x0,0x0,0x0,0x0,0x0,0x0,0x0,0x0,0x0,0x0,0x0,0x0,0x0,0x0,0x0,0x0,0x0,0x0,0x0,0x0,0x0,
  0x0,0x0,0x0,0x0,0x0,0x0,0x0,0x0,0x0,0x0,0x0,0x0,0x0,0x0,0x0,0x0,0x0,0x0,0x0,0x0,0x0,0x0,0x0,0x0,
  0x0,0x0,0x0,0x0,0x0,0x0,0x0,0x0,0x0,0x0,0x0,0x0,0x0,0x0,0x0,0x0,0x0,0x0,0x0,0x0,0x0,0x0,0x0,0x0,
  0x0,0x0,0x0,0x0,0x0,0x0,0x0,0x0,0x0,0x0,0x0,0x0,0x0,0x0,0x0,0x0,0x0,0x0,0x0,0x0,0x0,0x0,0x0,0x0,
  0x0,0x0,0x0,0x0,0x0,0x0,0x0,0x0,0x0,0x0,0x0,0x0,0x0,0x0,0x0,0x0,0x0,0x0,0x0,0x0,0x0,0x0,0x0,0x0,
  0x0,0x0,0x0,0x0,0x0,0x0,0x0,0x0,0x0,0x0,0x0,0x0,0x0,0x0,0x0,0x0,0x0,0x0,0x0,0x0,0x0,0x0,0x0,0x0,
  0x0,0x0,0x0,0x0,0x0,0x0,0x0,0x0,0x0,0x0,0x0,0x0,0x0,0x0,0x0,0x0,0x0,0x0,0x0,0x0,0x0,0x0,0x0,0x0,
  0x0,0x0,0x0,0x0,0x0,0x0,0x0,0x0,0x0,0x0,0x0,0x0,0x0,0x0,0x0,0x0,0x0,0x0,0x0,0x0,0x0,0x0,0x0,0x0,
  0x0,0x0,0x0,0x0,0x0,0x0,0x0,0x0,0x0,0x0,0x0,0x0,0x0,0x0,0x0,0x0,0x0,0x0,0x0,0x0,0x0,0x0,0x0,0x0,
  0x0,0x0,0x0,0x0,0x0,0x0,0x0,0x0,0x0,0x0,0x0,0x0,0x0,0x0,0x0,0x0,0x0,0x0,0x0,0x0,0x0,0x0,0x0,0x0,
  0x0,0x0,0x0,0x0,0x0,0x0,0x0,0x0,0x0,0x0,0x0,0x0,0x0,0x0,0x0,0x0,0x0,0x0,0x0,0x0,0x0,0x0,0x0,0x0,
};
const uint8_t GUARDIAN_LOGO_ALPHA[] = {
  0x0,0x0,0x0,0x0,0x0,0x0,0x0,0x0,0x0,0x0,0x0,0x0,0x0,0x0,0x0,0x0,0x0,0x0,0x0,0x0,0x0,0x0,0x0,0x0,
  0x0,0x0,0x0,0x0,0x0,0x0,0x0,0x0,0x0,0x0,0x0,0x0,0x0,0x0,0x0,0x0,0x0,0x0,0x0,0x0,0x0,0x0,0x0,0x0,
  0x0,0x0,0x0,0x0,0x0,0x0,0x0,0x0,0x0,0x0,0x0,0x0,0x0,0x0,0x0,0x0,0x0,0x0,0x0,0x0,0x0,0x0,0x0,0x0,
  0x0,0x0,0x0,0x0,0x0,0x0,0x0,0x0,0x0,0x0,0x0,0x0,0x0,0x0,0x0,0x0,0x0,0x0,0x0,0x0,0x0,0x0,0x0,0x0,
  0x0,0x0,0x0,0x0,0x0,0x0,0x0,0x0,0x0,0x0,0x0,0x0,0x0,0x0,0x0,0x0,0x0,0x0,0x0,0x0,0x0,0x0,0x0,0x0,
  0x0,0x0,0x0,0x0,0x0,0x0,0x0,0x0,0x0,0x0,0x0,0x0,0x0,0x0,0x0,0x0,0x0,0x0,0x0,0x0,0x0,0x0,0x0,0x0,
  0x0,0x0,0x0,0x0,0x0,0x0,0x0,0x0,0x0,0x0,0x0,0x0,0x0,0x0,0x0,0x0,0x0,0x0,0x0,0x0,0x0,0x0,0x0,0x0,
  0x0,0x0,0x0,0x0,0x0,0x0,0x0,0x0,0x0,0x0,0x0,0x0,0x0,0x0,0x0,0x0,0x0,0x0,0x0,0x0,0x0,0x0,0x0,0x0,
  0x0,0x0,0x0,0x0,0x0,0x0,0x0,0x0,0x0,0x0,0x0,0x0,0x0,0x0,0x0,0x0,0x0,0x0,0x0,0x0,0x0,0x0,0x0,0x0,
  0x0,0x0,0x0,0x0,0x0,0x0,0x0,0x0,0x0,0x0,0x0,0x0,0x0,0x0,0x0,0x0,0x0,0x0,0x0,0x0,0x0,0x0,0x0,0x0,
  0x0,0x0,0x0,0x0,0x0,0x0,0x0,0x0,0x0,0x0,0x0,0x0,0x0,0x0,0x0,0x0,0x0,0x0,0x0,0x0,0x0,0x0,0x0,0x0,
  0x0,0x0,0x0,0x0,0x0,0x0,0x0,0x0,0x0,0x0,0x0,0x0,0x0,0x0,0x0,0x0,0x0,0x0,0x0,0x0,0x0,0x0,0x0,0x0,
  0x0,0x0,0x0,0x0,0x0,0x0,0x0,0x0,0x0,0x0,0x0,0x0,0x0,0x0,0x0,0x0,0x0,0x0,0x0,0x0,0x0,0x0,0x0,0x0,
  0x0,0x0,0x0,0x0,0x0,0x0,0x0,0x0,0x0,0x0,0x0,0x0,0x0,0x0,0x0,0x0,0x0,0x0,0x0,0x0,0x0,0x0,0x0,0x0,
  0x0,0x0,0x0,0x0,0x0,0x0,0x0,0x0,0x0,0x0,0x0,0x0,0x0,0x0,0x0,0x0,0x0,0x0,0x0,0x0,0x0,0x0,0x0,0x0,
  0x0,0x0,0x0,0x0,0x0,0x0,0x0,0x0,0x0,0x0,0x0,0x0,0x0,0x0,0x0,0x0,0x0,0x0,0x0,0x0,0x0,0x0,0x0,0x0,
  0x0,0x0,0x0,0x0,0x0,0x0,0x0,0x0,0x0,0x0,0x0,0x0,0x0,0x0,0x0,0x0,0x0,0x0,0x0,0x0,0x0,0x0,0x0,0x0,
  0x0,0x0,0x0,0x0,0x0,0x0,0x0,0x0,0x0,0x0,0x0,0x0,0x0,0x0,0x0,0x0,0x0,0x0,0x0,0x0,0x0,0x0,0x0,0x0,
  0x0,0x0,0x0,0x0,0x0,0x0,0x0,0x0,0x0,0x0,0x0,0x0,0x0,0x0,0x0,0x0,0x0,0x0,0x0,0x0,0x0,0x0,0x0,0x0,
  0x0,0x0,0x0,0x0,0x0,0x0,0x0,0x0,0x0,0x0,0x0,0x0,0x0,0x0,0x0,0x0,0x0,0x0,0x0,0x0,0x0,0x0,0x0,0x0,
  0x0,0x0,0x0,0x0,0x0,0x0,0x0,0x0,0x0,0x0,0x0,0x0,0x0,0x0,0x0,0x0,0x0,0x0,0x0,0x0,0x0,0x0,0x0,0x0,
  0x0,0x0,0x0,0x0,0x0,0x0,0x0,0x0,0x0,0x0,0x0,0x0,0x0,0x0,0x0,0x0,0x0,0x0,0x0,0x0,0x0,0x0,0x0,0x0,
  0x0,0x0,0x0,0x0,0x0,0x0,0x0,0x0,0x0,0x0,0x0,0x0,0x0,0x0,0x0,0x0,0x0,0x0,0x0,0x0,0x0,0x0,0x0,0x0,
  0x0,0x0,0x0,0x0,0x0,0x0,0x0,0x0,0x0,0x0,0x0,0x0,0x0,0x0,0x0,0x0,0x0,0x0,0x0,0x0,0x0,0x0,0x0,0x0,
  0x0,0x0,0x0,0x0,0x0,0x0,0x0,0x0,0x0,0x0,0x0,0x0,0x0,0x0,0x0,0x0,0x0,0x0,0x0,0x0,0x0,0x0,0x0,0x0,
  0x0,0x0,0x0,0x0,0x0,0x0,0x0,0x0,0x0,0x0,0x0,0x0,0x0,0x0,0x0,0x0,0x0,0x0,0x0,0x0,0x0,0x0,0x0,0x0,
  0x0,0x0,0x0,0x0,0x0,0x0,0x0,0x0,0x0,0x0,0x0,0x0,0x0,0x0,0x0,0x0,0x0,0x0,0x0,0x0,0x0,0x0,0x0,0x0,
  0x0,0x0,0x0,0x0,0x0,0x0,0x0,0x0,0x0,0x0,0x0,0x0,0x0,0x0,0x0,0x0,0x0,0x0,0x0,0x0,0x0,0x0,0x0,0x0,
  0x0,0x0,0x0,0x0,0x0,0x0,0x0,0x0,0x0,0x0,0x0,0x0,0x0,0x0,0x0,0x0,0x0,0x0,0x0,0x0,0x0,0x0,0x0,0x0,
  0x0,0x0,0x0,0x0,0x0,0x0,0x0,0x0,0x0,0x0,0x0,0x0,0x0,0x0,0x0,0x0,0x0,0x0,0x0,0x0,0x0,0x0,0x0,0x0,
  0x0,0x0,0x0,0x0,0x0,0x0,0x0,0x0,0x0,0x0,0x0,0x0,0x0,0x0,0x0,0x0,0x0,0x0,0x0,0x0,0x0,0x0,0x0,0x0,
  0x0,0x0,0x0,0x0,0x0,0x0,0x0,0x0,0x0,0x0,0x0,0x0,0x0,0x0,0x0,0x0,0x0,0x0,0x0,0x0,0x0,0x0,0x0,0x0,
  0x0,0x0,0x0,0x0,0x0,0x0,0x0,0x0,0x0,0x0,0x0,0x0,0x0,0x0,0x0,0x0,0x0,0x0,0x0,0x0,0x0,0x0,0x0,0x0,
  0x0,0x0,0x0,0x0,0x0,0x0,0x0,0x0,0x0,0x0,0x0,0x0,0x0,0x0,0x0,0x0,0x0,0x0,0x0,0x0,0x0,0x0,0x0,0x0,
  0x0,0x0,0x0,0x0,0x0,0x0,0x0,0x0,0x0,0x0,0x0,0x0,0x0,0x0,0x0,0x0,0x0,0x0,0x0,0x0,0x0,0x0,0x0,0x0,
  0x0,0x0,0x0,0x0,0x0,0x0,0x0,0x0,0x0,0x0,0x0,0x0,0x0,0x0,0x0,0x0,0x0,0x0,0x0,0x0,0x0,0x0,0x0,0x0,
  0x0,0x0,0x0,0x0,0x0,0x0,0x0,0x0,0x0,0x0,0x0,0x0,0x0,0x0,0x0,0x0,0x0,0x0,0x0,0x0,0x0,0x0,0x0,0x0,
  0x0,0x0,0x0,0x0,0x0,0x0,0x0,0x0,0x0,0x0,0x0,0x0,0x0,0x0,0x0,0x0,0x0,0x0,0x0,0x0,0x0,0x0,0x0,0x0,
  0x0,0x0,0x0,0x0,0x0,0x0,0x0,0x0,0x0,0x0,0x0,0x0,0x0,0x0,0x0,0x0,0x0,0x0,0x0,0x0,0x0,0x0,0x0,0x0,
  0x0,0x0,0x0,0x0,0x0,0x0,0x0,0x0,0x0,0x0,0x0,0x0,0x0,0x0,0x0,0x0,0x0,0x0,0x0,0x0,0x0,0x0,0x0,0x0,
  0x0,0x0,0x0,0x0,0x0,0x0,0x0,0x0,0x0,0x0,0x0,0x0,0x0,0x0,0x0,0x0,0x0,0x0,0x0,0x0,0x0,0x0,0x0,0x0,
  0x0,0x0,0x0,0x0,0x0,0x0,0x0,0x0,0x0,0x0,0x0,0x0,0x0,0x0,0x0,0x0,0x0,0x0,0x0,0x0,0x0,0x0,0x0,0x0,
  0x0,0x0,0x0,0x0,0x0,0x0,0x0,0x0,0x0,0x0,0x0,0x0,0x0,0x0,0x0,0x0,0x0,0x0,0x0,0x0,0x0,0x0,0x0,0x0,
  0x0,0x0,0x0,0x0,0x0,0x0,0x0,0x0,0x0,0x0,0x0,0x0,0x0,0x0,0x0,0x0,0x0,0x0,0x0,0x0,0x0,0x0,0x0,0x0,
  0x0,0x0,0x0,0x0,0x0,0x0,0x0,0x0,0x0,0x0,0x0,0x0,0x0,0x0,0x0,0x0,0x0,0x0,0x0,0x0,0x0,0x0,0x0,0x0,
  0x0,0x0,0x0,0x0,0x0,0x0,0x0,0x0,0x0,0x0,0x0,0x0,0x0,0x0,0x0,0x0,0x0,0x0,0x0,0x0,0x0,0x0,0x0,0x0,
  0x0,0x0,0x0,0x0,0x0,0x0,0x0,0x0,0x0,0x0,0x0,0x0,0x0,0x0,0x0,0x0,0x0,0x0,0x0,0x0,0x0,0x0,0x0,0x0,
  0x0,0x0,0x0,0x0,0x0,0x0,0x0,0x0,0x0,0x0,0x0,0x0,0x0,0x0,0x0,0x0,0x0,0x0,0x0,0x0,0x0,0x0,0x0,0x0,
  0x0,0x0,0x0,0x0,0x0,0x0,0x0,0x0,0x0,0x0,0x0,0x0,0x0,0x0,0x0,0x0,0x0,0x0,0x0,0x0,0x0,0x0,0x0,0x0,
  0x0,0x0,0x0,0x0,0x0,0x0,0x0,0x0,0x0,0x0,0x0,0x0,0x0,0x0,0x0,0x0,0x0,0x0,0x0,0x0,0x0,0x0,0x0,0x0,
  0x0,0x0,0x0,0x0,0x0,0x0,0x0,0x0,0x0,0x0,0x0,0x0,0x0,0x0,0x0,0x0,0x0,0x0,0x0,0x0,0x0,0x0,0x0,0x0,
  0x0,0x0,0x0,0x0,0x0,0x0,0x0,0x0,0x0,0x0,0x0,0x0,0x0,0x0,0x0,0x0,0x0,0x0,0x0,0x0,0x0,0x0,0x0,0x0,
  0x0,0x0,0x0,0x0,0x0,0x0,0x0,0x0,0x0,0x0,0x0,0x0,0x0,0x0,0x0,0x0,0x0,0x0,0x0,0x0,0x0,0x0,0x0,0x0,
  0x0,0x0,0x0,0x0,0x0,0x0,0x0,0x0,0x0,0x0,0x0,0x0,0x0,0x0,0x0,0x0,0x0,0x0,0x0,0x0,0x0,0x0,0x0,0x0,
  0x0,0x0,0x0,0x0,0x0,0x0,0x0,0x0,0x0,0x0,0x0,0x0,0x0,0x0,0x0,0x0,0x0,0x0,0x0,0x0,0x0,0x0,0x0,0x0,
  0x0,0x0,0x0,0x0,0x0,0x0,0x0,0x0,0x0,0x0,0x0,0x0,0x0,0x0,0x0,0x0,0x0,0x0,0x0,0x0,0x0,0x0,0x0,0x0,
  0x0,0x0,0x0,0x0,0x0,0x0,0x0,0x0,0x0,0x0,0x0,0x0,0x0,0x0,0x0,0x0,0x0,0x0,0x0,0x0,0x0,0x0,0x0,0x0,
  0x0,0x0,0x0,0x0,0x0,0x0,0x0,0x0,0x0,0x0,0x0,0x0,0x0,0x0,0x0,0x0,0x0,0x0,0x0,0x0,0x0,0x0,0x0,0x0,
  0x0,0x0,0x0,0x0,0x0,0x0,0x0,0x0,0x0,0x0,0x0,0x0,0x0,0x0,0x0,0x0,0x0,0x0,0x0,0x0,0x0,0x0,0x0,0x0,
  0x0,0x0,0x0,0x0,0x0,0x0,0x0,0x0,0x0,0x0,0x0,0x0,0x0,0x0,0x0,0x0,0x0,0x0,0x0,0x0,0x0,0x0,0x0,0x0,
  0x0,0x0,0x0,0x0,0x0,0x0,0x0,0x0,0x0,0x0,0x0,0x0,0x0,0x0,0x0,0x0,0x0,0x0,0x0,0x0,0x0,0x0,0x0,0x0,
  0x0,0x0,0x0,0x0,0x0,0x0,0x0,0x0,0x0,0x0,0x0,0x0,0x0,0x0,0x0,0x0,0x0,0x0,0x0,0x0,0x0,0x0,0x0,0x0,
  0x0,0x0,0x0,0x0,0x0,0x0,0x0,0x0,0x0,0x0,0x0,0x0,0x0,0x0,0x0,0x0,0x0,0x0,0x0,0x0,0x0,0x0,0x0,0x0,
  0x0,0x0,0x0,0x0,0x0,0x0,0x0,0x0,0x0,0x0,0x0,0x0,0x0,0x0,0x0,0x0,0x0,0x0,0x0,0x0,0x0,0x0,0x0,0x0,
  0x0,0x0,0x0,0x0,0x0,0x0,0x0,0x0,0x0,0x0,0x0,0x0,0x0,0x0,0x0,0x0,0x0,0x0,0x0,0x0,0x0,0x0,0x0,0x0,
  0x0,0x0,0x0,0x0,0x0,0x0,0x0,0x0,0x0,0x0,0x0,0x0,0x0,0x0,0x0,0x0,0x0,0x0,0x0,0x0,0x0,0x0,0x0,0x0,
  0x0,0x0,0x0,0x0,0x0,0x0,0x0,0x0,0x0,0x0,0x0,0x0,0x0,0x0,0x0,0x0,0x0,0x0,0x0,0x0,0x0,0x0,0x0,0x0,
  0x0,0x0,0x0,0x0,0x0,0x0,0x0,0x0,0x0,0x0,0x0,0x0,0x0,0x0,0x0,0x0,0x0,0x0,0x0,0x0,0x0,0x0,0x0,0x0,
  0x0,0x0,0x0,0x0,0x0,0x0,0x0,0x0,0x0,0x0,0x0,0x0,0x0,0x0,0x0,0x0,0x0,0x0,0x0,0x0,0x0,0x0,0x0,0x0,
  0x0,0x0,0x0,0x0,0x0,0x0,0x0,0x0,0x0,0x0,0x0,0x0,0x0,0x0,0x0,0x0,0x0,0x0,0x0,0x0,0x0,0x0,0x0,0x0,
  0x0,0x0,0x0,0x0,0x0,0x0,0x0,0x0,0x0,0x0,0x0,0x0,0x0,0x0,0x0,0x0,0x0,0x0,0x0,0x0,0x0,0x0,0x0,0x0,
  0x0,0x0,0x0,0x0,0x0,0x0,0x0,0x0,0x0,0x0,0x0,0x0,0x0,0x0,0x0,0x0,0x0,0x0,0x0,0x0,0x0,0x0,0x0,0x0,
  0x0,0x0,0x0,0x0,0x0,0x0,0x0,0x0,0x0,0x0,0x0,0x0,0x0,0x0,0x0,0x0,0x0,0x0,0x0,0x0,0x0,0x0,0x0,0x0,
  0x0,0x0,0x0,0x0,0x0,0x0,0x0,0x0,0x0,0x0,0x0,0x0,0x0,0x0,0x0,0x0,0x0,0x0,0x0,0x0,0x0,0x0,0x0,0x0,
  0x0,0x0,0x0,0x0,0x0,0x0,0x0,0x0,0x0,0x0,0x0,0x0,0x0,0x0,0x0,0x0,0x0,0x0,0x0,0x0,0x0,0x0,0x0,0x0,
  0x0,0x0,0x0,0x0,0x0,0x0,0x0,0x0,0x0,0x0,0x0,0x0,0x0,0x0,0x0,0x0,0x0,0x0,0x0,0x0,0x0,0x0,0x0,0x0,
  0x0,0x0,0x0,0x0,0x0,0x0,0x0,0x0,0x0,0x0,0x0,0x0,0x0,0x0,0x0,0x0,0x0,0x0,0x0,0x0,0x0,0x0,0x0,0x0,
  0x0,0x0,0x0,0x0,0x0,0x0,0x0,0x0,0x0,0x0,0x0,0x0,0x0,0x0,0x0,0x0,0x0,0x0,0x0,0x0,0x0,0x0,0x0,0x0,
  0x0,0x0,0x0,0x0,0x0,0x0,0x0,0x0,0x0,0x0,0x0,0x0,0x0,0x0,0x0,0x0,0x0,0x0,0x0,0x0,0x0,0x0,0x0,0x0,
  0x0,0x0,0x0,0x0,0x0,0x0,0x0,0x0,0x0,0x0,0x0,0x0,0x0,0x0,0x0,0x0,0x0,0x0,0x0,0x0,0x0,0x0,0x0,0x0,
  0x0,0x0,0x0,0x0,0x0,0x0,0x0,0x0,0x0,0x0,0x0,0x0,0x0,0x0,0x0,0x0,0x0,0x0,0x0,0x0,0x0,0x0,0x0,0x0,
  0x0,0x0,0x0,0x0,0x0,0x0,0x0,0x0,0x0,0x0,0x0,0x0,0x0,0x0,0x0,0x0,0x0,0x0,0x0,0x0,0x0,0x0,0x0,0x0,
  0x0,0x0,0x0,0x0,0x0,0x0,0x0,0x0,0x0,0x0,0x0,0x0,0x0,0x0,0x0,0x0,0x0,0x0,0x0,0x0,0x0,0x0,0x0,0x0,
  0x0,0x0,0x0,0x0,0x0,0x0,0x0,0x0,0x0,0x0,0x0,0x0,0x0,0x0,0x0,0x0,0x0,0x0,0x0,0x0,0x0,0x0,0x0,0x0,
  0x0,0x0,0x0,0x0,0x0,0x0,0x0,0x0,0x0,0x0,0x0,0x0,0x0,0x0,0x0,0x0,0x0,0x0,0x0,0x0,0x0,0x0,0x0,0x0,
  0x0,0x0,0x0,0x0,0x0,0x0,0x0,0x0,0x0,0x0,0x0,0x0,0x0,0x0,0x0,0x0,0x0,0x0,0x0,0x0,0x0,0x0,0x0,0x0,
  0x0,0x0,0x0,0x0,0x0,0x0,0x0,0x0,0x0,0x0,0x0,0x0,0x0,0x0,0x0,0x0,0x0,0x0,0x0,0x0,0x0,0x0,0x0,0x0,
  0x0,0x0,0x0,0x0,0x0,0x0,0x0,0x0,0x0,0x0,0x0,0x0,0x0,0x0,0x0,0x0,0x0,0x0,0x0,0x0,0x0,0x0,0x0,0x0,
  0x0,0x0,0x0,0x0,0x0,0x0,0x0,0x0,0x0,0x0,0x0,0x0,0x0,0x0,0x0,0x0,0x0,0x0,0x0,0x0,0x0,0x0,0x0,0x0,
  0x0,0x0,0x0,0x0,0x0,0x0,0x0,0x0,0x0,0x0,0x0,0x0,0x0,0x0,0x0,0x0,0x0,0x0,0x0,0x0,0x0,0x0,0x0,0x0,
  0x0,0x0,0x0,0x0,0x0,0x0,0x0,0x0,0x0,0x0,0x0,0x0,0x0,0x0,0x0,0x0,0x0,0x0,0x0,0x0,0x0,0x0,0x0,0x0,
  0x0,0x0,0x0,0x0,0x0,0x0,0x0,0x0,0x0,0x0,0x0,0x0,0x0,0x0,0x0,0x0,0x0,0x0,0x0,0x0,0x0,0x0,0x0,0x0,
  0x0,0x0,0x0,0x0,0x0,0x0,0x0,0x0,0x0,0x0,0x0,0x0,0x0,0x0,0x0,0x0,0x0,0x0,0x0,0x0,0x0,0x0,0x0,0x0,
  0x0,0x0,0x0,0x0,0x0,0x0,0x0,0x0,0x0,0x0,0x0,0x0,0x0,0x0,0x0,0x0,0x0,0x0,0x0,0x0,0x0,0x0,0x0,0x0,
  0x0,0x0,0x0,0x0,0x0,0x0,0x0,0x0,0x0,0x0,0x0,0x0,0x0,0x0,0x0,0x0,0x0,0x0,0x0,0x0,0x0,0x0,0x0,0x0,
  0x0,0x0,0x0,0x0,0x0,0x0,0x0,0x0,0x0,0x0,0x0,0x0,0x0,0x0,0x0,0x0,0x0,0x0,0x0,0x0,0x0,0x0,0x0,0x0,
  0x0,0x0,0x0,0x0,0x0,0x0,0x0,0x0,0x0,0x0,0x0,0x0,0x0,0x0,0x0,0x0,0x0,0x0,0x0,0x0,0x0,0x0,0x0,0x0,
  0x0,0x0,0x0,0x0,0x0,0x0,0x0,0x0,0x0,0x0,0x0,0x0,0x0,0x0,0x0,0x0,0x0,0x0,0x0,0x0,0x0,0x0,0x0,0x0,
  0x0,0x0,0x0,0x0,0x0,0x0,0x0,0x0,0x0,0x0,0x0,0x0,0x0,0x0,0x0,0x0,0x0,0x0,0x0,0x0,0x0,0x0,0x0,0x0,
  0x0,0x0,0x0,0x0,0x0,0x0,0x0,0x0,0x0,0x0,0x0,0x0,0x0,0x0,0x0,0x0,0x0,0x0,0x0,0x0,0x0,0x0,0x0,0x0,
  0x0,0x0,0x0,0x0,0x0,0x0,0x0,0x0,0x0,0x0,0x0,0x0,0x0,0x0,0x0,0x0,0x0,0x0,0x0,0x0,0x0,0x0,0x0,0x0,
  0x0,0x0,0x0,0x0,0x0,0x0,0x0,0x0,0x0,0x0,0x0,0x0,0x0,0x0,0x0,0x0,0x0,0x0,0x0,0x0,0x0,0x0,0x0,0x0,
  0x0,0x0,0x0,0x0,0x0,0x0,0x0,0x0,0x0,0x0,0x0,0x0,0x0,0x0,0x0,0x0,0x0,0x0,0x0,0x0,0x0,0x0,0x0,0x0,
  0x0,0x0,0x0,0x0,0x0,0x0,0x0,0x0,0x0,0x0,0x0,0x0,0x0,0x0,0x0,0x0,0x0,0x0,0x0,0x0,0x0,0x0,0x0,0x0,
  0x0,0x0,0x0,0x0,0x0,0x0,0x0,0x0,0x0,0x0,0x0,0x0,0x0,0x0,0x0,0x0,0x0,0x0,0x0,0x0,0x0,0x0,0x0,0x0,
  0x0,0x0,0x0,0x0,0x0,0x0,0x0,0x0,0x0,0x0,0x0,0x0,0x0,0x0,0x0,0x0,0x0,0x0,0x0,0x0,0x0,0x0,0x0,0x0,
  0x0,0x0,0x0,0x0,0x0,0x0,0x0,0x0,0x0,0x0,0x0,0x0,0x0,0x0,0x0,0x0,0x0,0x0,0x0,0x0,0x0,0x0,0x0,0x0,
  0x0,0x0,0x0,0x0,0x0,0x0,0x0,0x0,0x0,0x0,0x0,0x0,0x0,0x0,0x0,0x0,0x0,0x0,0x0,0x0,0x0,0x0,0x0,0x0,
  0x0,0x0,0x0,0x0,0x0,0x0,0x0,0x0,0x0,0x0,0x0,0x0,0x0,0x0,0x0,0x0,0x0,0x0,0x0,0x0,0x0,0x0,0x0,0x0,
  0x0,0x0,0x0,0x0,0x0,0x0,0x0,0x0,0x0,0x0,0x0,0x0,0x0,0x0,0x0,0x0,0x0,0x0,0x0,0x0,0x0,0x0,0x0,0x0,
  0x0,0x0,0x0,0x0,0x0,0x0,0x0,0x0,0x0,0x0,0x0,0x0,0x0,0x0,0x0,0x0,0x0,0x0,0x0,0x0,0x0,0x0,0x0,0x0,
  0x0,0x0,0x0,0x0,0x0,0x0,0x0,0x0,0x0,0x0,0x0,0x0,0x0,0x0,0x0,0x0,0x0,0x0,0x0,0x0,0x0,0x0,0x0,0x0,
  0x0,0x0,0x0,0x0,0x0,0x0,0x0,0x0,0x0,0x0,0x0,0x0,0x0,0x0,0x0,0x0,0x0,0x0,0x0,0x0,0x0,0x0,0x0,0x0,
  0x0,0x0,0x0,0x0,0x0,0x0,0x0,0x0,0x0,0x0,0x0,0x0,0x0,0x0,0x0,0x0,0x0,0x0,0x0,0x0,0x0,0x0,0x0,0x0,
  0x0,0x0,0x0,0x0,0x0,0x0,0x0,0x0,0x0,0x0,0x0,0x0,0x0,0x0,0x0,0x0,0x0,0x0,0x0,0x0,0x0,0x0,0x0,0x0,
  0x0,0x0,0x0,0x0,0x0,0x0,0x0,0x0,0x0,0x0,0x0,0x0,0x0,0x0,0x0,0x0,0x0,0x0,0x0,0x0,0x0,0x0,0x0,0x0,
  0x0,0x0,0x0,0x0,0x0,0x0,0x0,0x0,0x0,0x0,0x0,0x0,0x0,0x0,0x0,0x0,0x0,0x0,0x0,0x0,0x0,0x0,0x0,0x0,
  0x0,0x0,0x0,0x0,0x0,0x0,0x0,0x0,0x0,0x0,0x0,0x0,0x0,0x0,0x0,0x0,0x0,0x0,0x0,0x0,0x0,0x0,0x0,0x0,
  0x0,0x0,0x0,0x0,0x0,0x0,0x0,0x0,0x0,0x0,0x0,0x0,0x0,0x0,0x0,0x0,0x0,0x0,0x0,0x0,0x0,0x0,0x0,0x0,
  0x0,0x0,0x0,0x0,0x0,0x0,0x0,0x0,0x0,0x0,0x0,0x0,0x0,0x0,0x0,0x0,0x0,0x0,0x0,0x0,0x0,0x0,0x0,0x0,
  0x0,0x0,0x0,0x0,0x0,0x0,0x0,0x0,0x0,0x0,0x0,0x0,0x0,0x0,0x0,0x0,0x0,0x0,0x0,0x0,0x0,0x0,0x0,0x0,
  0x0,0x0,0x0,0x0,0x0,0x0,0x0,0x0,0x0,0x0,0x0,0x0,0x0,0x0,0x0,0x0,0x0,0x0,0x0,0x0,0x0,0x0,0x0,0x0,
  0x0,0x0,0x0,0x0,0x0,0x0,0x0,0x0,0x0,0x0,0x0,0x0,0x0,0x0,0x0,0x0,0x0,0x0,0x0,0x0,0x0,0x0,0x0,0x0,
  0x0,0x0,0x0,0x0,0x0,0x0,0x0,0x0,0x0,0x0,0x0,0x0,0x0,0x0,0x0,0x0,0x0,0x0,0x0,0x0,0x0,0x0,0x0,0x0,
  0x0,0x0,0x0,0x0,0x0,0x0,0x0,0x0,0x0,0x0,0x0,0x0,0x0,0x0,0x0,0x0,0x0,0x0,0x0,0x0,0x0,0x0,0x0,0x0,
  0x0,0x0,0x0,0x0,0x0,0x0,0x0,0x0,0x0,0x0,0x0,0x0,0x0,0x0,0x0,0x0,0x0,0x0,0x0,0x0,0x0,0x0,0x0,0x0,
  0x0,0x0,0x0,0x0,0x0,0x0,0x0,0x0,0x0,0x0,0x0,0x0,0x0,0x0,0x0,0x0,0x0,0x0,0x0,0x0,0x0,0x0,0x0,0x0,
  0x0,0x0,0x0,0x0,0x0,0x0,0x0,0x0,0x0,0xb,0x12,0x4a,0xc,0x12,0x6d,0xc,0x12,0x6d,0xc,0x12,0x6d,0xc,0x12,0x6d,
  0xc,0x12,0x6d,0xc,0x12,0x6d,0xc,0x12,0x6d,0xc,0x12,0x6d,0xc,0x12,0x6d,0xc,0x12,0x6d,0xc,0x12,0x6d,0xc,0x12,0x6d,
  0xc,0x12,0x6d,0xc,0x12,0x6d,0xc,0x12,0x6d,0xc,0x12,0x6d,0xc,0x12,0x6d,0xc,0x12,0x6d,0xc,0x12,0x6d,0xc,0x12,0x6d,
  0xc,0x12,0x6d,0xc,0x12,0x6d,0xc,0x12,0x6d,0xc,0x12,0x6d,0xc,0x12,0x6d,0xc,0x12,0x6d,0xc,0x12,0x6d,0xc,0x12,0x6d,
  0xc,0x12,0x6d,0xc,0x12,0x6d,0xc,0x12,0x6d,0xc,0x12,0x6d,0xc,0x12,0x6d,0xc,0x12,0x6d,0xc,0x12,0x6d,0xc,0x12,0x6d,
  0xc,0x12,0x6d,0xc,0x12,0x6d,0xc,0x12,0x6d,0xc,0x12,0x6d,0xc,0x12,0x6d,0xc,0x12,0x6d,0xc,0x12,0x6d,0xc,0x12,0x6d,
  0xc,0x12,0x6d,0xc,0x12,0x6d,0xc,0x12,0x6d,0xc,0x12,0x6d,0xc,0x12,0x6d,0xc,0x12,0x6d,0xc,0x12,0x6d,0xc,0x12,0x6d,
  0xc,0x12,0x6d,0xc,0x12,0x6d,0xc,0x12,0x6d,0xc,0x12,0x6d,0xc,0x12,0x6d,0xc,0x12,0x6d,0xc,0x12,0x6d,0xc,0x12,0x6d,
  0xc,0x12,0x6d,0xc,0x12,0x6d,0xc,0x12,0x6d,0xc,0x12,0x6d,0xc,0x12,0x6d,0xc,0x12,0x6d,0xc,0x12,0x6d,0xc,0x12,0x6d,
  0xc,0x12,0x6d,0xc,0x12,0x6d,0xc,0x12,0x6d,0xc,0x12,0x6d,0xc,0x12,0x6d,0xc,0x12,0x6d,0xc,0x12,0x6d,0xc,0x12,0x6d,
  0xc,0x12,0x6d,0xc,0x12,0x6d,0xc,0x12,0x6d,0xc,0x12,0x6d,0xc,0x12,0x6d,0xc,0x12,0x6d,0xc,0x12,0x6d,0xc,0x12,0x6d,
  0xc,0x12,0x6d,0xc,0x12,0x6d,0xc,0x12,0x6d,0xc,0x12,0x6d,0xc,0x12,0x6d,0xc,0x12,0x6d,0xc,0x12,0x6d,0xc,0x12,0x6d,
  0xc,0x12,0x6d,0xc,0x12,0x6d,0xc,0x12,0x6d,0xc,0x12,0x6d,0xc,0x12,0x6d,0xc,0x12,0x6d,0xc,0x12,0x6d,0xc,0x12,0x6d,
  0xc,0x12,0x6d,0xc,0x12,0x6d,0xc,0x12,0x6d,0xc,0x12,0x6d,0xc,0x12,0x6d,0xc,0x12,0x6d,0xc,0x12,0x6d,0xc,0x12,0x6d,
  0xc,0x12,0x6d,0xc,0x12,0x6d,0xc,0x12,0x6d,0xc,0x12,0x6d,0xc,0x12,0x6d,0xc,0x12,0x6d,0xc,0x12,0x6d,0xc,0x12,0x6d,
  0xc,0x12,0x6d,0xc,0x12,0x6d,0xc,0x12,0x6d,0xc,0x12,0x6d,0xb,0x12,0x4a,0x0,0x0,0x0,0x0,0x0,0x0,0x0,0x0,0x0,
  0x0,0x0,0x0,0x0,0x0,0x0,0x0,0x0,0x0,0x0,0x0,0x0,0x0,0x0,0x0,0x0,0x0,0x0,0x0,0x0,0x0,0x0,0x0,0x0,
  0x0,0x0,0x0,0x0,0x0,0x0,0x0,0x0,0x0,0x0,0x0,0x0,0x0,0x0,0x0,0x0,0x0,0x0,0x0,0x0,0x0,0x0,0x0,0x0,
  0x0,0x0,0x0,0x0,0x0,0x0,0x0,0x0,0x0,0xc,0x12,0xac,0xc,0x12,0xff,0xc,0x12,0xff,0xc,0x12,0xff,0xc,0x12,0xff,
  0xc,0x12,0xff,0xc,0x12,0xff,0xc,0x12,0xff,0xc,0x12,0xff,0xc,0x12,0xff,0xc,0x12,0xff,0xc,0x12,0xff,0xc,0x12,0xff,
  0xc,0x12,0xff,0xc,0x12,0xff,0xc,0x12,0xff,0xc,0x12,0xff,0xc,0x12,0xff,0xc,0x12,0xff,0xc,0x12,0xff,0xc,0x12,0xff,
  0xc,0x12,0xff,0xc,0x12,0xff,0xc,0x12,0xff,0xc,0x12,0xff,0xc,0x12,0xff,0xc,0x12,0xff,0xc,0x12,0xff,0xc,0x12,0xff,
  0xc,0x12,0xff,0xc,0x12,0xff,0xc,0x12,0xff,0xc,0x12,0xff,0xc,0x12,0xff,0xc,0x12,0xff,0xc,0x12,0xff,0xc,0x12,0xff,
  0xc,0x12,0xff,0xc,0x12,0xff,0xc,0x12,0xff,0xc,0x12,0xff,0xc,0x12,0xff,0xc,0x12,0xff,0xc,0x12,0xff,0xc,0x12,0xff,
  0xc,0x12,0xff,0xc,0x12,0xff,0xc,0x12,0xff,0xc,0x12,0xff,0xc,0x12,0xff,0xc,0x12,0xff,0xc,0x12,0xff,0xc,0x12,0xff,
  0xc,0x12,0xff,0xc,0x12,0xff,0xc,0x12,0xff,0xc,0x12,0xff,0xc,0x12,0xff,0xc,0x12,0xff,0xc,0x12,0xff,0xc,0x12,0xff,
  0xc,0x12,0xff,0xc,0x12,0xff,0xc,0x12,0xff,0xc,0x12,0xff,0xc,0x12,0xff,0xc,0x12,0xff,0xc,0x12,0xff,0xc,0x12,0xff,
  0xc,0x12,0xff,0xc,0x12,0xff,0xc,0x12,0xff,0xc,0x12,0xff,0xc,0x12,0xff,0xc,0x12,0xff,0xc,0x12,0xff,0xc,0x12,0xff,
  0xc,0x12,0xff,0xc,0x12,0xff,0xc,0x12,0xff,0xc,0x12,0xff,0xc,0x12,0xff,0xc,0x12,0xff,0xc,0x12,0xff,0xc,0x12,0xff,
  0xc,0x12,0xff,0xc,0x12,0xff,0xc,0x12,0xff,0xc,0x12,0xff,0xc,0x12,0xff,0xc,0x12,0xff,0xc,0x12,0xff,0xc,0x12,0xff,
  0xc,0x12,0xff,0xc,0x12,0xff,0xc,0x12,0xff,0xc,0x12,0xff,0xc,0x12,0xff,0xc,0x12,0xff,0xc,0x12,0xff,0xc,0x12,0xff,
  0xc,0x12,0xff,0xc,0x12,0xff,0xc,0x12,0xff,0xc,0x12,0xff,0xc,0x12,0xff,0xc,0x12,0xff,0xc,0x12,0xff,0xc,0x12,0xff,
  0xc,0x12,0xff,0xc,0x12,0xff,0xc,0x12,0xff,0xc,0x12,0xff,0xc,0x12,0xff,0xc,0x12,0xff,0xc,0x12,0xff,0xc,0x12,0xff,
  0xc,0x12,0xff,0xc,0x12,0xff,0xc,0x12,0xff,0xc,0x12,0xff,0xc,0x12,0xac,0x0,0x0,0x0,0x0,0x0,0x0,0x0,0x0,0x0,
  0x0,0x0,0x0,0x0,0x0,0x0,0x0,0x0,0x0,0x0,0x0,0x0,0x0,0x0,0x0,0x0,0x0,0x0,0x0,0x0,0x0,0x0,0x0,0x0,
  0x0,0x0,0x0,0x0,0x0,0x0,0x0,0x0,0x0,0x0,0x0,0x0,0x0,0x0,0x0,0x0,0x0,0x0,0x0,0x0,0x0,0x0,0x0,0x0,
  0x0,0x0,0x0,0x0,0x0,0x0,0x0,0x0,0x0,0xc,0x12,0xac,0xc,0x12,0xff,0xc,0x12,0xff,0xc,0x12,0xff,0xc,0x12,0xff,
  0xc,0x12,0xff,0xc,0x12,0xff,0xc,0x12,0xff,0xc,0x12,0xff,0xc,0x12,0xff,0xc,0x12,0xff,0xc,0x12,0xff,0xc,0x12,0xff,
  0xc,0x12,0xff,0xc,0x12,0xff,0xc,0x12,0xff,0xc,0x12,0xff,0xc,0x12,0xff,0xc,0x12,0xff,0xc,0x12,0xff,0xc,0x12,0xff,
  0xc,0x12,0xff,0xc,0x12,0xff,0xc,0x12,0xff,0xc,0x12,0xff,0xc,0x12,0xff,0xc,0x12,0xff,0xc,0x12,0xff,0xc,0x12,0xff,
  0xc,0x12,0xff,0xc,0x12,0xff,0xc,0x12,0xff,0xc,0x12,0xff,0xc,0x12,0xff,0xc,0x12,0xff,0xc,0x12,0xff,0xc,0x12,0xff,
  0xc,0x12,0xff,0xc,0x12,0xff,0xc,0x12,0xff,0xc,0x12,0xff,0xc,0x12,0xff,0xc,0x12,0xff,0xc,0x12,0xff,0xc,0x12,0xff,
  0xc,0x12,0xff,0xc,0x12,0xff,0xc,0x12,0xff,0xc,0x12,0xff,0xc,0x12,0xff,0xc,0x12,0xff,0xc,0x12,0xff,0xc,0x12,0xff,
  0xc,0x12,0xff,0xc,0x12,0xff,0xc,0x12,0xff,0xc,0x12,0xff,0xc,0x12,0xff,0xc,0x12,0xff,0xc,0x12,0xff,0xc,0x12,0xff,
  0xc,0x12,0xff,0xc,0x12,0xff,0xc,0x12,0xff,0xc,0x12,0xff,0xc,0x12,0xff,0xc,0x12,0xff,0xc,0x12,0xff,0xc,0x12,0xff,
  0xc,0x12,0xff,0xc,0x12,0xff,0xc,0x12,0xff,0xc,0x12,0xff,0xc,0x12,0xff,0xc,0x12,0xff,0xc,0x12,0xff,0xc,0x12,0xff,
  0xc,0x12,0xff,0xc,0x12,0xff,0xc,0x12,0xff,0xc,0x12,0xff,0xc,0x12,0xff,0xc,0x12,0xff,0xc,0x12,0xff,0xc,0x12,0xff,
  0xc,0x12,0xff,0xc,0x12,0xff,0xc,0x12,0xff,0xc,0x12,0xff,0xc,0x12,0xff,0xc,0x12,0xff,0xc,0x12,0xff,0xc,0x12,0xff,
  0xc,0x12,0xff,0xc,0x12,0xff,0xc,0x12,0xff,0xc,0x12,0xff,0xc,0x12,0xff,0xc,0x12,0xff,0xc,0x12,0xff,0xc,0x12,0xff,
  0xc,0x12,0xff,0xc,0x12,0xff,0xc,0x12,0xff,0xc,0x12,0xff,0xc,0x12,0xff,0xc,0x12,0xff,0xc,0x12,0xff,0xc,0x12,0xff,
  0xc,0x12,0xff,0xc,0x12,0xff,0xc,0x12,0xff,0xc,0x12,0xff,0xc,0x12,0xff,0xc,0x12,0xff,0xc,0x12,0xff,0xc,0x12,0xff,
  0xc,0x12,0xff,0xc,0x12,0xff,0xc,0x12,0xff,0xc,0x12,0xff,0xc,0x12,0xac,0x0,0x0,0x0,0x0,0x0,0x0,0x0,0x0,0x0,
  0x0,0x0,0x0,0x0,0x0,0x0,0x0,0x0,0x0,0x0,0x0,0x0,0x0,0x0,0x0,0x0,0x0,0x0,0x0,0x0,0x0,0x0,0x0,0x0,
  0x0,0x0,0x0,0x0,0x0,0x0,0x0,0x0,0x0,0x0,0x0,0x0,0x0,0x0,0x0,0x0,0x0,0x0,0x0,0x0,0x0,0x0,0x0,0x0,
  0x0,0x0,0x0,0x0,0x0,0x0,0x0,0x0,0x0,0xc,0x12,0xac,0xc,0x12,0xff,0xc,0x12,0xff,0xc,0x12,0xff,0xc,0x12,0xff,
  0xc,0x12,0xff,0xc,0x12,0xff,0xc,0x12,0xff,0xc,0x12,0xff,0xc,0x12,0xff,0xc,0x12,0xff,0xc,0x12,0xff,0xc,0x12,0xff,
  0xc,0x12,0xff,0xc,0x12,0xff,0xc,0x12,0xff,0xc,0x12,0xff,0xc,0x12,0xff,0xc,0x12,0xff,0xc,0x12,0xff,0xc,0x12,0xff,
  0xc,0x12,0xff,0xc,0x12,0xff,0xc,0x12,0xff,0xc,0x12,0xff,0xc,0x12,0xff,0xc,0x12,0xff,0xc,0x12,0xff,0xc,0x12,0xff,
  0xc,0x12,0xff,0xc,0x12,0xff,0xc,0x12,0xff,0xc,0x12,0xff,0xc,0x12,0xff,0xc,0x12,0xff,0xc,0x12,0xff,0xc,0x12,0xff,
  0xc,0x12,0xff,0xc,0x12,0xff,0xc,0x12,0xff,0xc,0x12,0xff,0xc,0x12,0xff,0xc,0x12,0xff,0xc,0x12,0xff,0xc,0x12,0xff,
  0xc,0x12,0xff,0xc,0x12,0xff,0xc,0x12,0xff,0xc,0x12,0xff,0xc,0x12,0xff,0xc,0x12,0xff,0xc,0x12,0xff,0xc,0x12,0xff,
  0xc,0x12,0xff,0xc,0x12,0xff,0xc,0x12,0xff,0xc,0x12,0xff,0xc,0x12,0xff,0xc,0x12,0xff,0xc,0x12,0xff,0xc,0x12,0xff,
  0xc,0x12,0xff,0xc,0x12,0xff,0xc,0x12,0xff,0xc,0x12,0xff,0xc,0x12,0xff,0xc,0x12,0xff,0xc,0x12,0xff,0xc,0x12,0xff,
  0xc,0x12,0xff,0xc,0x12,0xff,0xc,0x12,0xff,0xc,0x12,0xff,0xc,0x12,0xff,0xc,0x12,0xff,0xc,0x12,0xff,0xc,0x12,0xff,
  0xc,0x12,0xff,0xc,0x12,0xff,0xc,0x12,0xff,0xc,0x12,0xff,0xc,0x12,0xff,0xc,0x12,0xff,0xc,0x12,0xff,0xc,0x12,0xff,
  0xc,0x12,0xff,0xc,0x12,0xff,0xc,0x12,0xff,0xc,0x12,0xff,0xc,0x12,0xff,0xc,0x12,0xff,0xc,0x12,0xff,0xc,0x12,0xff,
  0xc,0x12,0xff,0xc,0x12,0xff,0xc,0x12,0xff,0xc,0x12,0xff,0xc,0x12,0xff,0xc,0x12,0xff,0xc,0x12,0xff,0xc,0x12,0xff,
  0xc,0x12,0xff,0xc,0x12,0xff,0xc,0x12,0xff,0xc,0x12,0xff,0xc,0x12,0xff,0xc,0x12,0xff,0xc,0x12,0xff,0xc,0x12,0xff,
  0xc,0x12,0xff,0xc,0x12,0xff,0xc,0x12,0xff,0xc,0x12,0xff,0xc,0x12,0xff,0xc,0x12,0xff,0xc,0x12,0xff,0xc,0x12,0xff,
  0xc,0x12,0xff,0xc,0x12,0xff,0xc,0x12,0xff,0xc,0x12,0xff,0xc,0x12,0xac,0x0,0x0,0x0,0x0,0x0,0x0,0x0,0x0,0x0,
  0x0,0x0,0x0,0x0,0x0,0x0,0x0,0x0,0x0,0x0,0x0,0x0,0x0,0x0,0x0,0x0,0x0,0x0,0x0,0x0,0x0,0x0,0x0,0x0,
  0x0,0x0,0x0,0x0,0x0,0x0,0x0,0x0,0x0,0x0,0x0,0x0,0x0,0x0,0x0,0x0,0x0,0x0,0x0,0x0,0x0,0x0,0x0,0x0,
  0x0,0x0,0x0,0x0,0x0,0x0,0x0,0x0,0x0,0xc,0x12,0xac,0xc,0x12,0xff,0xc,0x12,0xff,0xc,0x12,0xff,0xc,0x12,0xff,
  0xc,0x12,0xff,0xc,0x12,0xff,0xc,0x12,0xff,0xc,0x12,0xff,0xc,0x12,0xff,0xc,0x12,0xff,0xc,0x12,0xff,0xc,0x12,0xff,
  0xc,0x12,0xff,0xc,0x12,0xff,0xc,0x12,0xff,0xc,0x12,0xff,0xc,0x12,0xff,0xc,0x12,0xff,0xc,0x12,0xff,0xc,0x12,0xff,
  0xc,0x12,0xff,0xc,0x12,0xff,0xc,0x12,0xff,0xc,0x12,0xff,0xc,0x12,0xff,0xc,0x12,0xff,0xc,0x12,0xff,0xc,0x12,0xff,
  0xc,0x12,0xff,0xc,0x12,0xff,0xc,0x12,0xff,0xc,0x12,0xff,0xc,0x12,0xff,0xc,0x12,0xff,0xc,0x12,0xff,0xc,0x12,0xff,
  0xc,0x12,0xff,0xc,0x12,0xff,0xc,0x12,0xff,0xc,0x12,0xff,0xc,0x12,0xff,0xc,0x12,0xff,0xc,0x12,0xff,0xc,0x12,0xff,
  0xc,0x12,0xff,0xc,0x12,0xff,0xc,0x12,0xff,0xc,0x12,0xff,0xc,0x12,0xff,0xc,0x12,0xff,0xc,0x12,0xff,0xc,0x12,0xff,
  0xc,0x12,0xff,0xc,0x12,0xff,0xc,0x12,0xff,0xc,0x12,0xff,0xc,0x12,0xff,0xc,0x12,0xff,0xc,0x12,0xff,0xc,0x12,0xff,
  0xc,0x12,0xff,0xc,0x12,0xff,0xc,0x12,0xff,0xc,0x12,0xff,0xc,0x12,0xff,0xc,0x12,0xff,0xc,0x12,0xff,0xc,0x12,0xff,
  0xc,0x12,0xff,0xc,0x12,0xff,0xc,0x12,0xff,0xc,0x12,0xff,0xc,0x12,0xff,0xc,0x12,0xff,0xc,0x12,0xff,0xc,0x12,0xff,
  0xc,0x12,0xff,0xc,0x12,0xff,0xc,0x12,0xff,0xc,0x12,0xff,0xc,0x12,0xff,0xc,0x12,0xff,0xc,0x12,0xff,0xc,0x12,0xff,
  0xc,0x12,0xff,0xc,0x12,0xff,0xc,0x12,0xff,0xc,0x12,0xff,0xc,0x12,0xff,0xc,0x12,0xff,0xc,0x12,0xff,0xc,0x12,0xff,
  0xc,0x12,0xff,0xc,0x12,0xff,0xc,0x12,0xff,0xc,0x12,0xff,0xc,0x12,0xff,0xc,0x12,0xff,0xc,0x12,0xff,0xc,0x12,0xff,
  0xc,0x12,0xff,0xc,0x12,0xff,0xc,0x12,0xff,0xc,0x12,0xff,0xc,0x12,0xff,0xc,0x12,0xff,0xc,0x12,0xff,0xc,0x12,0xff,
  0xc,0x12,0xff,0xc,0x12,0xff,0xc,0x12,0xff,0xc,0x12,0xff,0xc,0x12,0xff,0xc,0x12,0xff,0xc,0x12,0xff,0xc,0x12,0xff,
  0xc,0x12,0xff,0xc,0x12,0xff,0xc,0x12,0xff,0xc,0x12,0xff,0xc,0x12,0xac,0x0,0x0,0x0,0x0,0x0,0x0,0x0,0x0,0x0,
  0x0,0x0,0x0,0x0,0x0,0x0,0x0,0x0,0x0,0x0,0x0,0x0,0x0,0x0,0x0,0x0,0x0,0x0,0x0,0x0,0x0,0x0,0x0,0x0,
  0x0,0x0,0x0,0x0,0x0,0x0,0x0,0x0,0x0,0x0,0x0,0x0,0x0,0x0,0x0,0x0,0x0,0x0,0x0,0x0,0x0,0x0,0x0,0x0,
  0x0,0x0,0x0,0x0,0x0,0x0,0x0,0x0,0x0,0xc,0x12,0xac,0xc,0x12,0xff,0xc,0x12,0xff,0xc,0x12,0xff,0xc,0x12,0xff,
  0xc,0x12,0xff,0xc,0x12,0xff,0xc,0x12,0xff,0xc,0x12,0xff,0xc,0x12,0xff,0xc,0x12,0xff,0xc,0x12,0xff,0xc,0x12,0xff,
  0xc,0x12,0xff,0xc,0x12,0xff,0xc,0x12,0xff,0xc,0x12,0xff,0xc,0x12,0xff,0xc,0x12,0xff,0xc,0x12,0xff,0xc,0x12,0xff,
  0xc,0x12,0xff,0xc,0x12,0xff,0xc,0x12,0xff,0xc,0x12,0xff,0xc,0x12,0xff,0xc,0x12,0xff,0xc,0x12,0xff,0xc,0x12,0xff,
  0xc,0x12,0xff,0xc,0x12,0xff,0xc,0x12,0xff,0xc,0x12,0xff,0xc,0x12,0xff,0xc,0x12,0xff,0xc,0x12,0xff,0xc,0x12,0xff,
  0xc,0x12,0xff,0xc,0x12,0xff,0xc,0x12,0xff,0xc,0x12,0xff,0xc,0x12,0xff,0xc,0x12,0xff,0xc,0x12,0xff,0xc,0x12,0xff,
  0xc,0x12,0xff,0xc,0x12,0xff,0xc,0x12,0xff,0xc,0x12,0xff,0xc,0x12,0xff,0xc,0x12,0xff,0xc,0x12,0xff,0xc,0x12,0xff,
  0xc,0x12,0xff,0xc,0x12,0xff,0xc,0x12,0xff,0xc,0x12,0xff,0xc,0x12,0xff,0xc,0x12,0xff,0xc,0x12,0xff,0xc,0x12,0xff,
  0xc,0x12,0xff,0xc,0x12,0xff,0xc,0x12,0xff,0xc,0x12,0xff,0xc,0x12,0xff,0xc,0x12,0xff,0xc,0x12,0xff,0xc,0x12,0xff,
  0xc,0x12,0xff,0xc,0x12,0xff,0xc,0x12,0xff,0xc,0x12,0xff,0xc,0x12,0xff,0xc,0x12,0xff,0xc,0x12,0xff,0xc,0x12,0xff,
  0xc,0x12,0xff,0xc,0x12,0xff,0xc,0x12,0xff,0xc,0x12,0xff,0xc,0x12,0xff,0xc,0x12,0xff,0xc,0x12,0xff,0xc,0x12,0xff,
  0xc,0x12,0xff,0xc,0x12,0xff,0xc,0x12,0xff,0xc,0x12,0xff,0xc,0x12,0xff,0xc,0x12,0xff,0xc,0x12,0xff,0xc,0x12,0xff,
  0xc,0x12,0xff,0xc,0x12,0xff,0xc,0x12,0xff,0xc,0x12,0xff,0xc,0x12,0xff,0xc,0x12,0xff,0xc,0x12,0xff,0xc,0x12,0xff,
  0xc,0x12,0xff,0xc,0x12,0xff,0xc,0x12,0xff,0xc,0x12,0xff,0xc,0x12,0xff,0xc,0x12,0xff,0xc,0x12,0xff,0xc,0x12,0xff,
  0xc,0x12,0xff,0xc,0x12,0xff,0xc,0x12,0xff,0xc,0x12,0xff,0xc,0x12,0xff,0xc,0x12,0xff,0xc,0x12,0xff,0xc,0x12,0xff,
  0xc,0x12,0xff,0xc,0x12,0xff,0xc,0x12,0xff,0xc,0x12,0xff,0xc,0x12,0xac,0x0,0x0,0x0,0x0,0x0,0x0,0x0,0x0,0x0,
  0x0,0x0,0x0,0x0,0x0,0x0,0x0,0x0,0x0,0x0,0x0,0x0,0x0,0x0,0x0,0x0,0x0,0x0,0x0,0x0,0x0,0x0,0x0,0x0,
  0x0,0x0,0x0,0x0,0x0,0x0,0x0,0x0,0x0,0x0,0x0,0x0,0x0,0x0,0x0,0x0,0x0,0x0,0x0,0x0,0x0,0x0,0x0,0x0,
  0x0,0x0,0x0,0x0,0x0,0x0,0x0,0x0,0x0,0xc,0x12,0xac,0xc,0x12,0xff,0xc,0x12,0xff,0xc,0x12,0xff,0xc,0x12,0xff,
  0xc,0x12,0xff,0x4c,0x12,0xff,0x4d,0x1a,0xff,0x4d,0x1a,0xff,0x4d,0x1a,0xff,0x4d,0x1a,0xff,0x4d,0x1a,0xff,0x4d,0x1a,0xff,
  0x4d,0x1a,0xff,0x4d,0x1a,0xff,0x4d,0x1a,0xff,0x4d,0x1a,0xff,0x4d,0x1a,0xff,0x4d,0x1a,0xff,0x4d,0x1a,0xff,0x4d,0x1a,0xff,
  0x4d,0x1a,0xff,0x4d,0x1a,0xff,0x4d,0x1a,0xff,0x4d,0x1a,0xff,0x4d,0x1a,0xff,0x4d,0x1a,0xff,0x4d,0x1a,0xff,0x4d,0x1a,0xff,
  0x4d,0x1a,0xff,0x4d,0x1a,0xff,0x4d,0x1a,0xff,0x4d,0x1a,0xff,0x4d,0x1a,0xff,0x4d,0x1a,0xff,0x4d,0x1a,0xff,0x4d,0x1a,0xff,
  0x4d,0x1a,0xff,0x4d,0x1a,0xff,0x4d,0x1a,0xff,0x4d,0x1a,0xff,0x4d,0x1a,0xff,0x4d,0x1a,0xff,0x4d,0x1a,0xff,0x4d,0x1a,0xff,
  0x4d,0x1a,0xff,0x4d,0x1a,0xff,0x4d,0x1a,0xff,0x4d,0x1a,0xff,0x4d,0x1a,0xff,0x4d,0x1a,0xff,0x4d,0x1a,0xff,0x4d,0x1a,0xff,
  0x4d,0x1a,0xff,0x4d,0x1a,0xff,0x4d,0x1a,0xff,0x4d,0x1a,0xff,0x4d,0x1a,0xff,0x4d,0x1a,0xff,0x4d,0x1a,0xff,0x4d,0x1a,0xff,
  0x4d,0x1a,0xff,0x4d,0x1a,0xff,0x4d,0x1a,0xff,0x4d,0x1a,0xff,0x4d,0x1a,0xff,0x4d,0x1a,0xff,0x4d,0x1a,0xff,0x4d,0x1a,0xff,
  0x4d,0x1a,0xff,0x4d,0x1a,0xff,0x4d,0x1a,0xff,0x4d,0x1a,0xff,0x4d,0x1a,0xff,0x4d,0x1a,0xff,0x4d,0x1a,0xff,0x4d,0x1a,0xff,
  0x4d,0x1a,0xff,0x4d,0x1a,0xff,0x4d,0x1a,0xff,0x4d,0x1a,0xff,0x4d,0x1a,0xff,0x4d,0x1a,0xff,0x4d,0x1a,0xff,0x4d,0x1a,0xff,
  0x4d,0x1a,0xff,0x4d,0x1a,0xff,0x4d,0x1a,0xff,0x4d,0x1a,0xff,0x4d,0x1a,0xff,0x4d,0x1a,0xff,0x4d,0x1a,0xff,0x4d,0x1a,0xff,
  0x4d,0x1a,0xff,0x4d,0x1a,0xff,0x4d,0x1a,0xff,0x4d,0x1a,0xff,0x4d,0x1a,0xff,0x4d,0x1a,0xff,0x4d,0x1a,0xff,0x4d,0x1a,0xff,
  0x4d,0x1a,0xff,0x4d,0x1a,0xff,0x4d,0x1a,0xff,0x4d,0x1a,0xff,0x4d,0x1a,0xff,0x4d,0x1a,0xff,0x4d,0x1a,0xff,0x4d,0x1a,0xff,
  0x4d,0x1a,0xff,0x4d,0x1a,0xff,0x4d,0x1a,0xff,0x4d,0x1a,0xff,0x4d,0x1a,0xff,0x4d,0x1a,0xff,0x4c,0x12,0xff,0xc,0x12,0xff,
  0xc,0x12,0xff,0xc,0x12,0xff,0xc,0x12,0xff,0xc,0x12,0xff,0xc,0x12,0xac,0x0,0x0,0x0,0x0,0x0,0x0,0x0,0x0,0x0,
  0x0,0x0,0x0,0x0,0x0,0x0,0x0,0x0,0x0,0x0,0x0,0x0,0x0,0x0,0x0,0x0,0x0,0x0,0x0,0x0,0x0,0x0,0x0,0x0,
  0x0,0x0,0x0,0x0,0x0,0x0,0x0,0x0,0x0,0x0,0x0,0x0,0x0,0x0,0x0,0x0,0x0,0x0,0x0,0x0,0x0,0x0,0x0,0x0,
  0x0,0x0,0x0,0x0,0x0,0x0,0x0,0x0,0x0,0xc,0x12,0xac,0xc,0x12,0xff,0xc,0x12,0xff,0xc,0x12,0xff,0xc,0x12,0xff,
  0xc,0x12,0xff,0xf1,0x1a,0xff,0x94,0x23,0xff,0x94,0x23,0xff,0x94,0x23,0xff,0x94,0x23,0xff,0x94,0x23,0xff,0x94,0x23,0xff,
  0x94,0x23,0xff,0x94,0x23,0xff,0x94,0x23,0xff,0x94,0x23,0xff,0x94,0x23,0xff,0x94,0x23,0xff,0x94,0x23,0xff,0x94,0x23,0xff,
  0x94,0x23,0xff,0x94,0x23,0xff,0x94,0x23,0xff,0x94,0x23,0xff,0x94,0x23,0xff,0x94,0x23,0xff,0x94,0x23,0xff,0x94,0x23,0xff,
  0x94,0x23,0xff,0x94,0x23,0xff,0x94,0x23,0xff,0x94,0x23,0xff,0x94,0x23,0xff,0x94,0x23,0xff,0x94,0x23,0xff,0x94,0x23,0xff,
  0x94,0x23,0xff,0x94,0x23,0xff,0x94,0x23,0xff,0x94,0x23,0xff,0x94,0x23,0xff,0x94,0x23,0xff,0x94,0x23,0xff,0x94,0x23,0xff,
  0x94,0x23,0xff,0x94,0x23,0xff,0x94,0x23,0xff,0x94,0x23,0xff,0x94,0x23,0xff,0x94,0x23,0xff,0x94,0x23,0xff,0x94,0x23,0xff,
  0x94,0x23,0xff,0x94,0x23,0xff,0x94,0x23,0xff,0x94,0x23,0xff,0x94,0x23,0xff,0x94,0x23,0xff,0x94,0x23,0xff,0x94,0x23,0xff,
  0x94,0x23,0xff,0x94,0x23,0xff,0x94,0x23,0xff,0x94,0x23,0xff,0x94,0x23,0xff,0x94,0x23,0xff,0x94,0x23,0xff,0x94,0x23,0xff,
  0x94,0x23,0xff,0x94,0x23,0xff,0x94,0x23,0xff,0x94,0x23,0xff,0x94,0x23,0xff,0x94,0x23,0xff,0x94,0x23,0xff,0x94,0x23,0xff,
  0x94,0x23,0xff,0x94,0x23,0xff,0x94,0x23,0xff,0x94,0x23,0xff,0x94,0x23,0xff,0x94,0x23,0xff,0x94,0x23,0xff,0x94,0x23,0xff,
  0x94,0x23,0xff,0x94,0x23,0xff,0x94,0x23,0xff,0x94,0x23,0xff,0x94,0x23,0xff,0x94,0x23,0xff,0x94,0x23,0xff,0x94,0x23,0xff,
  0x94,0x23,0xff,0x94,0x23,0xff,0x94,0x23,0xff,0x94,0x23,0xff,0x94,0x23,0xff,0x94,0x23,0xff,0x94,0x23,0xff,0x94,0x23,0xff,
  0x94,0x23,0xff,0x94,0x23,0xff,0x94,0x23,0xff,0x94,0x23,0xff,0x94,0x23,0xff,0x94,0x23,0xff,0x94,0x23,0xff,0x94,0x23,0xff,
  0x94,0x23,0xff,0x94,0x23,0xff,0x94,0x23,0xff,0x94,0x23,0xff,0x94,0x23,0xff,0x94,0x23,0xff,0xf1,0x1a,0xff,0xc,0x12,0xff,
  0xc,0x12,0xff,0xc,0x12,0xff,0xc,0x12,0xff,0xc,0x12,0xff,0xc,0x12,0xac,0x0,0x0,0x0,0x0,0x0,0x0,0x0,0x0,0x0,
  0x0,0x0,0x0,0x0,0x0,0x0,0x0,0x0,0x0,0x0,0x0,0x0,0x0,0x0,0x0,0x0,0x0,0x0,0x0,0x0,0x0,0x0,0x0,0x0,
  0x0,0x0,0x0,0x0,0x0,0x0,0x0,0x0,0x0,0x0,0x0,0x0,0x0,0x0,0x0,0x0,0x0,0x0,0x0,0x0,0x0,0x0,0x0,0x0,
  0x0,0x0,0x0,0x0,0x0,0x0,0x0,0x0,0x0,0xc,0x12,0xac,0xc,0x12,0xff,0xc,0x12,0xff,0xc,0x12,0xff,0xc,0x12,0xff,
  0xc,0x12,0xff,0xf1,0x1a,0xff,0x94,0x23,0xff,0x94,0x23,0xff,0x94,0x23,0xff,0x94,0x23,0xff,0x94,0x23,0xff,0x94,0x23,0xff,
  0x94,0x23,0xff,0x94,0x23,0xff,0x94,0x23,0xff,0x94,0x23,0xff,0x94,0x23,0xff,0x94,0x23,0xff,0x94,0x23,0xff,0x94,0x23,0xff,
  0x94,0x23,0xff,0x94,0x23,0xff,0x94,0x23,0xff,0x94,0x23,0xff,0x94,0x23,0xff,0x94,0x23,0xff,0x94,0x23,0xff,0x94,0x23,0xff,
  0x94,0x23,0xff,0x94,0x23,0xff,0x94,0x23,0xff,0x94,0x23,0xff,0x94,0x23,0xff,0x94,0x23,0xff,0x94,0x23,0xff,0x94,0x23,0xff,
  0x94,0x23,0xff,0x94,0x23,0xff,0x94,0x23,0xff,0x94,0x23,0xff,0x94,0x23,0xff,0x94,0x23,0xff,0x94,0x23,0xff,0x94,0x23,0xff,
  0x94,0x23,0xff,0x94,0x23,0xff,0x94,0x23,0xff,0x94,0x23,0xff,0x94,0x23,0xff,0x94,0x23,0xff,0x94,0x23,0xff,0x94,0x23,0xff,
  0x94,0x23,0xff,0x94,0x23,0xff,0x94,0x23,0xff,0x94,0x23,0xff,0x94,0x23,0xff,0x94,0x23,0xff,0x94,0x23,0xff,0x94,0x23,0xff,
  0x94,0x23,0xff,0x94,0x23,0xff,0x94,0x23,0xff,0x94,0x23,0xff,0x94,0x23,0xff,0x94,0x23,0xff,0x94,0x23,0xff,0x94,0x23,0xff,
  0x94,0x23,0xff,0x94,0x23,0xff,0x94,0x23,0xff,0x94,0x23,0xff,0x94,0x23,0xff,0x94,0x23,0xff,0x94,0x23,0xff,0x94,0x23,0xff,
  0x94,0x23,0xff,0x94,0x23,0xff,0x94,0x23,0xff,0x94,0x23,0xff,0x94,0x23,0xff,0x94,0x23,0xff,0x94,0x23,0xff,0x94,0x23,0xff,
  0x94,0x23,0xff,0x94,0x23,0xff,0x94,0x23,0xff,0x94,0x23,0xff,0x94,0x23,0xff,0x94,0x23,0xff,0x94,0x23,0xff,0x94,0x23,0xff,
  0x94,0x23,0xff,0x94,0x23,0xff,0x94,0x23,0xff,0x94,0x23,0xff,0x94,0x23,0xff,0x94,0x23,0xff,0x94,0x23,0xff,0x94,0x23,0xff,
  0x94,0x23,0xff,0x94,0x23,0xff,0x94,0x23,0xff,0x94,0x23,0xff,0x94,0x23,0xff,0x94,0x23,0xff,0x94,0x23,0xff,0x94,0x23,0xff,
  0x94,0x23,0xff,0x94,0x23,0xff,0x94,0x23,0xff,0x94,0x23,0xff,0x94,0x23,0xff,0x94,0x23,0xff,0xf1,0x1a,0xff,0xc,0x12,0xff,
  0xc,0x12,0xff,0xc,0x12,0xff,0xc,0x12,0xff,0xc,0x12,0xff,0xc,0x12,0xac,0x0,0x0,0x0,0x0,0x0,0x0,0x0,0x0,0x0,
  0x0,0x0,0x0,0x0,0x0,0x0,0x0,0x0,0x0,0x0,0x0,0x0,0x0,0x0,0x0,0x0,0x0,0x0,0x0,0x0,0x0,0x0,0x0,0x0,
  0x0,0x0,0x0,0x0,0x0,0x0,0x0,0x0,0x0,0x0,0x0,0x0,0x0,0x0,0x0,0x0,0x0,0x0,0x0,0x0,0x0,0x0,0x0,0x0,
  0x0,0x0,0x0,0x0,0x0,0x0,0x0,0x0,0x0,0xc,0x12,0xac,0xc,0x12,0xff,0xc,0x12,0xff,0xc,0x12,0xff,0xc,0x12,0xff,
  0xc,0x12,0xff,0xf1,0x1a,0xff,0x94,0x23,0xff,0x94,0x23,0xff,0x94,0x23,0xff,0x94,0x23,0xff,0x94,0x23,0xff,0x94,0x23,0xff,
  0x94,0x23,0xff,0x94,0x23,0xff,0x94,0x23,0xff,0x94,0x23,0xff,0x94,0x23,0xff,0x94,0x23,0xff,0x94,0x23,0xff,0x94,0x23,0xff,
  0x94,0x23,0xff,0x94,0x23,0xff,0x94,0x23,0xff,0x94,0x23,0xff,0x94,0x23,0xff,0x94,0x23,0xff,0x94,0x23,0xff,0x94,0x23,0xff,
  0x94,0x23,0xff,0x94,0x23,0xff,0x94,0x23,0xff,0x94,0x23,0xff,0x94,0x23,0xff,0x94,0x23,0xff,0x94,0x23,0xff,0x94,0x23,0xff,
  0x94,0x23,0xff,0x94,0x23,0xff,0x94,0x23,0xff,0x94,0x23,0xff,0x94,0x23,0xff,0x94,0x23,0xff,0x94,0x23,0xff,0x94,0x23,0xff,
  0x94,0x23,0xff,0x94,0x23,0xff,0x94,0x23,0xff,0x94,0x23,0xff,0x94,0x23,0xff,0x94,0x23,0xff,0x94,0x23,0xff,0x94,0x23,0xff,
  0x94,0x23,0xff,0x94,0x23,0xff,0x94,0x23,0xff,0x94,0x23,0xff,0x94,0x23,0xff,0x94,0x23,0xff,0x94,0x23,0xff,0x94,0x23,0xff,
  0x94,0x23,0xff,0x94,0x23,0xff,0x94,0x23,0xff,0x94,0x23,0xff,0x94,0x23,0xff,0x94,0x23,0xff,0x94,0x23,0xff,0x94,0x23,0xff,
  0x94,0x23,0xff,0x94,0x23,0xff,0x94,0x23,0xff,0x94,0x23,0xff,0x94,0x23,0xff,0x94,0x23,0xff,0x94,0x23,0xff,0x94,0x23,0xff,
  0x94,0x23,0xff,0x94,0x23,0xff,0x94,0x23,0xff,0x94,0x23,0xff,0x94,0x23,0xff,0x94,0x23,0xff,0x94,0x23,0xff,0x94,0x23,0xff,
  0x94,0x23,0xff,0x94,0x23,0xff,0x94,0x23,0xff,0x94,0x23,0xff,0x94,0x23,0xff,0x94,0x23,0xff,0x94,0x23,0xff,0x94,0x23,0xff,
  0x94,0x23,0xff,0x94,0x23,0xff,0x94,0x23,0xff,0x94,0x23,0xff,0x94,0x23,0xff,0x94,0x23,0xff,0x94,0x23,0xff,0x94,0x23,0xff,
  0x94,0x23,0xff,0x94,0x23,0xff,0x94,0x23,0xff,0x94,0x23,0xff,0x94,0x23,0xff,0x94,0x23,0xff,0x94,0x23,0xff,0x94,0x23,0xff,
  0x94,0x23,0xff,0x94,0x23,0xff,0x94,0x23,0xff,0x94,0x23,0xff,0x94,0x23,0xff,0x94,0x23,0xff,0xf1,0x1a,0xff,0xc,0x12,0xff,
  0xc,0x12,0xff,0xc,0x12,0xff,0xc,0x12,0xff,0xc,0x12,0xff,0xc,0x12,0xac,0x0,0x0,0x0,0x0,0x0,0x0,0x0,0x0,0x0,
  0x0,0x0,0x0,0x0,0x0,0x0,0x0,0x0,0x0,0x0,0x0,0x0,0x0,0x0,0x0,0x0,0x0,0x0,0x0,0x0,0x0,0x0,0x0,0x0,
  0x0,0x0,0x0,0x0,0x0,0x0,0x0,0x0,0x0,0x0,0x0,0x0,0x0,0x0,0x0,0x0,0x0,0x0,0x0,0x0,0x0,0x0,0x0,0x0,
  0x0,0x0,0x0,0x0,0x0,0x0,0x0,0x0,0x0,0xc,0x12,0xac,0xc,0x12,0xff,0xc,0x12,0xff,0xc,0x12,0xff,0xc,0x12,0xff,
  0xc,0x12,0xff,0xf1,0x1a,0xff,0x94,0x23,0xff,0x94,0x23,0xff,0x94,0x23,0xff,0x94,0x23,0xff,0x94,0x23,0xff,0x94,0x23,0xff,
  0x94,0x23,0xff,0x94,0x23,0xff,0x94,0x23,0xff,0x94,0x23,0xff,0x94,0x23,0xff,0x94,0x23,0xff,0x94,0x23,0xff,0x94,0x23,0xff,
  0x94,0x23,0xff,0x94,0x23,0xff,0x94,0x23,0xff,0x94,0x23,0xff,0x94,0x23,0xff,0x94,0x23,0xff,0x94,0x23,0xff,0x94,0x23,0xff,
  0x94,0x23,0xff,0x94,0x23,0xff,0x94,0x23,0xff,0x94,0x23,0xff,0x94,0x23,0xff,0x94,0x23,0xff,0x94,0x23,0xff,0x94,0x23,0xff,
  0x94,0x23,0xff,0x94,0x23,0xff,0x94,0x23,0xff,0x94,0x23,0xff,0x94,0x23,0xff,0x94,0x23,0xff,0x94,0x23,0xff,0x94,0x23,0xff,
  0x94,0x23,0xff,0x94,0x23,0xff,0x94,0x23,0xff,0x94,0x23,0xff,0x94,0x23,0xff,0x94,0x23,0xff,0x94,0x23,0xff,0x94,0x23,0xff,
  0x94,0x23,0xff,0x94,0x23,0xff,0x94,0x23,0xff,0x94,0x23,0xff,0x94,0x23,0xff,0x94,0x23,0xff,0x94,0x23,0xff,0x94,0x23,0xff,
  0x94,0x23,0xff,0x94,0x23,0xff,0x94,0x23,0xff,0x94,0x23,0xff,0x94,0x23,0xff,0x94,0x23,0xff,0x94,0x23,0xff,0x94,0x23,0xff,
  0x94,0x23,0xff,0x94,0x23,0xff,0x94,0x23,0xff,0x94,0x23,0xff,0x94,0x23,0xff,0x94,0x23,0xff,0x94,0x23,0xff,0x94,0x23,0xff,
  0x94,0x23,0xff,0x94,0x23,0xff,0x94,0x23,0xff,0x94,0x23,0xff,0x94,0x23,0xff,0x94,0x23,0xff,0x94,0x23,0xff,0x94,0x23,0xff,
  0x94,0x23,0xff,0x94,0x23,0xff,0x94,0x23,0xff,0x94,0x23,0xff,0x94,0x23,0xff,0x94,0x23,0xff,0x94,0x23,0xff,0x94,0x23,0xff,
  0x94,0x23,0xff,0x94,0x23,0xff,0x94,0x23,0xff,0x94,0x23,0xff,0x94,0x23,0xff,0x94,0x23,0xff,0x94,0x23,0xff,0x94,0x23,0xff,
  0x94,0x23,0xff,0x94,0x23,0xff,0x94,0x23,0xff,0x94,0x23,0xff,0x94,0x23,0xff,0x94,0x23,0xff,0x94,0x23,0xff,0x94,0x23,0xff,
  0x94,0x23,0xff,0x94,0x23,0xff,0x94,0x23,0xff,0x94,0x23,0xff,0x94,0x23,0xff,0x94,0x23,0xff,0xf1,0x1a,0xff,0xc,0x12,0xff,
  0xc,0x12,0xff,0xc,0x12,0xff,0xc,0x12,0xff,0xc,0x12,0xff,0xc,0x12,0xac,0x0,0x0,0x0,0x0,0x0,0x0,0x0,0x0,0x0,
  0x0,0x0,0x0,0x0,0x0,0x0,0x0,0x0,0x0,0x0,0x0,0x0,0x0,0x0,0x0,0x0,0x0,0x0,0x0,0x0,0x0,0x0,0x0,0x0,
  0x0,0x0,0x0,0x0,0x0,0x0,0x0,0x0,0x0,0x0,0x0,0x0,0x0,0x0,0x0,0x0,0x0,0x0,0x0,0x0,0x0,0x0,0x0,0x0,
  0x0,0x0,0x0,0x0,0x0,0x0,0x0,0x0,0x0,0xc,0x12,0xac,0xc,0x12,0xff,0xc,0x12,0xff,0xc,0x12,0xff,0xc,0x12,0xff,
  0xc,0x12,0xff,0xf1,0x1a,0xff,0x94,0x23,0xff,0x94,0x23,0xff,0x94,0x23,0xff,0x94,0x23,0xff,0x94,0x23,0xff,0x94,0x23,0xff,
  0x94,0x23,0xff,0x94,0x23,0xff,0x94,0x23,0xff,0x94,0x23,0xff,0x94,0x23,0xff,0x94,0x23,0xff,0x94,0x23,0xff,0x94,0x23,0xff,
  0x94,0x23,0xff,0x94,0x23,0xff,0x94,0x23,0xff,0x94,0x23,0xff,0x94,0x23,0xff,0x94,0x23,0xff,0x94,0x23,0xff,0x94,0x23,0xff,
  0x94,0x23,0xff,0x94,0x23,0xff,0x94,0x23,0xff,0x94,0x23,0xff,0x94,0x23,0xff,0x94,0x23,0xff,0x94,0x23,0xff,0x94,0x23,0xff,
  0x94,0x23,0xff,0x94,0x23,0xff,0x94,0x23,0xff,0x94,0x23,0xff,0x94,0x23,0xff,0x94,0x23,0xff,0x94,0x23,0xff,0x94,0x23,0xff,
  0x94,0x23,0xff,0x94,0x23,0xff,0x94,0x23,0xff,0x94,0x23,0xff,0x94,0x23,0xff,0x94,0x23,0xff,0x94,0x23,0xff,0x94,0x23,0xff,
  0x94,0x23,0xff,0x94,0x23,0xff,0x94,0x23,0xff,0x94,0x23,0xff,0x94,0x23,0xff,0x94,0x23,0xff,0x94,0x23,0xff,0x94,0x23,0xff,
  0x94,0x23,0xff,0x94,0x23,0xff,0x94,0x23,0xff,0x94,0x23,0xff,0x94,0x23,0xff,0x94,0x23,0xff,0x94,0x23,0xff,0x94,0x23,0xff,
  0x94,0x23,0xff,0x94,0x23,0xff,0x94,0x23,0xff,0x94,0x23,0xff,0x94,0x23,0xff,0x94,0x23,0xff,0x94,0x23,0xff,0x94,0x23,0xff,
  0x94,0x23,0xff,0x94,0x23,0xff,0x94,0x23,0xff,0x94,0x23,0xff,0x94,0x23,0xff,0x94,0x23,0xff,0x94,0x23,0xff,0x94,0x23,0xff,
  0x94,0x23,0xff,0x94,0x23,0xff,0x94,0x23,0xff,0x94,0x23,0xff,0x94,0x23,0xff,0x94,0x23,0xff,0x94,0x23,0xff,0x94,0x23,0xff,
  0x94,0x23,0xff,0x94,0x23,0xff,0x94,0x23,0xff,0x94,0x23,0xff,0x94,0x23,0xff,0x94,0x23,0xff,0x94,0x23,0xff,0x94,0x23,0xff,
  0x94,0x23,0xff,0x94,0x23,0xff,0x94,0x23,0xff,0x94,0x23,0xff,0x94,0x23,0xff,0x94,0x23,0xff,0x94,0x23,0xff,0x94,0x23,0xff,
  0x94,0x23,0xff,0x94,0x23,0xff,0x94,0x23,0xff,0x94,0x23,0xff,0x94,0x23,0xff,0x94,0x23,0xff,0xf1,0x1a,0xff,0xc,0x12,0xff,
  0xc,0x12,0xff,0xc,0x12,0xff,0xc,0x12,0xff,0xc,0x12,0xff,0xc,0x12,0xac,0x0,0x0,0x0,0x0,0x0,0x0,0x0,0x0,0x0,
  0x0,0x0,0x0,0x0,0x0,0x0,0x0,0x0,0x0,0x0,0x0,0x0,0x0,0x0,0x0,0x0,0x0,0x0,0x0,0x0,0x0,0x0,0x0,0x0,
  0x0,0x0,0x0,0x0,0x0,0x0,0x0,0x0,0x0,0x0,0x0,0x0,0x0,0x0,0x0,0x0,0x0,0x0,0x0,0x0,0x0,0x0,0x0,0x0,
  0x0,0x0,0x0,0x0,0x0,0x0,0x0,0x0,0x0,0xc,0x12,0xac,0xc,0x12,0xff,0xc,0x12,0xff,0xc,0x12,0xff,0xc,0x12,0xff,
  0xc,0x12,0xff,0xf1,0x1a,0xff,0x94,0x23,0xff,0x94,0x23,0xff,0x94,0x23,0xff,0x94,0x23,0xff,0x94,0x23,0xff,0x94,0x23,0xff,
  0x94,0x23,0xff,0x94,0x23,0xff,0x94,0x23,0xff,0x94,0x23,0xff,0x94,0x23,0xff,0x94,0x23,0xff,0x94,0x23,0xff,0x94,0x23,0xff,
  0x94,0x23,0xff,0x94,0x23,0xff,0x94,0x23,0xff,0x94,0x23,0xff,0x94,0x23,0xff,0x94,0x23,0xff,0x94,0x23,0xff,0x94,0x23,0xff,
  0x94,0x23,0xff,0x94,0x23,0xff,0x94,0x23,0xff,0x94,0x23,0xff,0x94,0x23,0xff,0x94,0x23,0xff,0x94,0x23,0xff,0x94,0x23,0xff,
  0x94,0x23,0xff,0x94,0x23,0xff,0x94,0x23,0xff,0x94,0x23,0xff,0x94,0x23,0xff,0x94,0x23,0xff,0x94,0x23,0xff,0x94,0x23,0xff,
  0x94,0x23,0xff,0x94,0x23,0xff,0x94,0x23,0xff,0x94,0x23,0xff,0x94,0x23,0xff,0x94,0x23,0xff,0x94,0x23,0xff,0x94,0x23,0xff,
  0x94,0x23,0xff,0x94,0x23,0xff,0x94,0x23,0xff,0x94,0x23,0xff,0x94,0x23,0xff,0x94,0x23,0xff,0x94,0x23,0xff,0x94,0x23,0xff,
  0x94,0x23,0xff,0x94,0x23,0xff,0x94,0x23,0xff,0x94,0x23,0xff,0x94,0x23,0xff,0x94,0x23,0xff,0x94,0x23,0xff,0x94,0x23,0xff,
  0x94,0x23,0xff,0x94,0x23,0xff,0x94,0x23,0xff,0x94,0x23,0xff,0x94,0x23,0xff,0x94,0x23,0xff,0x94,0x23,0xff,0x94,0x23,0xff,
  0x94,0x23,0xff,0x94,0x23,0xff,0x94,0x23,0xff,0x94,0x23,0xff,0x94,0x23,0xff,0x94,0x23,0xff,0x94,0x23,0xff,0x94,0x23,0xff,
  0x94,0x23,0xff,0x94,0x23,0xff,0x94,0x23,0xff,0x94,0x23,0xff,0x94,0x23,0xff,0x94,0x23,0xff,0x94,0x23,0xff,0x94,0x23,0xff,
  0x94,0x23,0xff,0x94,0x23,0xff,0x94,0x23,0xff,0x94,0x23,0xff,0x94,0x23,0xff,0x94,0x23,0xff,0x94,0x23,0xff,0x94,0x23,0xff,
  0x94,0x23,0xff,0x94,0x23,0xff,0x94,0x23,0xff,0x94,0x23,0xff,0x94,0x23,0xff,0x94,0x23,0xff,0x94,0x23,0xff,0x94,0x23,0xff,
  0x94,0x23,0xff,0x94,0x23,0xff,0x94,0x23,0xff,0x94,0x23,0xff,0x94,0x23,0xff,0x94,0x23,0xff,0xf1,0x1a,0xff,0xc,0x12,0xff,
  0xc,0x12,0xff,0xc,0x12,0xff,0xc,0x12,0xff,0xc,0x12,0xff,0xc,0x12,0xac,0x0,0x0,0x0,0x0,0x0,0x0,0x0,0x0,0x0,
  0x0,0x0,0x0,0x0,0x0,0x0,0x0,0x0,0x0,0x0,0x0,0x0,0x0,0x0,0x0,0x0,0x0,0x0,0x0,0x0,0x0,0x0,0x0,0x0,
  0x0,0x0,0x0,0x0,0x0,0x0,0x0,0x0,0x0,0x0,0x0,0x0,0x0,0x0,0x0,0x0,0x0,0x0,0x0,0x0,0x0,0x0,0x0,0x0,
  0x0,0x0,0x0,0x0,0x0,0x0,0x0,0x0,0x0,0xc,0x12,0xac,0xc,0x12,0xff,0xc,0x12,0xff,0xc,0x12,0xff,0xc,0x12,0xff,
  0xc,0x12,0xff,0xf1,0x1a,0xff,0x94,0x23,0xff,0x94,0x23,0xff,0x94,0x23,0xff,0x94,0x23,0xff,0x94,0x23,0xff,0x94,0x23,0xff,
  0x94,0x23,0xff,0x94,0x23,0xff,0x94,0x23,0xff,0x94,0x23,0xff,0x94,0x23,0xff,0x94,0x23,0xff,0x94,0x23,0xff,0x94,0x23,0xff,
  0x94,0x23,0xff,0x94,0x23,0xff,0x94,0x23,0xff,0x94,0x23,0xff,0x94,0x23,0xff,0x94,0x23,0xff,0x94,0x23,0xff,0x94,0x23,0xff,
  0x94,0x23,0xff,0x94,0x23,0xff,0x94,0x23,0xff,0x94,0x23,0xff,0x94,0x23,0xff,0x94,0x23,0xff,0x94,0x23,0xff,0x94,0x23,0xff,
  0x94,0x23,0xff,0x94,0x23,0xff,0x94,0x23,0xff,0x94,0x23,0xff,0x94,0x23,0xff,0x94,0x23,0xff,0x94,0x23,0xff,0x94,0x23,0xff,
  0x94,0x23,0xff,0x94,0x23,0xff,0x94,0x23,0xff,0x94,0x23,0xff,0x94,0x23,0xff,0x94,0x23,0xff,0x94,0x23,0xff,0x94,0x23,0xff,
  0x94,0x23,0xff,0x94,0x23,0xff,0x94,0x23,0xff,0x94,0x23,0xff,0x94,0x23,0xff,0x94,0x23,0xff,0x94,0x23,0xff,0x94,0x23,0xff,
  0x94,0x23,0xff,0x94,0x23,0xff,0x94,0x23,0xff,0x94,0x23,0xff,0x94,0x23,0xff,0x94,0x23,0xff,0x94,0x23,0xff,0x94,0x23,0xff,
  0x94,0x23,0xff,0x94,0x23,0xff,0x94,0x23,0xff,0x94,0x23,0xff,0x94,0x23,0xff,0x94,0x23,0xff,0x94,0x23,0xff,0x94,0x23,0xff,
  0x94,0x23,0xff,0x94,0x23,0xff,0x94,0x23,0xff,0x94,0x23,0xff,0x94,0x23,0xff,0x94,0x23,0xff,0x94,0x23,0xff,0x94,0x23,0xff,
  0x94,0x23,0xff,0x94,0x23,0xff,0x94,0x23,0xff,0x94,0x23,0xff,0x94,0x23,0xff,0x94,0x23,0xff,0x94,0x23,0xff,0x94,0x23,0xff,
  0x94,0x23,0xff,0x94,0x23,0xff,0x94,0x23,0xff,0x94,0x23,0xff,0x94,0x23,0xff,0x94,0x23,0xff,0x94,0x23,0xff,0x94,0x23,0xff,
  0x94,0x23,0xff,0x94,0x23,0xff,0x94,0x23,0xff,0x94,0x23,0xff,0x94,0x23,0xff,0x94,0x23,0xff,0x94,0x23,0xff,0x94,0x23,0xff,
  0x94,0x23,0xff,0x94,0x23,0xff,0x94,0x23,0xff,0x94,0x23,0xff,0x94,0x23,0xff,0x94,0x23,0xff,0xf1,0x1a,0xff,0xc,0x12,0xff,
  0xc,0x12,0xff,0xc,0x12,0xff,0xc,0x12,0xff,0xc,0x12,0xff,0xc,0x12,0xac,0x0,0x0,0x0,0x0,0x0,0x0,0x0,0x0,0x0,
  0x0,0x0,0x0,0x0,0x0,0x0,0x0,0x0,0x0,0x0,0x0,0x0,0x0,0x0,0x0,0x0,0x0,0x0,0x0,0x0,0x0,0x0,0x0,0x0,
  0x0,0x0,0x0,0x0,0x0,0x0,0x0,0x0,0x0,0x0,0x0,0x0,0x0,0x0,0x0,0x0,0x0,0x0,0x0,0x0,0x0,0x0,0x0,0x0,
  0x0,0x0,0x0,0x0,0x0,0x0,0x0,0x0,0x0,0xc,0x12,0xac,0xc,0x12,0xff,0xc,0x12,0xff,0xc,0x12,0xff,0xc,0x12,0xff,
  0xc,0x12,0xff,0xf1,0x1a,0xff,0x94,0x23,0xff,0x94,0x23,0xff,0x94,0x23,0xff,0x94,0x23,0xff,0x94,0x23,0xff,0x94,0x23,0xff,
  0x94,0x23,0xff,0x94,0x23,0xff,0x94,0x23,0xff,0x94,0x23,0xff,0x94,0x23,0xff,0x94,0x23,0xff,0x94,0x23,0xff,0x94,0x23,0xff,
  0x94,0x23,0xff,0x94,0x23,0xff,0x94,0x23,0xff,0x94,0x23,0xff,0x94,0x23,0xff,0x94,0x23,0xff,0x94,0x23,0xff,0x94,0x23,0xff,
  0x94,0x23,0xff,0x94,0x23,0xff,0x94,0x23,0xff,0x94,0x23,0xff,0x94,0x23,0xff,0x94,0x23,0xff,0x94,0x23,0xff,0x94,0x23,0xff,
  0x94,0x23,0xff,0x94,0x23,0xff,0x94,0x23,0xff,0x94,0x23,0xff,0x94,0x23,0xff,0x94,0x23,0xff,0x94,0x23,0xff,0x94,0x23,0xff,
  0x94,0x23,0xff,0x94,0x23,0xff,0x94,0x23,0xff,0x94,0x23,0xff,0x94,0x23,0xff,0x94,0x23,0xff,0x94,0x23,0xff,0x94,0x23,0xff,
  0x94,0x23,0xff,0x94,0x23,0xff,0x94,0x23,0xff,0x94,0x23,0xff,0x94,0x23,0xff,0x94,0x23,0xff,0x94,0x23,0xff,0x94,0x23,0xff,
  0x94,0x23,0xff,0x94,0x23,0xff,0x94,0x23,0xff,0x94,0x23,0xff,0x94,0x23,0xff,0x94,0x23,0xff,0x94,0x23,0xff,0x94,0x23,0xff,
  0x94,0x23,0xff,0x94,0x23,0xff,0x94,0x23,0xff,0x94,0x23,0xff,0x94,0x23,0xff,0x94,0x23,0xff,0x94,0x23,0xff,0x94,0x23,0xff,
  0x94,0x23,0xff,0x94,0x23,0xff,0x94,0x23,0xff,0x94,0x23,0xff,0x94,0x23,0xff,0x94,0x23,0xff,0x94,0x23,0xff,0x94,0x23,0xff,
  0x94,0x23,0xff,0x94,0x23,0xff,0x94,0x23,0xff,0x94,0x23,0xff,0x94,0x23,0xff,0x94,0x23,0xff,0x94,0x23,0xff,0x94,0x23,0xff,
  0x94,0x23,0xff,0x94,0x23,0xff,0x94,0x23,0xff,0x94,0x23,0xff,0x94,0x23,0xff,0x94,0x23,0xff,0x94,0x23,0xff,0x94,0x23,0xff,
  0x94,0x23,0xff,0x94,0x23,0xff,0x94,0x23,0xff,0x94,0x23,0xff,0x94,0x23,0xff,0x94,0x23,0xff,0x94,0x23,0xff,0x94,0x23,0xff,
  0x94,0x23,0xff,0x94,0x23,0xff,0x94,0x23,0xff,0x94,0x23,0xff,0x94,0x23,0xff,0x94,0x23,0xff,0xf1,0x1a,0xff,0xc,0x12,0xff,
  0xc,0x12,0xff,0xc,0x12,0xff,0xc,0x12,0xff,0xc,0x12,0xff,0xc,0x12,0xac,0x0,0x0,0x0,0x0,0x0,0x0,0x0,0x0,0x0,
  0x0,0x0,0x0,0x0,0x0,0x0,0x0,0x0,0x0,0x0,0x0,0x0,0x0,0x0,0x0,0x0,0x0,0x0,0x0,0x0,0x0,0x0,0x0,0x0,
  0x0,0x0,0x0,0x0,0x0,0x0,0x0,0x0,0x0,0x0,0x0,0x0,0x0,0x0,0x0,0x0,0x0,0x0,0x0,0x0,0x0,0x0,0x0,0x0,
  0x0,0x0,0x0,0x0,0x0,0x0,0x0,0x0,0x0,0xc,0x12,0xac,0xc,0x12,0xff,0xc,0x12,0xff,0xc,0x12,0xff,0xc,0x12,0xff,
  0xc,0x12,0xff,0xf1,0x1a,0xff,0x94,0x23,0xff,0x94,0x23,0xff,0x94,0x23,0xff,0x94,0x23,0xff,0x94,0x23,0xff,0x94,0x23,0xff,
  0x94,0x23,0xff,0x94,0x23,0xff,0x94,0x23,0xff,0x94,0x23,0xff,0x94,0x23,0xff,0x94,0x23,0xff,0x94,0x23,0xff,0x94,0x23,0xff,
  0x94,0x23,0xff,0x94,0x23,0xff,0x94,0x23,0xff,0x94,0x23,0xff,0x94,0x23,0xff,0x94,0x23,0xff,0x94,0x23,0xff,0x94,0x23,0xff,
  0x94,0x23,0xff,0x94,0x23,0xff,0x94,0x23,0xff,0x94,0x23,0xff,0x94,0x23,0xff,0x94,0x23,0xff,0x94,0x23,0xff,0x94,0x23,0xff,
  0x94,0x23,0xff,0x94,0x23,0xff,0x94,0x23,0xff,0x94,0x23,0xff,0x94,0x23,0xff,0x94,0x23,0xff,0x94,0x23,0xff,0x94,0x23,0xff,
  0x94,0x23,0xff,0x94,0x23,0xff,0x94,0x23,0xff,0x94,0x23,0xff,0x94,0x23,0xff,0x94,0x23,0xff,0x94,0x23,0xff,0x94,0x23,0xff,
  0x94,0x23,0xff,0x94,0x23,0xff,0x94,0x23,0xff,0x94,0x23,0xff,0x94,0x23,0xff,0x94,0x23,0xff,0x94,0x23,0xff,0x94,0x23,0xff,
  0x94,0x23,0xff,0x94,0x23,0xff,0x94,0x23,0xff,0x94,0x23,0xff,0x94,0x23,0xff,0x94,0x23,0xff,0x94,0x23,0xff,0x94,0x23,0xff,
  0x94,0x23,0xff,0x94,0x23,0xff,0x94,0x23,0xff,0x94,0x23,0xff,0x94,0x23,0xff,0x94,0x23,0xff,0x94,0x23,0xff,0x94,0x23,0xff,
  0x94,0x23,0xff,0x94,0x23,0xff,0x94,0x23,0xff,0x94,0x23,0xff,0x94,0x23,0xff,0x94,0x23,0xff,0x94,0x23,0xff,0x94,0x23,0xff,
  0x94,0x23,0xff,0x94,0x23,0xff,0x94,0x23,0xff,0x94,0x23,0xff,0x94,0x23,0xff,0x94,0x23,0xff,0x94,0x23,0xff,0x94,0x23,0xff,
  0x94,0x23,0xff,0x94,0x23,0xff,0x94,0x23,0xff,0x94,0x23,0xff,0x94,0x23,0xff,0x94,0x23,0xff,0x94,0x23,0xff,0x94,0x23,0xff,
  0x94,0x23,0xff,0x94,0x23,0xff,0x94,0x23,0xff,0x94,0x23,0xff,0x94,0x23,0xff,0x94,0x23,0xff,0x94,0x23,0xff,0x94,0x23,0xff,
  0x94,0x23,0xff,0x94,0x23,0xff,0x94,0x23,0xff,0x94,0x23,0xff,0x94,0x23,0xff,0x94,0x23,0xff,0xf1,0x1a,0xff,0xc,0x12,0xff,
  0xc,0x12,0xff,0xc,0x12,0xff,0xc,0x12,0xff,0xc,0x12,0xff,0xc,0x12,0xac,0x0,0x0,0x0,0x0,0x0,0x0,0x0,0x0,0x0,
  0x0,0x0,0x0,0x0,0x0,0x0,0x0,0x0,0x0,0x0,0x0,0x0,0x0,0x0,0x0,0x0,0x0,0x0,0x0,0x0,0x0,0x0,0x0,0x0,
  0x0,0x0,0x0,0x0,0x0,0x0,0x0,0x0,0x0,0x0,0x0,0x0,0x0,0x0,0x0,0x0,0x0,0x0,0x0,0x0,0x0,0x0,0x0,0x0,
  0x0,0x0,0x0,0x0,0x0,0x0,0x0,0x0,0x0,0xc,0x12,0xac,0xc,0x12,0xff,0xc,0x12,0xff,0xc,0x12,0xff,0xc,0x12,0xff,
  0xc,0x12,0xff,0xf1,0x1a,0xff,0x94,0x23,0xff,0x94,0x23,0xff,0x94,0x23,0xff,0x94,0x23,0xff,0x94,0x23,0xff,0x94,0x23,0xff,
  0x94,0x23,0xff,0x94,0x23,0xff,0x94,0x23,0xff,0x94,0x23,0xff,0x94,0x23,0xff,0x94,0x23,0xff,0x94,0x23,0xff,0x94,0x23,0xff,
  0x94,0x23,0xff,0x94,0x23,0xff,0x94,0x23,0xff,0x94,0x23,0xff,0x94,0x23,0xff,0x94,0x23,0xff,0x94,0x23,0xff,0x94,0x23,0xff,
  0x94,0x23,0xff,0x94,0x23,0xff,0x94,0x23,0xff,0x94,0x23,0xff,0x94,0x23,0xff,0x94,0x23,0xff,0x94,0x23,0xff,0x94,0x23,0xff,
  0x94,0x23,0xff,0x94,0x23,0xff,0x94,0x23,0xff,0x94,0x23,0xff,0x94,0x23,0xff,0x94,0x23,0xff,0x94,0x23,0xff,0x94,0x23,0xff,
  0x94,0x23,0xff,0x94,0x23,0xff,0x94,0x23,0xff,0x94,0x23,0xff,0x94,0x23,0xff,0x94,0x23,0xff,0x94,0x23,0xff,0x94,0x23,0xff,
  0x94,0x23,0xff,0x94,0x23,0xff,0x94,0x23,0xff,0x94,0x23,0xff,0x94,0x23,0xff,0x94,0x23,0xff,0x94,0x23,0xff,0x94,0x23,0xff,
  0x94,0x23,0xff,0x94,0x23,0xff,0x94,0x23,0xff,0x94,0x23,0xff,0x94,0x23,0xff,0x94,0x23,0xff,0x94,0x23,0xff,0x94,0x23,0xff,
  0x94,0x23,0xff,0x94,0x23,0xff,0x94,0x23,0xff,0x94,0x23,0xff,0x94,0x23,0xff,0x94,0x23,0xff,0x94,0x23,0xff,0x94,0x23,0xff,
  0x94,0x23,0xff,0x94,0x23,0xff,0x94,0x23,0xff,0x94,0x23,0xff,0x94,0x23,0xff,0x94,0x23,0xff,0x94,0x23,0xff,0x94,0x23,0xff,
  0x94,0x23,0xff,0x94,0x23,0xff,0x94,0x23,0xff,0x94,0x23,0xff,0x94,0x23,0xff,0x94,0x23,0xff,0x94,0x23,0xff,0x94,0x23,0xff,
  0x94,0x23,0xff,0x94,0x23,0xff,0x94,0x23,0xff,0x94,0x23,0xff,0x94,0x23,0xff,0x94,0x23,0xff,0x94,0x23,0xff,0x94,0x23,0xff,
  0x94,0x23,0xff,0x94,0x23,0xff,0x94,0x23,0xff,0x94,0x23,0xff,0x94,0x23,0xff,0x94,0x23,0xff,0x94,0x23,0xff,0x94,0x23,0xff,
  0x94,0x23,0xff,0x94,0x23,0xff,0x94,0x23,0xff,0x94,0x23,0xff,0x94,0x23,0xff,0x94,0x23,0xff,0xf1,0x1a,0xff,0xc,0x12,0xff,
  0xc,0x12,0xff,0xc,0x12,0xff,0xc,0x12,0xff,0xc,0x12,0xff,0xc,0x12,0xac,0x0,0x0,0x0,0x0,0x0,0x0,0x0,0x0,0x0,
  0x0,0x0,0x0,0x0,0x0,0x0,0x0,0x0,0x0,0x0,0x0,0x0,0x0,0x0,0x0,0x0,0x0,0x0,0x0,0x0,0x0,0x0,0x0,0x0,
  0x0,0x0,0x0,0x0,0x0,0x0,0x0,0x0,0x0,0x0,0x0,0x0,0x0,0x0,0x0,0x0,0x0,0x0,0x0,0x0,0x0,0x0,0x0,0x0,
  0x0,0x0,0x0,0x0,0x0,0x0,0x0,0x0,0x0,0xc,0x12,0xac,0xc,0x12,0xff,0xc,0x12,0xff,0xc,0x12,0xff,0xc,0x12,0xff,
  0xc,0x12,0xff,0xf1,0x1a,0xff,0x94,0x23,0xff,0x94,0x23,0xff,0x94,0x23,0xff,0x94,0x23,0xff,0x94,0x23,0xff,0x94,0x23,0xff,
  0x94,0x23,0xff,0x94,0x23,0xff,0x94,0x23,0xff,0x94,0x23,0xff,0x94,0x23,0xff,0x94,0x23,0xff,0x94,0x23,0xff,0x94,0x23,0xff,
  0x94,0x23,0xff,0x94,0x23,0xff,0x94,0x23,0xff,0x94,0x23,0xff,0x94,0x23,0xff,0x94,0x23,0xff,0x94,0x23,0xff,0x94,0x23,0xff,
  0x94,0x23,0xff,0x94,0x23,0xff,0x94,0x23,0xff,0x94,0x23,0xff,0x94,0x23,0xff,0x94,0x23,0xff,0x94,0x23,0xff,0x94,0x23,0xff,
  0x94,0x23,0xff,0x94,0x23,0xff,0x94,0x23,0xff,0x94,0x23,0xff,0x94,0x23,0xff,0x94,0x23,0xff,0x94,0x23,0xff,0x94,0x23,0xff,
  0x94,0x23,0xff,0x94,0x23,0xff,0x94,0x23,0xff,0x94,0x23,0xff,0x94,0x23,0xff,0x94,0x23,0xff,0x94,0x23,0xff,0x94,0x23,0xff,
  0x94,0x23,0xff,0x94,0x23,0xff,0x94,0x23,0xff,0x94,0x23,0xff,0x94,0x23,0xff,0x94,0x23,0xff,0x94,0x23,0xff,0x94,0x23,0xff,
  0x94,0x23,0xff,0x94,0x23,0xff,0x94,0x23,0xff,0x94,0x23,0xff,0x94,0x23,0xff,0x94,0x23,0xff,0x94,0x23,0xff,0x94,0x23,0xff,
  0x94,0x23,0xff,0x94,0x23,0xff,0x94,0x23,0xff,0x94,0x23,0xff,0x94,0x23,0xff,0x94,0x23,0xff,0x94,0x23,0xff,0x94,0x23,0xff,
  0x94,0x23,0xff,0x94,0x23,0xff,0x94,0x23,0xff,0x94,0x23,0xff,0x94,0x23,0xff,0x94,0x23,0xff,0x94,0x23,0xff,0x94,0x23,0xff,
  0x94,0x23,0xff,0x94,0x23,0xff,0x94,0x23,0xff,0x94,0x23,0xff,0x94,0x23,0xff,0x94,0x23,0xff,0x94,0x23,0xff,0x94,0x23,0xff,
  0x94,0x23,0xff,0x94,0x23,0xff,0x94,0x23,0xff,0x94,0x23,0xff,0x94,0x23,0xff,0x94,0x23,0xff,0x94,0x23,0xff,0x94,0x23,0xff,
  0x94,0x23,0xff,0x94,0x23,0xff,0x94,0x23,0xff,0x94,0x23,0xff,0x94,0x23,0xff,0x94,0x23,0xff,0x94,0x23,0xff,0x94,0x23,0xff,
  0x94,0x23,0xff,0x94,0x23,0xff,0x94,0x23,0xff,0x94,0x23,0xff,0x94,0x23,0xff,0x94,0x23,0xff,0xf1,0x1a,0xff,0xc,0x12,0xff,
  0xc,0x12,0xff,0xc,0x12,0xff,0xc,0x12,0xff,0xc,0x12,0xff,0xc,0x12,0xac,0x0,0x0,0x0,0x0,0x0,0x0,0x0,0x0,0x0,
  0x0,0x0,0x0,0x0,0x0,0x0,0x0,0x0,0x0,0x0,0x0,0x0,0x0,0x0,0x0,0x0,0x0,0x0,0x0,0x0,0x0,0x0,0x0,0x0,
  0x0,0x0,0x0,0x0,0x0,0x0,0x0,0x0,0x0,0x0,0x0,0x0,0x0,0x0,0x0,0x0,0x0,0x0,0x0,0x0,0x0,0x0,0x0,0x0,
  0x0,0x0,0x0,0x0,0x0,0x0,0x0,0x0,0x0,0xc,0x12,0xac,0xc,0x12,0xff,0xc,0x12,0xff,0xc,0x12,0xff,0xc,0x12,0xff,
  0xc,0x12,0xff,0xf1,0x1a,0xff,0x94,0x23,0xff,0x94,0x23,0xff,0x94,0x23,0xff,0x94,0x23,0xff,0x94,0x23,0xff,0x94,0x23,0xff,
  0x94,0x23,0xff,0x94,0x23,0xff,0x94,0x23,0xff,0x94,0x23,0xff,0x94,0x23,0xff,0x94,0x23,0xff,0x94,0x23,0xff,0x94,0x23,0xff,
  0x94,0x23,0xff,0x94,0x23,0xff,0x94,0x23,0xff,0x94,0x23,0xff,0x94,0x23,0xff,0x94,0x23,0xff,0x94,0x23,0xff,0x94,0x23,0xff,
  0x94,0x23,0xff,0x94,0x23,0xff,0x94,0x23,0xff,0x94,0x23,0xff,0x94,0x23,0xff,0x94,0x23,0xff,0x94,0x23,0xff,0x94,0x23,0xff,
  0x94,0x23,0xff,0x94,0x23,0xff,0x94,0x23,0xff,0x94,0x23,0xff,0x94,0x23,0xff,0x94,0x23,0xff,0x94,0x23,0xff,0x94,0x23,0xff,
  0x94,0x23,0xff,0x94,0x23,0xff,0x94,0x23,0xff,0x94,0x23,0xff,0x94,0x23,0xff,0x94,0x23,0xff,0x94,0x23,0xff,0x94,0x23,0xff,
  0x94,0x23,0xff,0x94,0x23,0xff,0x94,0x23,0xff,0x94,0x23,0xff,0x94,0x23,0xff,0x94,0x23,0xff,0x94,0x23,0xff,0x94,0x23,0xff,
  0x94,0x23,0xff,0x94,0x23,0xff,0x94,0x23,0xff,0x94,0x23,0xff,0x94,0x23,0xff,0x94,0x23,0xff,0x94,0x23,0xff,0x94,0x23,0xff,
  0x94,0x23,0xff,0x94,0x23,0xff,0x94,0x23,0xff,0x94,0x23,0xff,0x94,0x23,0xff,0x94,0x23,0xff,0x94,0x23,0xff,0x94,0x23,0xff,
  0x94,0x23,0xff,0x94,0x23,0xff,0x94,0x23,0xff,0x94,0x23,0xff,0x94,0x23,0xff,0x94,0x23,0xff,0x94,0x23,0xff,0x94,0x23,0xff,
  0x94,0x23,0xff,0x94,0x23,0xff,0x94,0x23,0xff,0x94,0x23,0xff,0x94,0x23,0xff,0x94,0x23,0xff,0x94,0x23,0xff,0x94,0x23,0xff,
  0x94,0x23,0xff,0x94,0x23,0xff,0x94,0x23,0xff,0x94,0x23,0xff,0x94,0x23,0xff,0x94,0x23,0xff,0x94,0x23,0xff,0x94,0x23,0xff,
  0x94,0x23,0xff,0x94,0x23,0xff,0x94,0x23,0xff,0x94,0x23,0xff,0x94,0x23,0xff,0x94,0x23,0xff,0x94,0x23,0xff,0x94,0x23,0xff,
  0x94,0x23,0xff,0x94,0x23,0xff,0x94,0x23,0xff,0x94,0x23,0xff,0x94,0x23,0xff,0x94,0x23,0xff,0xf1,0x1a,0xff,0xc,0x12,0xff,
  0xc,0x12,0xff,0xc,0x12,0xff,0xc,0x12,0xff,0xc,0x12,0xff,0xc,0x12,0xac,0x0,0x0,0x0,0x0,0x0,0x0,0x0,0x0,0x0,
  0x0,0x0,0x0,0x0,0x0,0x0,0x0,0x0,0x0,0x0,0x0,0x0,0x0,0x0,0x0,0x0,0x0,0x0,0x0,0x0,0x0,0x0,0x0,0x0,
  0x0,0x0,0x0,0x0,0x0,0x0,0x0,0x0,0x0,0x0,0x0,0x0,0x0,0x0,0x0,0x0,0x0,0x0,0x0,0x0,0x0,0x0,0x0,0x0,
  0x0,0x0,0x0,0x0,0x0,0x0,0x0,0x0,0x0,0xc,0x12,0xac,0xc,0x12,0xff,0xc,0x12,0xff,0xc,0x12,0xff,0xc,0x12,0xff,
  0xc,0x12,0xff,0xf1,0x1a,0xff,0x94,0x23,0xff,0x94,0x23,0xff,0x94,0x23,0xff,0x94,0x23,0xff,0x94,0x23,0xff,0x94,0x23,0xff,
  0x94,0x23,0xff,0x94,0x23,0xff,0x94,0x23,0xff,0x94,0x23,0xff,0x94,0x23,0xff,0x94,0x23,0xff,0x94,0x23,0xff,0x94,0x23,0xff,
  0x94,0x23,0xff,0x94,0x23,0xff,0x94,0x23,0xff,0x94,0x23,0xff,0x94,0x23,0xff,0x94,0x23,0xff,0x94,0x23,0xff,0x94,0x23,0xff,
  0x94,0x23,0xff,0x94,0x23,0xff,0x94,0x23,0xff,0x94,0x23,0xff,0x94,0x23,0xff,0x94,0x23,0xff,0x94,0x23,0xff,0x94,0x23,0xff,
  0x94,0x23,0xff,0x94,0x23,0xff,0x94,0x23,0xff,0x94,0x23,0xff,0x94,0x23,0xff,0x94,0x23,0xff,0x94,0x23,0xff,0x94,0x23,0xff,
  0x94,0x23,0xff,0x94,0x23,0xff,0x94,0x23,0xff,0x94,0x23,0xff,0x94,0x23,0xff,0x94,0x23,0xff,0x94,0x23,0xff,0x94,0x23,0xff,
  0x94,0x23,0xff,0x94,0x23,0xff,0x94,0x23,0xff,0x94,0x23,0xff,0x94,0x23,0xff,0x94,0x23,0xff,0x94,0x23,0xff,0x94,0x23,0xff,
  0x94,0x23,0xff,0x94,0x23,0xff,0x94,0x23,0xff,0x94,0x23,0xff,0x94,0x23,0xff,0x94,0x23,0xff,0x94,0x23,0xff,0x94,0x23,0xff,
  0x94,0x23,0xff,0x94,0x23,0xff,0x94,0x23,0xff,0x94,0x23,0xff,0x94,0x23,0xff,0x94,0x23,0xff,0x94,0x23,0xff,0x94,0x23,0xff,
  0x94,0x23,0xff,0x94,0x23,0xff,0x94,0x23,0xff,0x94,0x23,0xff,0x94,0x23,0xff,0x94,0x23,0xff,0x94,0x23,0xff,0x94,0x23,0xff,
  0x94,0x23,0xff,0x94,0x23,0xff,0x94,0x23,0xff,0x94,0x23,0xff,0x94,0x23,0xff,0x94,0x23,0xff,0x94,0x23,0xff,0x94,0x23,0xff,
  0x94,0x23,0xff,0x94,0x23,0xff,0x94,0x23,0xff,0x94,0x23,0xff,0x94,0x23,0xff,0x94,0x23,0xff,0x94,0x23,0xff,0x94,0x23,0xff,
  0x94,0x23,0xff,0x94,0x23,0xff,0x94,0x23,0xff,0x94,0x23,0xff,0x94,0x23,0xff,0x94,0x23,0xff,0x94,0x23,0xff,0x94,0x23,0xff,
  0x94,0x23,0xff,0x94,0x23,0xff,0x94,0x23,0xff,0x94,0x23,0xff,0x94,0x23,0xff,0x94,0x23,0xff,0xf1,0x1a,0xff,0xc,0x12,0xff,
  0xc,0x12,0xff,0xc,0x12,0xff,0xc,0x12,0xff,0xc,0x12,0xff,0xc,0x12,0xac,0x0,0x0,0x0,0x0,0x0,0x0,0x0,0x0,0x0,
  0x0,0x0,0x0,0x0,0x0,0x0,0x0,0x0,0x0,0x0,0x0,0x0,0x0,0x0,0x0,0x0,0x0,0x0,0x0,0x0,0x0,0x0,0x0,0x0,
  0x0,0x0,0x0,0x0,0x0,0x0,0x0,0x0,0x0,0x0,0x0,0x0,0x0,0x0,0x0,0x0,0x0,0x0,0x0,0x0,0x0,0x0,0x0,0x0,
  0x0,0x0,0x0,0x0,0x0,0x0,0x0,0x0,0x0,0xc,0x12,0xac,0xc,0x12,0xff,0xc,0x12,0xff,0xc,0x12,0xff,0xc,0x12,0xff,
  0xc,0x12,0xff,0xf1,0x1a,0xff,0x94,0x23,0xff,0x94,0x23,0xff,0x94,0x23,0xff,0x94,0x23,0xff,0x94,0x23,0xff,0x94,0x23,0xff,
  0x94,0x23,0xff,0x94,0x23,0xff,0x94,0x23,0xff,0x94,0x23,0xff,0x94,0x23,0xff,0x94,0x23,0xff,0x94,0x23,0xff,0x94,0x23,0xff,
  0x94,0x23,0xff,0x94,0x23,0xff,0x94,0x23,0xff,0x94,0x23,0xff,0x94,0x23,0xff,0x94,0x23,0xff,0x94,0x23,0xff,0x94,0x23,0xff,
  0x94,0x23,0xff,0x94,0x23,0xff,0x94,0x23,0xff,0x94,0x23,0xff,0x94,0x23,0xff,0x94,0x23,0xff,0x94,0x23,0xff,0x94,0x23,0xff,
  0x94,0x23,0xff,0x94,0x23,0xff,0x94,0x23,0xff,0x94,0x23,0xff,0x94,0x23,0xff,0x94,0x23,0xff,0x94,0x23,0xff,0x94,0x23,0xff,
  0x94,0x23,0xff,0x94,0x23,0xff,0x94,0x23,0xff,0x94,0x23,0xff,0x94,0x23,0xff,0x94,0x23,0xff,0x94,0x23,0xff,0x94,0x23,0xff,
  0x94,0x23,0xff,0x94,0x23,0xff,0x94,0x23,0xff,0x94,0x23,0xff,0x94,0x23,0xff,0x94,0x23,0xff,0x94,0x23,0xff,0x94,0x23,0xff,
  0x94,0x23,0xff,0x94,0x23,0xff,0x94,0x23,0xff,0x94,0x23,0xff,0x94,0x23,0xff,0x94,0x23,0xff,0x94,0x23,0xff,0x94,0x23,0xff,
  0x94,0x23,0xff,0x94,0x23,0xff,0x94,0x23,0xff,0x94,0x23,0xff,0x94,0x23,0xff,0x94,0x23,0xff,0x94,0x23,0xff,0x94,0x23,0xff,
  0x94,0x23,0xff,0x94,0x23,0xff,0x94,0x23,0xff,0x94,0x23,0xff,0x94,0x23,0xff,0x94,0x23,0xff,0x94,0x23,0xff,0x94,0x23,0xff,
  0x94,0x23,0xff,0x94,0x23,0xff,0x94,0x23,0xff,0x94,0x23,0xff,0x94,0x23,0xff,0x94,0x23,0xff,0x94,0x23,0xff,0x94,0x23,0xff,
  0x94,0x23,0xff,0x94,0x23,0xff,0x94,0x23,0xff,0x94,0x23,0xff,0x94,0x23,0xff,0x94,0x23,0xff,0x94,0x23,0xff,0x94,0x23,0xff,
  0x94,0x23,0xff,0x94,0x23,0xff,0x94,0x23,0xff,0x94,0x23,0xff,0x94,0x23,0xff,0x94,0x23,0xff,0x94,0x23,0xff,0x94,0x23,0xff,
  0x94,0x23,0xff,0x94,0x23,0xff,0x94,0x23,0xff,0x94,0x23,0xff,0x94,0x23,0xff,0x94,0x23,0xff,0xf1,0x1a,0xff,0xc,0x12,0xff,
  0xc,0x12,0xff,0xc,0x12,0xff,0xc,0x12,0xff,0xc,0x12,0xff,0xc,0x12,0xac,0x0,0x0,0x0,0x0,0x0,0x0,0x0,0x0,0x0,
  0x0,0x0,0x0,0x0,0x0,0x0,0x0,0x0,0x0,0x0,0x0,0x0,0x0,0x0,0x0,0x0,0x0,0x0,0x0,0x0,0x0,0x0,0x0,0x0,
  0x0,0x0,0x0,0x0,0x0,0x0,0x0,0x0,0x0,0x0,0x0,0x0,0x0,0x0,0x0,0x0,0x0,0x0,0x0,0x0,0x0,0x0,0x0,0x0,
  0x0,0x0,0x0,0x0,0x0,0x0,0x0,0x0,0x0,0xc,0x12,0xac,0xc,0x12,0xff,0xc,0x12,0xff,0xc,0x12,0xff,0xc,0x12,0xff,
  0xc,0x12,0xff,0xf1,0x1a,0xff,0x94,0x23,0xff,0x94,0x23,0xff,0x94,0x23,0xff,0x94,0x23,0xff,0x94,0x23,0xff,0x94,0x23,0xff,
  0x94,0x23,0xff,0x94,0x23,0xff,0x94,0x23,0xff,0x94,0x23,0xff,0x94,0x23,0xff,0x94,0x23,0xff,0x94,0x23,0xff,0x94,0x23,0xff,
  0x94,0x23,0xff,0x94,0x23,0xff,0x94,0x23,0xff,0x94,0x23,0xff,0x94,0x23,0xff,0x94,0x23,0xff,0x94,0x23,0xff,0x94,0x23,0xff,
  0x94,0x23,0xff,0x94,0x23,0xff,0x94,0x23,0xff,0x94,0x23,0xff,0x94,0x23,0xff,0x94,0x23,0xff,0x94,0x23,0xff,0x94,0x23,0xff,
  0x94,0x23,0xff,0x94,0x23,0xff,0x94,0x23,0xff,0x94,0x23,0xff,0x94,0x23,0xff,0x94,0x23,0xff,0x94,0x23,0xff,0x94,0x23,0xff,
  0x94,0x23,0xff,0x94,0x23,0xff,0x94,0x23,0xff,0x94,0x23,0xff,0x94,0x23,0xff,0x94,0x23,0xff,0x94,0x23,0xff,0x94,0x23,0xff,
  0x94,0x23,0xff,0x94,0x23,0xff,0x94,0x23,0xff,0x94,0x23,0xff,0x94,0x23,0xff,0x94,0x23,0xff,0x94,0x23,0xff,0x94,0x23,0xff,
  0x94,0x23,0xff,0x94,0x23,0xff,0x94,0x23,0xff,0x94,0x23,0xff,0x94,0x23,0xff,0x94,0x23,0xff,0x94,0x23,0xff,0x94,0x23,0xff,
  0x94,0x23,0xff,0x94,0x23,0xff,0x94,0x23,0xff,0x94,0x23,0xff,0x94,0x23,0xff,0x94,0x23,0xff,0x94,0x23,0xff,0x94,0x23,0xff,
  0x94,0x23,0xff,0x94,0x23,0xff,0x94,0x23,0xff,0x94,0x23,0xff,0x94,0x23,0xff,0x94,0x23,0xff,0x94,0x23,0xff,0x94,0x23,0xff,
  0x94,0x23,0xff,0x94,0x23,0xff,0x94,0x23,0xff,0x94,0x23,0xff,0x94,0x23,0xff,0x94,0x23,0xff,0x94,0x23,0xff,0x94,0x23,0xff,
  0x94,0x23,0xff,0x94,0x23,0xff,0x94,0x23,0xff,0x94,0x23,0xff,0x94,0x23,0xff,0x94,0x23,0xff,0x94,0x23,0xff,0x94,0x23,0xff,
  0x94,0x23,0xff,0x94,0x23,0xff,0x94,0x23,0xff,0x94,0x23,0xff,0x94,0x23,0xff,0x94,0x23,0xff,0x94,0x23,0xff,0x94,0x23,0xff,
  0x94,0x23,0xff,0x94,0x23,0xff,0x94,0x23,0xff,0x94,0x23,0xff,0x94,0x23,0xff,0x94,0x23,0xff,0xf1,0x1a,0xff,0xc,0x12,0xff,
  0xc,0x12,0xff,0xc,0x12,0xff,0xc,0x12,0xff,0xc,0x12,0xff,0xc,0x12,0xac,0x0,0x0,0x0,0x0,0x0,0x0,0x0,0x0,0x0,
  0x0,0x0,0x0,0x0,0x0,0x0,0x0,0x0,0x0,0x0,0x0,0x0,0x0,0x0,0x0,0x0,0x0,0x0,0x0,0x0,0x0,0x0,0x0,0x0,
  0x0,0x0,0x0,0x0,0x0,0x0,0x0,0x0,0x0,0x0,0x0,0x0,0x0,0x0,0x0,0x0,0x0,0x0,0x0,0x0,0x0,0x0,0x0,0x0,
  0x0,0x0,0x0,0x0,0x0,0x0,0x0,0x0,0x0,0xc,0x12,0xac,0xc,0x12,0xff,0xc,0x12,0xff,0xc,0x12,0xff,0xc,0x12,0xff,
  0xc,0x12,0xff,0xf1,0x1a,0xff,0x94,0x23,0xff,0x94,0x23,0xff,0x94,0x23,0xff,0x94,0x23,0xff,0x94,0x23,0xff,0x94,0x23,0xff,
  0x94,0x23,0xff,0x94,0x23,0xff,0x94,0x23,0xff,0x94,0x23,0xff,0x94,0x23,0xff,0x94,0x23,0xff,0x94,0x23,0xff,0x94,0x23,0xff,
  0x94,0x23,0xff,0x94,0x23,0xff,0x94,0x23,0xff,0x94,0x23,0xff,0x94,0x23,0xff,0x94,0x23,0xff,0x94,0x23,0xff,0x94,0x23,0xff,
  0x94,0x23,0xff,0x94,0x23,0xff,0x94,0x23,0xff,0x94,0x23,0xff,0x94,0x23,0xff,0x94,0x23,0xff,0x94,0x23,0xff,0x94,0x23,0xff,
  0x94,0x23,0xff,0x94,0x23,0xff,0x94,0x23,0xff,0x94,0x23,0xff,0x94,0x23,0xff,0x94,0x23,0xff,0x94,0x23,0xff,0x94,0x23,0xff,
  0x94,0x23,0xff,0x94,0x23,0xff,0x94,0x23,0xff,0x94,0x23,0xff,0x94,0x23,0xff,0x94,0x23,0xff,0x94,0x23,0xff,0x94,0x23,0xff,
  0x94,0x23,0xff,0x94,0x23,0xff,0x94,0x23,0xff,0x94,0x23,0xff,0x94,0x23,0xff,0x94,0x23,0xff,0x94,0x23,0xff,0x94,0x23,0xff,
  0x94,0x23,0xff,0x94,0x23,0xff,0x94,0x23,0xff,0x94,0x23,0xff,0x94,0x23,0xff,0x94,0x23,0xff,0x94,0x23,0xff,0x94,0x23,0xff,
  0x94,0x23,0xff,0x94,0x23,0xff,0x94,0x23,0xff,0x94,0x23,0xff,0x94,0x23,0xff,0x94,0x23,0xff,0x94,0x23,0xff,0x94,0x23,0xff,
  0x94,0x23,0xff,0x94,0x23,0xff,0x94,0x23,0xff,0x94,0x23,0xff,0x94,0x23,0xff,0x94,0x23,0xff,0x94,0x23,0xff,0x94,0x23,0xff,
  0x94,0x23,0xff,0x94,0x23,0xff,0x94,0x23,0xff,0x94,0x23,0xff,0x94,0x23,0xff,0x94,0x23,0xff,0x94,0x23,0xff,0x94,0x23,0xff,
  0x94,0x23,0xff,0x94,0x23,0xff,0x94,0x23,0xff,0x94,0x23,0xff,0x94,0x23,0xff,0x94,0x23,0xff,0x94,0x23,0xff,0x94,0x23,0xff,
  0x94,0x23,0xff,0x94,0x23,0xff,0x94,0x23,0xff,0x94,0x23,0xff,0x94,0x23,0xff,0x94,0x23,0xff,0x94,0x23,0xff,0x94,0x23,0xff,
  0x94,0x23,0xff,0x94,0x23,0xff,0x94,0x23,0xff,0x94,0x23,0xff,0x94,0x23,0xff,0x94,0x23,0xff,0xf1,0x1a,0xff,0xc,0x12,0xff,
  0xc,0x12,0xff,0xc,0x12,0xff,0xc,0x12,0xff,0xc,0x12,0xff,0xc,0x12,0xac,0x0,0x0,0x0,0x0,0x0,0x0,0x0,0x0,0x0,
  0x0,0x0,0x0,0x0,0x0,0x0,0x0,0x0,0x0,0x0,0x0,0x0,0x0,0x0,0x0,0x0,0x0,0x0,0x0,0x0,0x0,0x0,0x0,0x0,
  0x0,0x0,0x0,0x0,0x0,0x0,0x0,0x0,0x0,0x0,0x0,0x0,0x0,0x0,0x0,0x0,0x0,0x0,0x0,0x0,0x0,0x0,0x0,0x0,
  0x0,0x0,0x0,0x0,0x0,0x0,0x0,0x0,0x0,0xc,0x12,0xac,0xc,0x12,0xff,0xc,0x12,0xff,0xc,0x12,0xff,0xc,0x12,0xff,
  0xc,0x12,0xff,0xf1,0x1a,0xff,0x94,0x23,0xff,0x94,0x23,0xff,0x94,0x23,0xff,0x94,0x23,0xff,0x94,0x23,0xff,0x94,0x23,0xff,
  0x94,0x23,0xff,0x94,0x23,0xff,0x94,0x23,0xff,0x94,0x23,0xff,0x94,0x23,0xff,0x94,0x23,0xff,0x94,0x23,0xff,0x94,0x23,0xff,
  0x94,0x23,0xff,0x94,0x23,0xff,0x94,0x23,0xff,0x94,0x23,0xff,0x94,0x23,0xff,0x94,0x23,0xff,0x94,0x23,0xff,0x94,0x23,0xff,
  0x94,0x23,0xff,0x94,0x23,0xff,0x94,0x23,0xff,0x94,0x23,0xff,0x94,0x23,0xff,0x94,0x23,0xff,0x94,0x23,0xff,0x94,0x23,0xff,
  0x94,0x23,0xff,0x94,0x23,0xff,0x94,0x23,0xff,0x94,0x23,0xff,0x94,0x23,0xff,0x94,0x23,0xff,0x94,0x23,0xff,0x94,0x23,0xff,
  0x94,0x23,0xff,0x94,0x23,0xff,0x94,0x23,0xff,0x94,0x23,0xff,0x94,0x23,0xff,0x94,0x23,0xff,0x94,0x23,0xff,0x94,0x23,0xff,
  0x94,0x23,0xff,0x94,0x23,0xff,0x94,0x23,0xff,0x94,0x23,0xff,0x94,0x23,0xff,0x94,0x23,0xff,0x94,0x23,0xff,0x94,0x23,0xff,
  0x94,0x23,0xff,0x94,0x23,0xff,0x94,0x23,0xff,0x94,0x23,0xff,0x94,0x23,0xff,0x94,0x23,0xff,0x94,0x23,0xff,0x94,0x23,0xff,
  0x94,0x23,0xff,0x94,0x23,0xff,0x94,0x23,0xff,0x94,0x23,0xff,0x94,0x23,0xff,0x94,0x23,0xff,0x94,0x23,0xff,0x94,0x23,0xff,
  0x94,0x23,0xff,0x94,0x23,0xff,0x94,0x23,0xff,0x94,0x23,0xff,0x94,0x23,0xff,0x94,0x23,0xff,0x94,0x23,0xff,0x94,0x23,0xff,
  0x94,0x23,0xff,0x94,0x23,0xff,0x94,0x23,0xff,0x94,0x23,0xff,0x94,0x23,0xff,0x94,0x23,0xff,0x94,0x23,0xff,0x94,0x23,0xff,
  0x94,0x23,0xff,0x94,0x23,0xff,0x94,0x23,0xff,0x94,0x23,0xff,0x94,0x23,0xff,0x94,0x23,0xff,0x94,0x23,0xff,0x94,0x23,0xff,
  0x94,0x23,0xff,0x94,0x23,0xff,0x94,0x23,0xff,0x94,0x23,0xff,0x94,0x23,0xff,0x94,0x23,0xff,0x94,0x23,0xff,0x94,0x23,0xff,
  0x94,0x23,0xff,0x94,0x23,0xff,0x94,0x23,0xff,0x94,0x23,0xff,0x94,0x23,0xff,0x94,0x23,0xff,0xf1,0x1a,0xff,0xc,0x12,0xff,
  0xc,0x12,0xff,0xc,0x12,0xff,0xc,0x12,0xff,0xc,0x12,0xff,0xc,0x12,0xac,0x0,0x0,0x0,0x0,0x0,0x0,0x0,0x0,0x0,
  0x0,0x0,0x0,0x0,0x0,0x0,0x0,0x0,0x0,0x0,0x0,0x0,0x0,0x0,0x0,0x0,0x0,0x0,0x0,0x0,0x0,0x0,0x0,0x0,
  0x0,0x0,0x0,0x0,0x0,0x0,0x0,0x0,0x0,0x0,0x0,0x0,0x0,0x0,0x0,0x0,0x0,0x0,0x0,0x0,0x0,0x0,0x0,0x0,
  0x0,0x0,0x0,0x0,0x0,0x0,0x0,0x0,0x0,0xc,0x12,0xac,0xc,0x12,0xff,0xc,0x12,0xff,0xc,0x12,0xff,0xc,0x12,0xff,
  0xc,0x12,0xff,0xf1,0x1a,0xff,0x94,0x23,0xff,0x94,0x23,0xff,0x94,0x23,0xff,0x94,0x23,0xff,0x94,0x23,0xff,0x94,0x23,0xff,
  0x94,0x23,0xff,0x94,0x23,0xff,0x94,0x23,0xff,0x94,0x23,0xff,0x94,0x23,0xff,0x94,0x23,0xff,0x94,0x23,0xff,0x94,0x23,0xff,
  0x94,0x23,0xff,0x94,0x23,0xff,0x94,0x23,0xff,0x94,0x23,0xff,0x94,0x23,0xff,0x94,0x23,0xff,0x94,0x23,0xff,0x94,0x23,0xff,
  0x94,0x23,0xff,0x94,0x23,0xff,0x94,0x23,0xff,0x94,0x23,0xff,0x94,0x23,0xff,0x94,0x23,0xff,0x94,0x23,0xff,0x94,0x23,0xff,
  0x94,0x23,0xff,0x94,0x23,0xff,0x94,0x23,0xff,0x94,0x23,0xff,0x94,0x23,0xff,0x94,0x23,0xff,0x94,0x23,0xff,0x94,0x23,0xff,
  0x94,0x23,0xff,0x94,0x23,0xff,0x94,0x23,0xff,0x94,0x23,0xff,0x94,0x23,0xff,0x94,0x23,0xff,0x94,0x23,0xff,0x94,0x23,0xff,
  0x94,0x23,0xff,0x94,0x23,0xff,0x94,0x23,0xff,0x94,0x23,0xff,0x94,0x23,0xff,0x94,0x23,0xff,0x94,0x23,0xff,0x94,0x23,0xff,
  0x94,0x23,0xff,0x94,0x23,0xff,0x94,0x23,0xff,0x94,0x23,0xff,0x94,0x23,0xff,0x94,0x23,0xff,0x94,0x23,0xff,0x94,0x23,0xff,
  0x94,0x23,0xff,0x94,0x23,0xff,0x94,0x23,0xff,0x94,0x23,0xff,0x94,0x23,0xff,0x94,0x23,0xff,0x94,0x23,0xff,0x94,0x23,0xff,
  0x94,0x23,0xff,0x94,0x23,0xff,0x94,0x23,0xff,0x94,0x23,0xff,0x94,0x23,0xff,0x94,0x23,0xff,0x94,0x23,0xff,0x94,0x23,0xff,
  0x94,0x23,0xff,0x94,0x23,0xff,0x94,0x23,0xff,0x94,0x23,0xff,0x94,0x23,0xff,0x94,0x23,0xff,0x94,0x23,0xff,0x94,0x23,0xff,
  0x94,0x23,0xff,0x94,0x23,0xff,0x94,0x23,0xff,0x94,0x23,0xff,0x94,0x23,0xff,0x94,0x23,0xff,0x94,0x23,0xff,0x94,0x23,0xff,
  0x94,0x23,0xff,0x94,0x23,0xff,0x94,0x23,0xff,0x94,0x23,0xff,0x94,0x23,0xff,0x94,0x23,0xff,0x94,0x23,0xff,0x94,0x23,0xff,
  0x94,0x23,0xff,0x94,0x23,0xff,0x94,0x23,0xff,0x94,0x23,0xff,0x94,0x23,0xff,0x94,0x23,0xff,0xf1,0x1a,0xff,0xc,0x12,0xff,
  0xc,0x12,0xff,0xc,0x12,0xff,0xc,0x12,0xff,0xc,0x12,0xff,0xc,0x12,0xac,0x0,0x0,0x0,0x0,0x0,0x0,0x0,0x0,0x0,
  0x0,0x0,0x0,0x0,0x0,0x0,0x0,0x0,0x0,0x0,0x0,0x0,0x0,0x0,0x0,0x0,0x0,0x0,0x0,0x0,0x0,0x0,0x0,0x0,
  0x0,0x0,0x0,0x0,0x0,0x0,0x0,0x0,0x0,0x0,0x0,0x0,0x0,0x0,0x0,0x0,0x0,0x0,0x0,0x0,0x0,0x0,0x0,0x0,
  0x0,0x0,0x0,0x0,0x0,0x0,0x0,0x0,0x0,0xc,0x12,0xac,0xc,0x12,0xff,0xc,0x12,0xff,0xc,0x12,0xff,0xc,0x12,0xff,
  0xc,0x12,0xff,0xf1,0x1a,0xff,0x94,0x23,0xff,0x94,0x23,0xff,0x94,0x23,0xff,0x94,0x23,0xff,0x94,0x23,0xff,0x94,0x23,0xff,
  0x94,0x23,0xff,0x94,0x23,0xff,0x94,0x23,0xff,0x94,0x23,0xff,0x94,0x23,0xff,0x94,0x23,0xff,0x94,0x23,0xff,0x94,0x23,0xff,
  0x94,0x23,0xff,0x94,0x23,0xff,0x94,0x23,0xff,0x94,0x23,0xff,0x94,0x23,0xff,0x94,0x23,0xff,0x94,0x23,0xff,0x94,0x23,0xff,
  0x94,0x23,0xff,0x94,0x23,0xff,0x94,0x23,0xff,0x94,0x23,0xff,0x94,0x23,0xff,0x94,0x23,0xff,0x94,0x23,0xff,0x94,0x23,0xff,
  0x94,0x23,0xff,0x94,0x23,0xff,0x94,0x23,0xff,0x94,0x23,0xff,0x94,0x23,0xff,0x94,0x23,0xff,0x94,0x23,0xff,0x94,0x23,0xff,
  0x94,0x23,0xff,0x94,0x23,0xff,0x94,0x23,0xff,0x94,0x23,0xff,0x94,0x23,0xff,0x94,0x23,0xff,0x94,0x23,0xff,0x94,0x23,0xff,
  0x94,0x23,0xff,0x94,0x23,0xff,0x94,0x23,0xff,0x94,0x23,0xff,0x94,0x23,0xff,0x94,0x23,0xff,0x94,0x23,0xff,0x94,0x23,0xff,
  0x94,0x23,0xff,0x94,0x23,0xff,0x94,0x23,0xff,0x94,0x23,0xff,0x94,0x23,0xff,0x94,0x23,0xff,0x94,0x23,0xff,0x94,0x23,0xff,
  0x94,0x23,0xff,0x94,0x23,0xff,0x94,0x23,0xff,0x94,0x23,0xff,0x94,0x23,0xff,0x94,0x23,0xff,0x94,0x23,0xff,0x94,0x23,0xff,
  0x94,0x23,0xff,0x94,0x23,0xff,0x94,0x23,0xff,0x94,0x23,0xff,0x94,0x23,0xff,0x94,0x23,0xff,0x94,0x23,0xff,0x94,0x23,0xff,
  0x94,0x23,0xff,0x94,0x23,0xff,0x94,0x23,0xff,0x94,0x23,0xff,0x94,0x23,0xff,0x94,0x23,0xff,0x94,0x23,0xff,0x94,0x23,0xff,
  0x94,0x23,0xff,0x94,0x23,0xff,0x94,0x23,0xff,0x94,0x23,0xff,0x94,0x23,0xff,0x94,0x23,0xff,0x94,0x23,0xff,0x94,0x23,0xff,
  0x94,0x23,0xff,0x94,0x23,0xff,0x94,0x23,0xff,0x94,0x23,0xff,0x94,0x23,0xff,0x94,0x23,0xff,0x94,0x23,0xff,0x94,0x23,0xff,
  0x94,0x23,0xff,0x94,0x23,0xff,0x94,0x23,0xff,0x94,0x23,0xff,0x94,0x23,0xff,0x94,0x23,0xff,0xf1,0x1a,0xff,0xc,0x12,0xff,
  0xc,0x12,0xff,0xc,0x12,0xff,0xc,0x12,0xff,0xc,0x12,0xff,0xc,0x12,0xac,0x0,0x0,0x0,0x0,0x0,0x0,0x0,0x0,0x0,
  0x0,0x0,0x0,0x0,0x0,0x0,0x0,0x0,0x0,0x0,0x0,0x0,0x0,0x0,0x0,0x0,0x0,0x0,0x0,0x0,0x0,0x0,0x0,0x0,
  0x0,0x0,0x0,0x0,0x0,0x0,0x0,0x0,0x0,0x0,0x0,0x0,0x0,0x0,0x0,0x0,0x0,0x0,0x0,0x0,0x0,0x0,0x0,0x0,
  0x0,0x0,0x0,0x0,0x0,0x0,0x0,0x0,0x0,0xc,0x12,0xac,0xc,0x12,0xff,0xc,0x12,0xff,0xc,0x12,0xff,0xc,0x12,0xff,
  0xc,0x12,0xff,0xf1,0x1a,0xff,0x94,0x23,0xff,0x94,0x23,0xff,0x94,0x23,0xff,0x94,0x23,0xff,0x94,0x23,0xff,0x94,0x23,0xff,
  0x94,0x23,0xff,0x94,0x23,0xff,0x94,0x23,0xff,0x94,0x23,0xff,0x94,0x23,0xff,0x94,0x23,0xff,0x94,0x23,0xff,0x94,0x23,0xff,
  0x94,0x23,0xff,0x94,0x23,0xff,0x94,0x23,0xff,0x94,0x23,0xff,0x94,0x23,0xff,0x94,0x23,0xff,0x94,0x23,0xff,0x94,0x23,0xff,
  0x94,0x23,0xff,0x94,0x23,0xff,0x94,0x23,0xff,0x94,0x23,0xff,0x94,0x23,0xff,0x94,0x23,0xff,0x94,0x23,0xff,0x94,0x23,0xff,
  0x94,0x23,0xff,0x94,0x23,0xff,0x94,0x23,0xff,0x94,0x23,0xff,0x94,0x23,0xff,0x94,0x23,0xff,0x94,0x23,0xff,0x94,0x23,0xff,
  0x94,0x23,0xff,0x94,0x23,0xff,0x94,0x23,0xff,0x94,0x23,0xff,0x94,0x23,0xff,0x94,0x23,0xff,0x94,0x23,0xff,0x94,0x23,0xff,
  0x94,0x23,0xff,0x94,0x23,0xff,0x94,0x23,0xff,0x94,0x23,0xff,0x94,0x23,0xff,0x94,0x23,0xff,0x94,0x23,0xff,0x94,0x23,0xff,
  0x94,0x23,0xff,0x94,0x23,0xff,0x94,0x23,0xff,0x94,0x23,0xff,0x94,0x23,0xff,0x94,0x23,0xff,0x94,0x23,0xff,0x94,0x23,0xff,
  0x94,0x23,0xff,0x94,0x23,0xff,0x94,0x23,0xff,0x94,0x23,0xff,0x94,0x23,0xff,0x94,0x23,0xff,0x94,0x23,0xff,0x94,0x23,0xff,
  0x94,0x23,0xff,0x94,0x23,0xff,0x94,0x23,0xff,0x94,0x23,0xff,0x94,0x23,0xff,0x94,0x23,0xff,0x94,0x23,0xff,0x94,0x23,0xff,
  0x94,0x23,0xff,0x94,0x23,0xff,0x94,0x23,0xff,0x94,0x23,0xff,0x94,0x23,0xff,0x94,0x23,0xff,0x94,0x23,0xff,0x94,0x23,0xff,
  0x94,0x23,0xff,0x94,0x23,0xff,0x94,0x23,0xff,0x94,0x23,0xff,0x94,0x23,0xff,0x94,0x23,0xff,0x94,0x23,0xff,0x94,0x23,0xff,
  0x94,0x23,0xff,0x94,0x23,0xff,0x94,0x23,0xff,0x94,0x23,0xff,0x94,0x23,0xff,0x94,0x23,0xff,0x94,0x23,0xff,0x94,0x23,0xff,
  0x94,0x23,0xff,0x94,0x23,0xff,0x94,0x23,0xff,0x94,0x23,0xff,0x94,0x23,0xff,0x94,0x23,0xff,0xf1,0x1a,0xff,0xc,0x12,0xff,
  0xc,0x12,0xff,0xc,0x12,0xff,0xc,0x12,0xff,0xc,0x12,0xff,0xc,0x12,0xac,0x0,0x0,0x0,0x0,0x0,0x0,0x0,0x0,0x0,
  0x0,0x0,0x0,0x0,0x0,0x0,0x0,0x0,0x0,0x0,0x0,0x0,0x0,0x0,0x0,0x0,0x0,0x0,0x0,0x0,0x0,0x0,0x0,0x0,
  0x0,0x0,0x0,0x0,0x0,0x0,0x0,0x0,0x0,0x0,0x0,0x0,0x0,0x0,0x0,0x0,0x0,0x0,0x0,0x0,0x0,0x0,0x0,0x0,
  0x0,0x0,0x0,0x0,0x0,0x0,0x0,0x0,0x0,0xc,0x12,0xac,0xc,0x12,0xff,0xc,0x12,0xff,0xc,0x12,0xff,0xc,0x12,0xff,
  0xc,0x12,0xff,0xf1,0x1a,0xff,0x94,0x23,0xff,0x94,0x23,0xff,0x94,0x23,0xff,0x94,0x23,0xff,0x94,0x23,0xff,0x94,0x23,0xff,
  0x94,0x23,0xff,0x94,0x23,0xff,0x94,0x23,0xff,0x94,0x23,0xff,0x94,0x23,0xff,0x94,0x23,0xff,0x94,0x23,0xff,0x94,0x23,0xff,
  0x94,0x23,0xff,0x94,0x23,0xff,0x94,0x23,0xff,0x94,0x23,0xff,0x94,0x23,0xff,0x94,0x23,0xff,0x94,0x23,0xff,0x94,0x23,0xff,
  0x94,0x23,0xff,0x94,0x23,0xff,0x94,0x23,0xff,0x94,0x23,0xff,0x94,0x23,0xff,0x94,0x23,0xff,0x94,0x23,0xff,0x94,0x23,0xff,
  0x94,0x23,0xff,0x94,0x23,0xff,0x94,0x23,0xff,0x94,0x23,0xff,0x94,0x23,0xff,0x94,0x23,0xff,0x94,0x23,0xff,0x94,0x23,0xff,
  0x94,0x23,0xff,0x94,0x23,0xff,0x94,0x23,0xff,0x94,0x23,0xff,0x94,0x23,0xff,0x94,0x23,0xff,0x94,0x23,0xff,0x94,0x23,0xff,
  0x94,0x23,0xff,0x94,0x23,0xff,0x94,0x23,0xff,0x94,0x23,0xff,0x94,0x23,0xff,0x94,0x23,0xff,0x94,0x23,0xff,0x94,0x23,0xff,
  0x94,0x23,0xff,0x94,0x23,0xff,0x94,0x23,0xff,0x94,0x23,0xff,0x94,0x23,0xff,0x94,0x23,0xff,0x94,0x23,0xff,0x94,0x23,0xff,
  0x94,0x23,0xff,0x94,0x23,0xff,0x94,0x23,0xff,0x94,0x23,0xff,0x94,0x23,0xff,0x94,0x23,0xff,0x94,0x23,0xff,0x94,0x23,0xff,
  0x94,0x23,0xff,0x94,0x23,0xff,0x94,0x23,0xff,0x94,0x23,0xff,0x94,0x23,0xff,0x94,0x23,0xff,0x94,0x23,0xff,0x94,0x23,0xff,
  0x94,0x23,0xff,0x94,0x23,0xff,0x94,0x23,0xff,0x94,0x23,0xff,0x94,0x23,0xff,0x94,0x23,0xff,0x94,0x23,0xff,0x94,0x23,0xff,
  0x94,0x23,0xff,0x94,0x23,0xff,0x94,0x23,0xff,0x94,0x23,0xff,0x94,0x23,0xff,0x94,0x23,0xff,0x94,0x23,0xff,0x94,0x23,0xff,
  0x94,0x23,0xff,0x94,0x23,0xff,0x94,0x23,0xff,0x94,0x23,0xff,0x94,0x23,0xff,0x94,0x23,0xff,0x94,0x23,0xff,0x94,0x23,0xff,
  0x94,0x23,0xff,0x94,0x23,0xff,0x94,0x23,0xff,0x94,0x23,0xff,0x94,0x23,0xff,0x94,0x23,0xff,0xf1,0x1a,0xff,0xc,0x12,0xff,
  0xc,0x12,0xff,0xc,0x12,0xff,0xc,0x12,0xff,0xc,0x12,0xff,0xc,0x12,0xac,0x0,0x0,0x0,0x0,0x0,0x0,0x0,0x0,0x0,
  0x0,0x0,0x0,0x0,0x0,0x0,0x0,0x0,0x0,0x0,0x0,0x0,0x0,0x0,0x0,0x0,0x0,0x0,0x0,0x0,0x0,0x0,0x0,0x0,
  0x0,0x0,0x0,0x0,0x0,0x0,0x0,0x0,0x0,0x0,0x0,0x0,0x0,0x0,0x0,0x0,0x0,0x0,0x0,0x0,0x0,0x0,0x0,0x0,
  0x0,0x0,0x0,0x0,0x0,0x0,0x0,0x0,0x0,0xc,0x12,0xac,0xc,0x12,0xff,0xc,0x12,0xff,0xc,0x12,0xff,0xc,0x12,0xff,
  0xc,0x12,0xff,0xf1,0x1a,0xff,0x94,0x23,0xff,0x94,0x23,0xff,0x94,0x23,0xff,0x94,0x23,0xff,0x94,0x23,0xff,0x94,0x23,0xff,
  0x94,0x23,0xff,0x94,0x23,0xff,0x94,0x23,0xff,0x94,0x23,0xff,0x94,0x23,0xff,0x94,0x23,0xff,0x94,0x23,0xff,0x94,0x23,0xff,
  0x94,0x23,0xff,0x94,0x23,0xff,0x94,0x23,0xff,0x94,0x23,0xff,0x94,0x23,0xff,0x94,0x23,0xff,0x94,0x23,0xff,0x94,0x23,0xff,
  0x94,0x23,0xff,0x94,0x23,0xff,0x94,0x23,0xff,0x94,0x23,0xff,0x94,0x23,0xff,0x94,0x23,0xff,0x94,0x23,0xff,0x94,0x23,0xff,
  0x94,0x23,0xff,0x94,0x23,0xff,0x94,0x23,0xff,0x94,0x23,0xff,0x94,0x23,0xff,0x94,0x23,0xff,0x94,0x23,0xff,0x94,0x23,0xff,
  0x94,0x23,0xff,0x94,0x23,0xff,0x94,0x23,0xff,0x94,0x23,0xff,0x94,0x23,0xff,0x94,0x23,0xff,0x94,0x23,0xff,0x94,0x23,0xff,
  0x94,0x23,0xff,0x94,0x23,0xff,0x94,0x23,0xff,0x94,0x23,0xff,0x94,0x23,0xff,0x94,0x23,0xff,0xb4,0x2b,0xff,0xb4,0x2b,0xff,
  0xb4,0x2b,0xff,0xb4,0x2b,0xff,0x94,0x23,0xff,0x94,0x23,0xff,0x94,0x23,0xff,0x94,0x23,0xff,0x94,0x23,0xff,0x94,0x23,0xff,
  0x94,0x23,0xff,0x94,0x23,0xff,0x94,0x23,0xff,0x94,0x23,0xff,0x94,0x23,0xff,0x94,0x23,0xff,0x94,0x23,0xff,0x94,0x23,0xff,
  0x94,0x23,0xff,0x94,0x23,0xff,0x94,0x23,0xff,0x94,0x23,0xff,0x94,0x23,0xff,0x94,0x23,0xff,0x94,0x23,0xff,0x94,0x23,0xff,
  0x94,0x23,0xff,0x94,0x23,0xff,0x94,0x23,0xff,0x94,0x23,0xff,0x94,0x23,0xff,0x94,0x23,0xff,0x94,0x23,0xff,0x94,0x23,0xff,
  0x94,0x23,0xff,0x94,0x23,0xff,0x94,0x23,0xff,0x94,0x23,0xff,0x94,0x23,0xff,0x94,0x23,0xff,0x94,0x23,0xff,0x94,0x23,0xff,
  0x94,0x23,0xff,0x94,0x23,0xff,0x94,0x23,0xff,0x94,0x23,0xff,0x94,0x23,0xff,0x94,0x23,0xff,0x94,0x23,0xff,0x94,0x23,0xff,
  0x94,0x23,0xff,0x94,0x23,0xff,0x94,0x23,0xff,0x94,0x23,0xff,0x94,0x23,0xff,0x94,0x23,0xff,0xf1,0x1a,0xff,0xc,0x12,0xff,
  0xc,0x12,0xff,0xc,0x12,0xff,0xc,0x12,0xff,0xc,0x12,0xff,0xc,0x12,0xac,0x0,0x0,0x0,0x0,0x0,0x0,0x0,0x0,0x0,
  0x0,0x0,0x0,0x0,0x0,0x0,0x0,0x0,0x0,0x0,0x0,0x0,0x0,0x0,0x0,0x0,0x0,0x0,0x0,0x0,0x0,0x0,0x0,0x0,
  0x0,0x0,0x0,0x0,0x0,0x0,0x0,0x0,0x0,0x0,0x0,0x0,0x0,0x0,0x0,0x0,0x0,0x0,0x0,0x0,0x0,0x0,0x0,0x0,
  0x0,0x0,0x0,0x0,0x0,0x0,0x0,0x0,0x0,0xc,0x12,0xac,0xc,0x12,0xff,0xc,0x12,0xff,0xc,0x12,0xff,0xc,0x12,0xff,
  0xc,0x12,0xff,0xf1,0x1a,0xff,0x94,0x23,0xff,0x94,0x23,0xff,0x94,0x23,0xff,0x94,0x23,0xff,0x94,0x23,0xff,0x94,0x23,0xff,
  0x94,0x23,0xff,0x94,0x23,0xff,0x94,0x23,0xff,0x94,0x23,0xff,0x94,0x23,0xff,0x94,0x23,0xff,0x94,0x23,0xff,0x94,0x23,0xff,
  0x94,0x23,0xff,0x94,0x23,0xff,0x94,0x23,0xff,0x94,0x23,0xff,0x94,0x23,0xff,0x94,0x23,0xff,0x94,0x23,0xff,0x94,0x23,0xff,
  0x94,0x23,0xff,0x94,0x23,0xff,0x94,0x23,0xff,0x94,0x23,0xff,0x94,0x23,0xff,0x94,0x23,0xff,0x94,0x23,0xff,0x94,0x23,0xff,
  0x94,0x23,0xff,0x94,0x23,0xff,0x94,0x23,0xff,0x94,0x23,0xff,0x94,0x23,0xff,0x94,0x23,0xff,0x94,0x23,0xff,0x94,0x23,0xff,
  0x94,0x23,0xff,0x94,0x23,0xff,0x94,0x23,0xff,0x94,0x23,0xff,0x94,0x23,0xff,0x94,0x23,0xff,0xf5,0x33,0xff,0x97,0x5c,0xff,
  0x58,0x7d,0xff,0xfa,0x9d,0xff,0x7b,0xb6,0xff,0xdc,0xce,0xff,0x3d,0xdf,0xff,0x7e,0xe7,0xff,0x9e,0xef,0xff,0x9e,0xef,0xff,
  0x9e,0xef,0xff,0x9e,0xef,0xff,0x7e,0xe7,0xff,0x3d,0xdf,0xff,0xdc,0xce,0xff,0x7b,0xb6,0xff,0xfa,0x9d,0xff,0x58,0x7d,0xff,
  0x97,0x5c,0xff,0xf5,0x33,0xff,0x94,0x23,0xff,0x94,0x23,0xff,0x94,0x23,0xff,0x94,0x23,0xff,0x94,0x23,0xff,0x94,0x23,0xff,
  0x94,0x23,0xff,0x94,0x23,0xff,0x94,0x23,0xff,0x94,0x23,0xff,0x94,0x23,0xff,0x94,0x23,0xff,0x94,0x23,0xff,0x94,0x23,0xff,
  0x94,0x23,0xff,0x94,0x23,0xff,0x94,0x23,0xff,0x94,0x23,0xff,0x94,0x23,0xff,0x94,0x23,0xff,0x94,0x23,0xff,0x94,0x23,0xff,
  0x94,0x23,0xff,0x94,0x23,0xff,0x94,0x23,0xff,0x94,0x23,0xff,0x94,0x23,0xff,0x94,0x23,0xff,0x94,0x23,0xff,0x94,0x23,0xff,
  0x94,0x23,0xff,0x94,0x23,0xff,0x94,0x23,0xff,0x94,0x23,0xff,0x94,0x23,0xff,0x94,0x23,0xff,0x94,0x23,0xff,0x94,0x23,0xff,
  0x94,0x23,0xff,0x94,0x23,0xff,0x94,0x23,0xff,0x94,0x23,0xff,0x94,0x23,0xff,0x94,0x23,0xff,0xf1,0x1a,0xff,0xc,0x12,0xff,
  0xc,0x12,0xff,0xc,0x12,0xff,0xc,0x12,0xff,0xc,0x12,0xff,0xc,0x12,0xac,0x0,0x0,0x0,0x0,0x0,0x0,0x0,0x0,0x0,
  0x0,0x0,0x0,0x0,0x0,0x0,0x0,0x0,0x0,0x0,0x0,0x0,0x0,0x0,0x0,0x0,0x0,0x0,0x0,0x0,0x0,0x0,0x0,0x0,
  0x0,0x0,0x0,0x0,0x0,0x0,0x0,0x0,0x0,0x0,0x0,0x0,0x0,0x0,0x0,0x0,0x0,0x0,0x0,0x0,0x0,0x0,0x0,0x0,
  0x0,0x0,0x0,0x0,0x0,0x0,0x0,0x0,0x0,0xc,0x12,0xac,0xc,0x12,0xff,0xc,0x12,0xff,0xc,0x12,0xff,0xc,0x12,0xff,
  0xc,0x12,0xff,0xf1,0x1a,0xff,0x94,0x23,0xff,0x94,0x23,0xff,0x94,0x23,0xff,0x94,0x23,0xff,0x94,0x23,0xff,0x94,0x23,0xff,
  0x94,0x23,0xff,0x94,0x23,0xff,0x94,0x23,0xff,0x94,0x23,0xff,0x94,0x23,0xff,0x94,0x23,0xff,0x94,0x23,0xff,0x94,0x23,0xff,
  0x94,0x23,0xff,0x94,0x23,0xff,0x94,0x23,0xff,0x94,0x23,0xff,0x94,0x23,0xff,0x94,0x23,0xff,0x94,0x23,0xff,0x94,0x23,0xff,
  0x94,0x23,0xff,0x94,0x23,0xff,0x94,0x23,0xff,0x94,0x23,0xff,0x94,0x23,0xff,0x94,0x23,0xff,0x94,0x23,0xff,0x94,0x23,0xff,
  0x94,0x23,0xff,0x94,0x23,0xff,0x94,0x23,0xff,0x94,0x23,0xff,0x94,0x23,0xff,0x94,0x23,0xff,0x94,0x23,0xff,0x94,0x23,0xff,
  0x94,0x23,0xff,0x94,0x23,0xff,0xf5,0x3b,0xff,0x18,0x75,0xff,0x1a,0xa6,0xff,0xfd,0xce,0xff,0x7e,0xef,0xff,0x9e,0xef,0xff,
  0x9e,0xef,0xff,0x9e,0xef,0xff,0x9e,0xef,0xff,0x9e,0xef,0xff,0x9e,0xef,0xff,0x9e,0xef,0xff,0x9e,0xef,0xff,0x9e,0xef,0xff,
  0x9e,0xef,0xff,0x9e,0xef,0xff,0x9e,0xef,0xff,0x9e,0xef,0xff,0x9e,0xef,0xff,0x9e,0xef,0xff,0x9e,0xef,0xff,0x9e,0xef,0xff,
  0x9e,0xef,0xff,0x7e,0xef,0xff,0xfd,0xce,0xff,0x1a,0xa6,0xff,0x18,0x75,0xff,0xf5,0x3b,0xff,0x94,0x23,0xff,0x94,0x23,0xff,
  0x94,0x23,0xff,0x94,0x23,0xff,0x94,0x23,0xff,0x94,0x23,0xff,0x94,0x23,0xff,0x94,0x23,0xff,0x94,0x23,0xff,0x94,0x23,0xff,
  0x94,0x23,0xff,0x94,0x23,0xff,0x94,0x23,0xff,0x94,0x23,0xff,0x94,0x23,0xff,0x94,0x23,0xff,0x94,0x23,0xff,0x94,0x23,0xff,
  0x94,0x23,0xff,0x94,0x23,0xff,0x94,0x23,0xff,0x94,0x23,0xff,0x94,0x23,0xff,0x94,0x23,0xff,0x94,0x23,0xff,0x94,0x23,0xff,
  0x94,0x23,0xff,0x94,0x23,0xff,0x94,0x23,0xff,0x94,0x23,0xff,0x94,0x23,0xff,0x94,0x23,0xff,0x94,0x23,0xff,0x94,0x23,0xff,
  0x94,0x23,0xff,0x94,0x23,0xff,0x94,0x23,0xff,0x94,0x23,0xff,0x94,0x23,0xff,0x94,0x23,0xff,0xf1,0x1a,0xff,0xc,0x12,0xff,
  0xc,0x12,0xff,0xc,0x12,0xff,0xc,0x12,0xff,0xc,0x12,0xff,0xc,0x12,0xac,0x0,0x0,0x0,0x0,0x0,0x0,0x0,0x0,0x0,
  0x0,0x0,0x0,0x0,0x0,0x0,0x0,0x0,0x0,0x0,0x0,0x0,0x0,0x0,0x0,0x0,0x0,0x0,0x0,0x0,0x0,0x0,0x0,0x0,
  0x0,0x0,0x0,0x0,0x0,0x0,0x0,0x0,0x0,0x0,0x0,0x0,0x0,0x0,0x0,0x0,0x0,0x0,0x0,0x0,0x0,0x0,0x0,0x0,
  0x0,0x0,0x0,0x0,0x0,0x0,0x0,0x0,0x0,0xc,0x12,0xac,0xc,0x12,0xff,0xc,0x12,0xff,0xc,0x12,0xff,0xc,0x12,0xff,
  0xc,0x12,0xff,0xf1,0x1a,0xff,0x94,0x23,0xff,0x94,0x23,0xff,0x94,0x23,0xff,0x94,0x23,0xff,0x94,0x23,0xff,0x94,0x23,0xff,
  0x94,0x23,0xff,0x94,0x23,0xff,0x94,0x23,0xff,0x94,0x23,0xff,0x94,0x23,0xff,0x94,0x23,0xff,0x94,0x23,0xff,0x94,0x23,0xff,
  0x94,0x23,0xff,0x94,0x23,0xff,0x94,0x23,0xff,0x94,0x23,0xff,0x94,0x23,0xff,0x94,0x23,0xff,0x94,0x23,0xff,0x94,0x23,0xff,
  0x94,0x23,0xff,0x94,0x23,0xff,0x94,0x23,0xff,0x94,0x23,0xff,0x94,0x23,0xff,0x94,0x23,0xff,0x94,0x23,0xff,0x94,0x23,0xff,
  0x94,0x23,0xff,0x94,0x23,0xff,0x94,0x23,0xff,0x94,0x23,0xff,0x94,0x23,0xff,0x94,0x23,0xff,0x94,0x23,0xff,0x15,0x3c,0xff,
  0x79,0x85,0xff,0xbc,0xc6,0xff,0x7e,0xef,0xff,0x9e,0xef,0xff,0x9e,0xef,0xff,0x9e,0xef,0xff,0x9e,0xef,0xff,0x9e,0xef,0xff,
  0x9e,0xef,0xff,0x9e,0xef,0xff,0x9e,0xef,0xff,0x9e,0xef,0xff,0x9e,0xef,0xff,0x9e,0xef,0xff,0x9e,0xef,0xff,0x9e,0xef,0xff,
  0x9e,0xef,0xff,0x9e,0xef,0xff,0x9e,0xef,0xff,0x9e,0xef,0xff,0x9e,0xef,0xff,0x9e,0xef,0xff,0x9e,0xef,0xff,0x9e,0xef,0xff,
  0x9e,0xef,0xff,0x9e,0xef,0xff,0x9e,0xef,0xff,0x9e,0xef,0xff,0x9e,0xef,0xff,0x7e,0xef,0xff,0xbc,0xc6,0xff,0x79,0x85,0xff,
  0x15,0x3c,0xff,0x94,0x23,0xff,0x94,0x23,0xff,0x94,0x23,0xff,0x94,0x23,0xff,0x94,0x23,0xff,0x94,0x23,0xff,0x94,0x23,0xff,
  0x94,0x23,0xff,0x94,0x23,0xff,0x94,0x23,0xff,0x94,0x23,0xff,0x94,0x23,0xff,0x94,0x23,0xff,0x94,0x23,0xff,0x94,0x23,0xff,
  0x94,0x23,0xff,0x94,0x23,0xff,0x94,0x23,0xff,0x94,0x23,0xff,0x94,0x23,0xff,0x94,0x23,0xff,0x94,0x23,0xff,0x94,0x23,0xff,
  0x94,0x23,0xff,0x94,0x23,0xff,0x94,0x23,0xff,0x94,0x23,0xff,0x94,0x23,0xff,0x94,0x23,0xff,0x94,0x23,0xff,0x94,0x23,0xff,
  0x94,0x23,0xff,0x94,0x23,0xff,0x94,0x23,0xff,0x94,0x23,0xff,0x94,0x23,0xff,0x94,0x23,0xff,0xf1,0x1a,0xff,0xc,0x12,0xff,
  0xc,0x12,0xff,0xc,0x12,0xff,0xc,0x12,0xff,0xc,0x12,0xff,0xc,0x12,0xac,0x0,0x0,0x0,0x0,0x0,0x0,0x0,0x0,0x0,
  0x0,0x0,0x0,0x0,0x0,0x0,0x0,0x0,0x0,0x0,0x0,0x0,0x0,0x0,0x0,0x0,0x0,0x0,0x0,0x0,0x0,0x0,0x0,0x0,
  0x0,0x0,0x0,0x0,0x0,0x0,0x0,0x0,0x0,0x0,0x0,0x0,0x0,0x0,0x0,0x0,0x0,0x0,0x0,0x0,0x0,0x0,0x0,0x0,
  0x0,0x0,0x0,0x0,0x0,0x0,0x0,0x0,0x0,0xc,0x12,0xac,0xc,0x12,0xff,0xc,0x12,0xff,0xc,0x12,0xff,0xc,0x12,0xff,
  0xc,0x12,0xff,0xf1,0x1a,0xff,0x94,0x23,0xff,0x94,0x23,0xff,0x94,0x23,0xff,0x94,0x23,0xff,0x94,0x23,0xff,0x94,0x23,0xff,
  0x94,0x23,0xff,0x94,0x23,0xff,0x94,0x23,0xff,0x94,0x23,0xff,0x94,0x23,0xff,0x94,0x23,0xff,0x94,0x23,0xff,0x94,0x23,0xff,
  0x94,0x23,0xff,0x94,0x23,0xff,0x94,0x23,0xff,0x94,0x23,0xff,0x94,0x23,0xff,0x94,0x23,0xff,0x94,0x23,0xff,0x94,0x23,0xff,
  0x94,0x23,0xff,0x94,0x23,0xff,0x94,0x23,0xff,0x94,0x23,0xff,0x94,0x23,0xff,0x94,0x23,0xff,0x94,0x23,0xff,0x94,0x23,0xff,
  0x94,0x23,0xff,0x94,0x23,0xff,0x94,0x23,0xff,0x94,0x23,0xff,0xb4,0x2b,0xff,0xf8,0x6c,0xff,0x7c,0xb6,0xff,0x7e,0xef,0xff,
  0x9e,0xef,0xff,0x9e,0xef,0xff,0x9e,0xef,0xff,0x9e,0xef,0xff,0x9e,0xef,0xff,0x9e,0xef,0xff,0x9e,0xef,0xff,0x9e,0xef,0xff,
  0x9e,0xef,0xff,0x9e,0xef,0xff,0x9e,0xef,0xff,0x9e,0xef,0xff,0x7e,0xef,0xff,0x5e,0xdf,0xff,0x1d,0xd7,0xff,0x1d,0xd7,0xff,
  0x1d,0xd7,0xff,0x1d,0xd7,0xff,0x5e,0xdf,0xff,0x7e,0xef,0xff,0x9e,0xef,0xff,0x9e,0xef,0xff,0x9e,0xef,0xff,0x9e,0xef,0xff,
  0x9e,0xef,0xff,0x9e,0xef,0xff,0x9e,0xef,0xff,0x9e,0xef,0xff,0x9e,0xef,0xff,0x9e,0xef,0xff,0x9e,0xef,0xff,0x9e,0xef,0xff,
  0x7e,0xef,0xff,0x7b,0xb6,0xff,0xf8,0x6c,0xff,0xb4,0x2b,0xff,0x94,0x23,0xff,0x94,0x23,0xff,0x94,0x23,0xff,0x94,0x23,0xff,
  0x94,0x23,0xff,0x94,0x23,0xff,0x94,0x23,0xff,0x94,0x23,0xff,0x94,0x23,0xff,0x94,0x23,0xff,0x94,0x23,0xff,0x94,0x23,0xff,
  0x94,0x23,0xff,0x94,0x23,0xff,0x94,0x23,0xff,0x94,0x23,0xff,0x94,0x23,0xff,0x94,0x23,0xff,0x94,0x23,0xff,0x94,0x23,0xff,
  0x94,0x23,0xff,0x94,0x23,0xff,0x94,0x23,0xff,0x94,0x23,0xff,0x94,0x23,0xff,0x94,0x23,0xff,0x94,0x23,0xff,0x94,0x23,0xff,
  0x94,0x23,0xff,0x94,0x23,0xff,0x94,0x23,0xff,0x94,0x23,0xff,0x94,0x23,0xff,0x94,0x23,0xff,0xf1,0x1a,0xff,0xc,0x12,0xff,
  0xc,0x12,0xff,0xc,0x12,0xff,0xc,0x12,0xff,0xc,0x12,0xff,0xc,0x12,0xac,0x0,0x0,0x0,0x0,0x0,0x0,0x0,0x0,0x0,
  0x0,0x0,0x0,0x0,0x0,0x0,0x0,0x0,0x0,0x0,0x0,0x0,0x0,0x0,0x0,0x0,0x0,0x0,0x0,0x0,0x0,0x0,0x0,0x0,
  0x0,0x0,0x0,0x0,0x0,0x0,0x0,0x0,0x0,0x0,0x0,0x0,0x0,0x0,0x0,0x0,0x0,0x0,0x0,0x0,0x0,0x0,0x0,0x0,
  0x0,0x0,0x0,0x0,0x0,0x0,0x0,0x0,0x0,0xc,0x12,0xac,0xc,0x12,0xff,0xc,0x12,0xff,0xc,0x12,0xff,0xc,0x12,0xff,
  0xc,0x12,0xff,0xf1,0x1a,0xff,0x94,0x23,0xff,0x94,0x23,0xff,0x94,0x23,0xff,0x94,0x23,0xff,0x94,0x23,0xff,0x94,0x23,0xff,
  0x94,0x23,0xff,0x94,0x23,0xff,0x94,0x23,0xff,0x94,0x23,0xff,0x94,0x23,0xff,0x94,0x23,0xff,0x94,0x23,0xff,0x94,0x23,0xff,
  0x94,0x23,0xff,0x94,0x23,0xff,0x94,0x23,0xff,0x94,0x23,0xff,0x94,0x23,0xff,0x94,0x23,0xff,0x94,0x23,0xff,0x94,0x23,0xff,
  0x94,0x23,0xff,0x94,0x23,0xff,0x94,0x23,0xff,0x94,0x23,0xff,0x94,0x23,0xff,0x94,0x23,0xff,0x94,0x23,0xff,0x94,0x23,0xff,
  0x94,0x23,0xff,0x94,0x23,0xff,0xd5,0x33,0xff,0x79,0x85,0xff,0x1d,0xd7,0xff,0x9e,0xef,0xff,0x9e,0xef,0xff,0x9e,0xef,0xff,
  0x9e,0xef,0xff,0x9e,0xef,0xff,0x9e,0xef,0xff,0x9e,0xef,0xff,0x9e,0xef,0xff,0x9e,0xef,0xff,0x1d,0xd7,0xff,0x5b,0xae,0xff,
  0x99,0x8d,0xff,0xf7,0x6c,0xff,0x76,0x4c,0xff,0xf5,0x3b,0xff,0xb4,0x2b,0xff,0x94,0x23,0xff,0x94,0x23,0xff,0x94,0x23,0xff,
  0x94,0x23,0xff,0x94,0x23,0xff,0x94,0x23,0xff,0xb4,0x2b,0xff,0xf5,0x3b,0xff,0x76,0x4c,0xff,0xf7,0x6c,0xff,0x99,0x8d,0xff,
  0x5b,0xae,0xff,0x1d,0xd7,0xff,0x9e,0xef,0xff,0x9e,0xef,0xff,0x9e,0xef,0xff,0x9e,0xef,0xff,0x9e,0xef,0xff,0x9e,0xef,0xff,
  0x9e,0xef,0xff,0x9e,0xef,0xff,0x9e,0xef,0xff,0x1d,0xd7,0xff,0x79,0x85,0xff,0xd5,0x33,0xff,0x94,0x23,0xff,0x94,0x23,0xff,
  0x94,0x23,0xff,0x94,0x23,0xff,0x94,0x23,0xff,0x94,0x23,0xff,0x94,0x23,0xff,0x94,0x23,0xff,0x94,0x23,0xff,0x94,0x23,0xff,
  0x94,0x23,0xff,0x94,0x23,0xff,0x94,0x23,0xff,0x94,0x23,0xff,0x94,0x23,0xff,0x94,0x23,0xff,0x94,0x23,0xff,0x94,0x23,0xff,
  0x94,0x23,0xff,0x94,0x23,0xff,0x94,0x23,0xff,0x94,0x23,0xff,0x94,0x23,0xff,0x94,0x23,0xff,0x94,0x23,0xff,0x94,0x23,0xff,
  0x94,0x23,0xff,0x94,0x23,0xff,0x94,0x23,0xff,0x94,0x23,0xff,0x94,0x23,0xff,0x94,0x23,0xff,0xf1,0x1a,0xff,0xc,0x12,0xff,
  0xc,0x12,0xff,0xc,0x12,0xff,0xc,0x12,0xff,0xc,0x12,0xff,0xc,0x12,0xac,0x0,0x0,0x0,0x0,0x0,0x0,0x0,0x0,0x0,
  0x0,0x0,0x0,0x0,0x0,0x0,0x0,0x0,0x0,0x0,0x0,0x0,0x0,0x0,0x0,0x0,0x0,0x0,0x0,0x0,0x0,0x0,0x0,0x0,
  0x0,0x0,0x0,0x0,0x0,0x0,0x0,0x0,0x0,0x0,0x0,0x0,0x0,0x0,0x0,0x0,0x0,0x0,0x0,0x0,0x0,0x0,0x0,0x0,
  0x0,0x0,0x0,0x0,0x0,0x0,0x0,0x0,0x0,0xc,0x12,0xac,0xc,0x12,0xff,0xc,0x12,0xff,0xc,0x12,0xff,0xc,0x12,0xff,
  0xc,0x12,0xff,0xf1,0x1a,0xff,0x94,0x23,0xff,0x94,0x23,0xff,0x94,0x23,0xff,0x94,0x23,0xff,0x94,0x23,0xff,0x94,0x23,0xff,
  0x94,0x23,0xff,0x94,0x23,0xff,0x94,0x23,0xff,0x94,0x23,0xff,0x94,0x23,0xff,0x94,0x23,0xff,0x94,0x23,0xff,0x94,0x23,0xff,
  0x94,0x23,0xff,0x94,0x23,0xff,0x94,0x23,0xff,0x94,0x23,0xff,0x94,0x23,0xff,0x94,0x23,0xff,0x94,0x23,0xff,0x94,0x23,0xff,
  0x94,0x23,0xff,0x94,0x23,0xff,0x94,0x23,0xff,0x94,0x23,0xff,0x94,0x23,0xff,0x94,0x23,0xff,0x94,0x23,0xff,0x94,0x23,0xff,
  0xb4,0x2b,0xff,0x79,0x85,0xff,0x5d,0xdf,0xff,0x9e,0xef,0xff,0x9e,0xef,0xff,0x9e,0xef,0xff,0x9e,0xef,0xff,0x9e,0xef,0xff,
  0x9e,0xef,0xff,0x9e,0xef,0xff,0x5e,0xdf,0xff,0x3b,0xae,0xff,0x18,0x6d,0xff,0x15,0x3c,0xff,0x94,0x23,0xff,0x94,0x23,0xff,
  0x94,0x23,0xff,0x94,0x23,0xff,0x94,0x23,0xff,0x94,0x23,0xff,0x94,0x23,0xff,0x94,0x23,0xff,0x94,0x23,0xff,0x94,0x23,0xff,
  0x94,0x23,0xff,0x94,0x23,0xff,0x94,0x23,0xff,0x94,0x23,0xff,0x94,0x23,0xff,0x94,0x23,0xff,0x94,0x23,0xff,0x94,0x23,0xff,
  0x94,0x23,0xff,0x94,0x23,0xff,0x15,0x3c,0xff,0x18,0x6d,0xff,0x3b,0xae,0xff,0x5e,0xdf,0xff,0x9e,0xef,0xff,0x9e,0xef,0xff,
  0x9e,0xef,0xff,0x9e,0xef,0xff,0x9e,0xef,0xff,0x9e,0xef,0xff,0x9e,0xef,0xff,0x5d,0xdf,0xff,0x79,0x85,0xff,0xb4,0x2b,0xff,
  0x94,0x23,0xff,0x94,0x23,0xff,0x94,0x23,0xff,0x94,0x23,0xff,0x94,0x23,0xff,0x94,0x23,0xff,0x94,0x23,0xff,0x94,0x23,0xff,
  0x94,0x23,0xff,0x94,0x23,0xff,0x94,0x23,0xff,0x94,0x23,0xff,0x94,0x23,0xff,0x94,0x23,0xff,0x94,0x23,0xff,0x94,0x23,0xff,
  0x94,0x23,0xff,0x94,0x23,0xff,0x94,0x23,0xff,0x94,0x23,0xff,0x94,0x23,0xff,0x94,0x23,0xff,0x94,0x23,0xff,0x94,0x23,0xff,
  0x94,0x23,0xff,0x94,0x23,0xff,0x94,0x23,0xff,0x94,0x23,0xff,0x94,0x23,0xff,0x94,0x23,0xff,0xf1,0x1a,0xff,0xc,0x12,0xff,
  0xc,0x12,0xff,0xc,0x12,0xff,0xc,0x12,0xff,0xc,0x12,0xff,0xc,0x12,0xac,0x0,0x0,0x0,0x0,0x0,0x0,0x0,0x0,0x0,
  0x0,0x0,0x0,0x0,0x0,0x0,0x0,0x0,0x0,0x0,0x0,0x0,0x0,0x0,0x0,0x0,0x0,0x0,0x0,0x0,0x0,0x0,0x0,0x0,
  0x0,0x0,0x0,0x0,0x0,0x0,0x0,0x0,0x0,0x0,0x0,0x0,0x0,0x0,0x0,0x0,0x0,0x0,0x0,0x0,0x0,0x0,0x0,0x0,
  0x0,0x0,0x0,0x0,0x0,0x0,0x0,0x0,0x0,0xc,0x12,0xac,0xc,0x12,0xff,0xc,0x12,0xff,0xc,0x12,0xff,0xc,0x12,0xff,
  0xc,0x12,0xff,0xf1,0x1a,0xff,0x94,0x23,0xff,0x94,0x23,0xff,0x94,0x23,0xff,0x94,0x23,0xff,0x94,0x23,0xff,0x94,0x23,0xff,
  0x94,0x23,0xff,0x94,0x23,0xff,0x94,0x23,0xff,0x94,0x23,0xff,0x94,0x23,0xff,0x94,0x23,0xff,0x94,0x23,0xff,0x94,0x23,0xff,
  0x94,0x23,0xff,0x94,0x23,0xff,0x94,0x23,0xff,0x94,0x23,0xff,0x94,0x23,0xff,0x94,0x23,0xff,0x94,0x23,0xff,0x94,0x23,0xff,
  0x94,0x23,0xff,0x94,0x23,0xff,0x94,0x23,0xff,0x94,0x23,0xff,0x94,0x23,0xff,0x94,0x23,0xff,0x94,0x23,0xff,0x18,0x6d,0xff,
  0x1d,0xd7,0xff,0x9e,0xef,0xff,0x9e,0xef,0xff,0x9e,0xef,0xff,0x9e,0xef,0xff,0x9e,0xef,0xff,0x9e,0xef,0xff,0x7e,0xe7,0xff,
  0x3b,0xae,0xff,0xb7,0x5c,0xff,0xb4,0x2b,0xff,0x94,0x23,0xff,0x94,0x23,0xff,0x94,0x23,0xff,0x94,0x23,0xff,0x94,0x23,0xff,
  0x94,0x23,0xff,0x94,0x23,0xff,0x94,0x23,0xff,0x94,0x23,0xff,0x94,0x23,0xff,0x94,0x23,0xff,0x94,0x23,0xff,0x94,0x23,0xff,
  0x94,0x23,0xff,0x94,0x23,0xff,0x94,0x23,0xff,0x94,0x23,0xff,0x94,0x23,0xff,0x94,0x23,0xff,0x94,0x23,0xff,0x94,0x23,0xff,
  0x94,0x23,0xff,0x94,0x23,0xff,0x94,0x23,0xff,0x94,0x23,0xff,0x94,0x23,0xff,0xb4,0x2b,0xff,0xb7,0x5c,0xff,0x3b,0xae,0xff,
  0x7e,0xe7,0xff,0x9e,0xef,0xff,0x9e,0xef,0xff,0x9e,0xef,0xff,0x9e,0xef,0xff,0x9e,0xef,0xff,0x9e,0xef,0xff,0x1d,0xd7,0xff,
  0x18,0x6d,0xff,0x94,0x23,0xff,0x94,0x23,0xff,0x94,0x23,0xff,0x94,0x23,0xff,0x94,0x23,0xff,0x94,0x23,0xff,0x94,0x23,0xff,
  0x94,0x23,0xff,0x94,0x23,0xff,0x94,0x23,0xff,0x94,0x23,0xff,0x94,0x23,0xff,0x94,0x23,0xff,0x94,0x23,0xff,0x94,0x23,0xff,
  0x94,0x23,0xff,0x94,0x23,0xff,0x94,0x23,0xff,0x94,0x23,0xff,0x94,0x23,0xff,0x94,0x23,0xff,0x94,0x23,0xff,0x94,0x23,0xff,
  0x94,0x23,0xff,0x94,0x23,0xff,0x94,0x23,0xff,0x94,0x23,0xff,0x94,0x23,0xff,0x94,0x23,0xff,0xf1,0x1a,0xff,0xc,0x12,0xff,
  0xc,0x12,0xff,0xc,0x12,0xff,0xc,0x12,0xff,0xc,0x12,0xff,0xc,0x12,0xac,0x0,0x0,0x0,0x0,0x0,0x0,0x0,0x0,0x0,
  0x0,0x0,0x0,0x0,0x0,0x0,0x0,0x0,0x0,0x0,0x0,0x0,0x0,0x0,0x0,0x0,0x0,0x0,0x0,0x0,0x0,0x0,0x0,0x0,
  0x0,0x0,0x0,0x0,0x0,0x0,0x0,0x0,0x0,0x0,0x0,0x0,0x0,0x0,0x0,0x0,0x0,0x0,0x0,0x0,0x0,0x0,0x0,0x0,
  0x0,0x0,0x0,0x0,0x0,0x0,0x0,0x0,0x0,0xc,0x12,0xac,0xc,0x12,0xff,0xc,0x12,0xff,0xc,0x12,0xff,0xc,0x12,0xff,
  0xc,0x12,0xff,0xf1,0x1a,0xff,0x94,0x23,0xff,0x94,0x23,0xff,0x94,0x23,0xff,0x94,0x23,0xff,0x94,0x23,0xff,0x94,0x23,0xff,
  0x94,0x23,0xff,0x94,0x23,0xff,0x94,0x23,0xff,0x94,0x23,0xff,0x94,0x23,0xff,0x94,0x23,0xff,0x94,0x23,0xff,0x94,0x23,0xff,
  0x94,0x23,0xff,0x94,0x23,0xff,0x94,0x23,0xff,0x94,0x23,0xff,0x94,0x23,0xff,0x94,0x23,0xff,0x94,0x23,0xff,0x94,0x23,0xff,
  0x94,0x23,0xff,0x94,0x23,0xff,0x94,0x23,0xff,0x94,0x23,0xff,0x94,0x23,0xff,0x36,0x44,0xff,0x9c,0xbe,0xff,0x9e,0xef,0xff,
  0x9e,0xef,0xff,0x9e,0xef,0xff,0x9e,0xef,0xff,0x9e,0xef,0xff,0x9e,0xef,0xff,0x1d,0xd7,0xff,0x79,0x85,0xff,0xd5,0x33,0xff,
  0x94,0x23,0xff,0x94,0x23,0xff,0x94,0x23,0xff,0x94,0x23,0xff,0x94,0x23,0xff,0x94,0x23,0xff,0x94,0x23,0xff,0x94,0x23,0xff,
  0x94,0x23,0xff,0x94,0x23,0xff,0x94,0x23,0xff,0x94,0x23,0xff,0x94,0x23,0xff,0x94,0x23,0xff,0x94,0x23,0xff,0x94,0x23,0xff,
  0x94,0x23,0xff,0x94,0x23,0xff,0x94,0x23,0xff,0x94,0x23,0xff,0x94,0x23,0xff,0x94,0x23,0xff,0x94,0x23,0xff,0x94,0x23,0xff,
  0x94,0x23,0xff,0x94,0x23,0xff,0x94,0x23,0xff,0x94,0x23,0xff,0x94,0x23,0xff,0x94,0x23,0xff,0x94,0x23,0xff,0x94,0x23,0xff,
  0xd5,0x33,0xff,0x79,0x85,0xff,0x1d,0xd7,0xff,0x9e,0xef,0xff,0x9e,0xef,0xff,0x9e,0xef,0xff,0x9e,0xef,0xff,0x9e,0xef,0xff,
  0x9e,0xef,0xff,0x9c,0xbe,0xff,0x36,0x44,0xff,0x94,0x23,0xff,0x94,0x23,0xff,0x94,0x23,0xff,0x94,0x23,0xff,0x94,0x23,0xff,
  0x94,0x23,0xff,0x94,0x23,0xff,0x94,0x23,0xff,0x94,0x23,0xff,0x94,0x23,0xff,0x94,0x23,0xff,0x94,0x23,0xff,0x94,0x23,0xff,
  0x94,0x23,0xff,0x94,0x23,0xff,0x94,0x23,0xff,0x94,0x23,0xff,0x94,0x23,0xff,0x94,0x23,0xff,0x94,0x23,0xff,0x94,0x23,0xff,
  0x94,0x23,0xff,0x94,0x23,0xff,0x94,0x23,0xff,0x94,0x23,0xff,0x94,0x23,0xff,0x94,0x23,0xff,0xf1,0x1a,0xff,0xc,0x12,0xff,
  0xc,0x12,0xff,0xc,0x12,0xff,0xc,0x12,0xff,0xc,0x12,0xff,0xc,0x12,0xac,0x0,0x0,0x0,0x0,0x0,0x0,0x0,0x0,0x0,
  0x0,0x0,0x0,0x0,0x0,0x0,0x0,0x0,0x0,0x0,0x0,0x0,0x0,0x0,0x0,0x0,0x0,0x0,0x0,0x0,0x0,0x0,0x0,0x0,
  0x0,0x0,0x0,0x0,0x0,0x0,0x0,0x0,0x0,0x0,0x0,0x0,0x0,0x0,0x0,0x0,0x0,0x0,0x0,0x0,0x0,0x0,0x0,0x0,
  0x0,0x0,0x0,0x0,0x0,0x0,0x0,0x0,0x0,0xc,0x12,0xac,0xc,0x12,0xff,0xc,0x12,0xff,0xc,0x12,0xff,0xc,0x12,0xff,
  0xc,0x12,0xff,0xf1,0x1a,0xff,0x94,0x23,0xff,0x94,0x23,0xff,0x94,0x23,0xff,0x94,0x23,0xff,0x94,0x23,0xff,0x94,0x23,0xff,
  0x94,0x23,0xff,0x94,0x23,0xff,0x94,0x23,0xff,0x94,0x23,0xff,0x94,0x23,0xff,0x94,0x23,0xff,0x94,0x23,0xff,0x94,0x23,0xff,
  0x94,0x23,0xff,0x94,0x23,0xff,0x94,0x23,0xff,0x94,0x23,0xff,0x94,0x23,0xff,0x94,0x23,0xff,0x94,0x23,0xff,0x94,0x23,0xff,
  0x94,0x23,0xff,0x94,0x23,0xff,0x94,0x23,0xff,0x94,0x23,0xff,0x58,0x7d,0xff,0x7e,0xe7,0xff,0x9e,0xef,0xff,0x9e,0xef,0xff,
  0x9e,0xef,0xff,0x9e,0xef,0xff,0x9e,0xef,0xff,0x1d,0xd7,0xff,0x18,0x6d,0xff,0xb4,0x2b,0xff,0x94,0x23,0xff,0x94,0x23,0xff,
  0x94,0x23,0xff,0x94,0x23,0xff,0x94,0x23,0xff,0x94,0x23,0xff,0x94,0x23,0xff,0x94,0x23,0xff,0x94,0x23,0xff,0x94,0x23,0xff,
  0x94,0x23,0xff,0x94,0x23,0xff,0x94,0x23,0xff,0x94,0x23,0xff,0x94,0x23,0xff,0x94,0x23,0xff,0x94,0x23,0xff,0x94,0x23,0xff,
  0x94,0x23,0xff,0x94,0x23,0xff,0x94,0x23,0xff,0x94,0x23,0xff,0x94,0x23,0xff,0x94,0x23,0xff,0x94,0x23,0xff,0x94,0x23,0xff,
  0x94,0x23,0xff,0x94,0x23,0xff,0x94,0x23,0xff,0x94,0x23,0xff,0x94,0x23,0xff,0x94,0x23,0xff,0x94,0x23,0xff,0x94,0x23,0xff,
  0x94,0x23,0xff,0x94,0x23,0xff,0xb4,0x2b,0xff,0x18,0x6d,0xff,0x1d,0xd7,0xff,0x9e,0xef,0xff,0x9e,0xef,0xff,0x9e,0xef,0xff,
  0x9e,0xef,0xff,0x9e,0xef,0xff,0x7e,0xe7,0xff,0x58,0x7d,0xff,0x94,0x23,0xff,0x94,0x23,0xff,0x94,0x23,0xff,0x94,0x23,0xff,
  0x94,0x23,0xff,0x94,0x23,0xff,0x94,0x23,0xff,0x94,0x23,0xff,0x94,0x23,0xff,0x94,0x23,0xff,0x94,0x23,0xff,0x94,0x23,0xff,
  0x94,0x23,0xff,0x94,0x23,0xff,0x94,0x23,0xff,0x94,0x23,0xff,0x94,0x23,0xff,0x94,0x23,0xff,0x94,0x23,0xff,0x94,0x23,0xff,
  0x94,0x23,0xff,0x94,0x23,0xff,0x94,0x23,0xff,0x94,0x23,0xff,0x94,0x23,0xff,0x94,0x23,0xff,0xf1,0x1a,0xff,0xc,0x12,0xff,
  0xc,0x12,0xff,0xc,0x12,0xff,0xc,0x12,0xff,0xc,0x12,0xff,0xc,0x12,0xac,0x0,0x0,0x0,0x0,0x0,0x0,0x0,0x0,0x0,
  0x0,0x0,0x0,0x0,0x0,0x0,0x0,0x0,0x0,0x0,0x0,0x0,0x0,0x0,0x0,0x0,0x0,0x0,0x0,0x0,0x0,0x0,0x0,0x0,
  0x0,0x0,0x0,0x0,0x0,0x0,0x0,0x0,0x0,0x0,0x0,0x0,0x0,0x0,0x0,0x0,0x0,0x0,0x0,0x0,0x0,0x0,0x0,0x0,
  0x0,0x0,0x0,0x0,0x0,0x0,0x0,0x0,0x0,0xc,0x12,0xac,0xc,0x12,0xff,0xc,0x12,0xff,0xc,0x12,0xff,0xc,0x12,0xff,
  0xc,0x12,0xff,0xf1,0x1a,0xff,0x94,0x23,0xff,0x94,0x23,0xff,0x94,0x23,0xff,0x94,0x23,0xff,0x94,0x23,0xff,0x94,0x23,0xff,
  0x94,0x23,0xff,0x94,0x23,0xff,0x94,0x23,0xff,0x94,0x23,0xff,0x94,0x23,0xff,0x94,0x23,0xff,0x94,0x23,0xff,0x94,0x23,0xff,
  0x94,0x23,0xff,0x94,0x23,0xff,0x94,0x23,0xff,0x94,0x23,0xff,0x94,0x23,0xff,0x94,0x23,0xff,0x94,0x23,0xff,0x94,0x23,0xff,
  0x94,0x23,0xff,0x94,0x23,0xff,0xf5,0x33,0xff,0x7b,0xb6,0xff,0x9e,0xef,0xff,0x9e,0xef,0xff,0x9e,0xef,0xff,0x9e,0xef,0xff,
  0x9e,0xef,0xff,0x3d,0xdf,0xff,0x58,0x7d,0xff,0xb4,0x2b,0xff,0x94,0x23,0xff,0x94,0x23,0xff,0x94,0x23,0xff,0x94,0x23,0xff,
  0x94,0x23,0xff,0x94,0x23,0xff,0x94,0x23,0xff,0x94,0x23,0xff,0x94,0x23,0xff,0x94,0x23,0xff,0x94,0x23,0xff,0x94,0x23,0xff,
  0x94,0x23,0xff,0x94,0x23,0xff,0x94,0x23,0xff,0x94,0x23,0xff,0x94,0x23,0xff,0x94,0x23,0xff,0x94,0x23,0xff,0x94,0x23,0xff,
  0x94,0x23,0xff,0x94,0x23,0xff,0x94,0x23,0xff,0x94,0x23,0xff,0x94,0x23,0xff,0x94,0x23,0xff,0x94,0x23,0xff,0x94,0x23,0xff,
  0x94,0x23,0xff,0x94,0x23,0xff,0x94,0x23,0xff,0x94,0x23,0xff,0x94,0x23,0xff,0x94,0x23,0xff,0x94,0x23,0xff,0x94,0x23,0xff,
  0x94,0x23,0xff,0x94,0x23,0xff,0x94,0x23,0xff,0x94,0x23,0xff,0xb4,0x2b,0xff,0x58,0x7d,0xff,0x3d,0xdf,0xff,0x9e,0xef,0xff,
  0x9e,0xef,0xff,0x9e,0xef,0xff,0x9e,0xef,0xff,0x9e,0xef,0xff,0x7b,0xb6,0xff,0xf5,0x33,0xff,0x94,0x23,0xff,0x94,0x23,0xff,
  0x94,0x23,0xff,0x94,0x23,0xff,0x94,0x23,0xff,0x94,0x23,0xff,0x94,0x23,0xff,0x94,0x23,0xff,0x94,0x23,0xff,0x94,0x23,0xff,
  0x94,0x23,0xff,0x94,0x23,0xff,0x94,0x23,0xff,0x94,0x23,0xff,0x94,0x23,0xff,0x94,0x23,0xff,0x94,0x23,0xff,0x94,0x23,0xff,
  0x94,0x23,0xff,0x94,0x23,0xff,0x94,0x23,0xff,0x94,0x23,0xff,0x94,0x23,0xff,0x94,0x23,0xff,0xf1,0x1a,0xff,0xc,0x12,0xff,
  0xc,0x12,0xff,0xc,0x12,0xff,0xc,0x12,0xff,0xc,0x12,0xff,0xc,0x12,0xac,0x0,0x0,0x0,0x0,0x0,0x0,0x0,0x0,0x0,
  0x0,0x0,0x0,0x0,0x0,0x0,0x0,0x0,0x0,0x0,0x0,0x0,0x0,0x0,0x0,0x0,0x0,0x0,0x0,0x0,0x0,0x0,0x0,0x0,
  0x0,0x0,0x0,0x0,0x0,0x0,0x0,0x0,0x0,0x0,0x0,0x0,0x0,0x0,0x0,0x0,0x0,0x0,0x0,0x0,0x0,0x0,0x0,0x0,
  0x0,0x0,0x0,0x0,0x0,0x0,0x0,0x0,0x0,0xc,0x12,0xac,0xc,0x12,0xff,0xc,0x12,0xff,0xc,0x12,0xff,0xc,0x12,0xff,
  0xc,0x12,0xff,0xf1,0x1a,0xff,0x94,0x23,0xff,0x94,0x23,0xff,0x94,0x23,0xff,0x94,0x23,0xff,0x94,0x23,0xff,0x94,0x23,0xff,
  0x94,0x23,0xff,0x94,0x23,0xff,0x94,0x23,0xff,0x94,0x23,0xff,0x94,0x23,0xff,0x94,0x23,0xff,0x94,0x23,0xff,0x94,0x23,0xff,
  0x94,0x23,0xff,0x94,0x23,0xff,0x94,0x23,0xff,0x94,0x23,0xff,0x94,0x23,0xff,0x94,0x23,0xff,0x94,0x23,0xff,0x94,0x23,0xff,
  0x94,0x23,0xff,0x56,0x4c,0xff,0x1d,0xd7,0xff,0x9e,0xef,0xff,0x9e,0xef,0xff,0x9e,0xef,0xff,0x9e,0xef,0xff,0x7e,0xef,0xff,
  0xfa,0x9d,0xff,0xd5,0x33,0xff,0x94,0x23,0xff,0x94,0x23,0xff,0x94,0x23,0xff,0x94,0x23,0xff,0x94,0x23,0xff,0x94,0x23,0xff,
  0x94,0x23,0xff,0x94,0x23,0xff,0x94,0x23,0xff,0x94,0x23,0xff,0x94,0x23,0xff,0x94,0x23,0xff,0x94,0x23,0xff,0x94,0x23,0xff,
  0x94,0x23,0xff,0x94,0x23,0xff,0x94,0x23,0xff,0x94,0x23,0xff,0x94,0x23,0xff,0x94,0x23,0xff,0x94,0x23,0xff,0x94,0x23,0xff,
  0x94,0x23,0xff,0x94,0x23,0xff,0x94,0x23,0xff,0x94,0x23,0xff,0x94,0x23,0xff,0x94,0x23,0xff,0x94,0x23,0xff,0x94,0x23,0xff,
  0x94,0x23,0xff,0x94,0x23,0xff,0x94,0x23,0xff,0x94,0x23,0xff,0x94,0x23,0xff,0x94,0x23,0xff,0x94,0x23,0xff,0x94,0x23,0xff,
  0x94,0x23,0xff,0x94,0x23,0xff,0x94,0x23,0xff,0x94,0x23,0xff,0x94,0x23,0xff,0x94,0x23,0xff,0xd5,0x33,0xff,0xfa,0x9d,0xff,
  0x7e,0xef,0xff,0x9e,0xef,0xff,0x9e,0xef,0xff,0x9e,0xef,0xff,0x9e,0xef,0xff,0x1d,0xd7,0xff,0x56,0x4c,0xff,0x94,0x23,0xff,
  0x94,0x23,0xff,0x94,0x23,0xff,0x94,0x23,0xff,0x94,0x23,0xff,0x94,0x23,0xff,0x94,0x23,0xff,0x94,0x23,0xff,0x94,0x23,0xff,
  0x94,0x23,0xff,0x94,0x23,0xff,0x94,0x23,0xff,0x94,0x23,0xff,0x94,0x23,0xff,0x94,0x23,0xff,0x94,0x23,0xff,0x94,0x23,0xff,
  0x94,0x23,0xff,0x94,0x23,0xff,0x94,0x23,0xff,0x94,0x23,0xff,0x94,0x23,0xff,0x94,0x23,0xff,0xf1,0x1a,0xff,0xc,0x12,0xff,
  0xc,0x12,0xff,0xc,0x12,0xff,0xc,0x12,0xff,0xc,0x12,0xff,0xc,0x12,0xac,0x0,0x0,0x0,0x0,0x0,0x0,0x0,0x0,0x0,
  0x0,0x0,0x0,0x0,0x0,0x0,0x0,0x0,0x0,0x0,0x0,0x0,0x0,0x0,0x0,0x0,0x0,0x0,0x0,0x0,0x0,0x0,0x0,0x0,
  0x0,0x0,0x0,0x0,0x0,0x0,0x0,0x0,0x0,0x0,0x0,0x0,0x0,0x0,0x0,0x0,0x0,0x0,0x0,0x0,0x0,0x0,0x0,0x0,
  0x0,0x0,0x0,0x0,0x0,0x0,0x0,0x0,0x0,0xc,0x12,0xac,0xc,0x12,0xff,0xc,0x12,0xff,0xc,0x12,0xff,0xc,0x12,0xff,
  0xc,0x12,0xff,0xf1,0x1a,0xff,0x94,0x23,0xff,0x94,0x23,0xff,0x94,0x23,0xff,0x94,0x23,0xff,0x94,0x23,0xff,0x94,0x23,0xff,
  0x94,0x23,0xff,0x94,0x23,0xff,0x94,0x23,0xff,0x94,0x23,0xff,0x94,0x23,0xff,0x94,0x23,0xff,0x94,0x23,0xff,0x94,0x23,0xff,
  0x94,0x23,0xff,0x94,0x23,0xff,0x94,0x23,0xff,0x94,0x23,0xff,0x94,0x23,0xff,0x94,0x23,0xff,0x94,0x23,0xff,0x94,0x23,0xff,
  0xf8,0x6c,0xff,0x5e,0xe7,0xff,0x9e,0xef,0xff,0x9e,0xef,0xff,0x9e,0xef,0xff,0x9e,0xef,0xff,0x1d,0xd7,0xff,0x96,0x54,0xff,
  0x94,0x23,0xff,0x94,0x23,0xff,0x94,0x23,0xff,0x94,0x23,0xff,0x94,0x23,0xff,0x94,0x23,0xff,0x94,0x23,0xff,0x94,0x23,0xff,
  0x94,0x23,0xff,0x94,0x23,0xff,0x94,0x23,0xff,0x94,0x23,0xff,0x94,0x23,0xff,0x94,0x23,0xff,0x94,0x23,0xff,0x94,0x23,0xff,
  0x94,0x23,0xff,0x94,0x23,0xff,0x94,0x23,0xff,0x94,0x23,0xff,0x94,0x23,0xff,0x94,0x23,0xff,0x94,0x23,0xff,0x94,0x23,0xff,
  0x94,0x23,0xff,0x94,0x23,0xff,0x94,0x23,0xff,0x94,0x23,0xff,0x94,0x23,0xff,0x94,0x23,0xff,0x94,0x23,0xff,0x94,0x23,0xff,
  0x94,0x23,0xff,0x94,0x23,0xff,0x94,0x23,0xff,0x94,0x23,0xff,0x94,0x23,0xff,0x94,0x23,0xff,0x94,0x23,0xff,0x94,0x23,0xff,
  0x94,0x23,0xff,0x94,0x23,0xff,0x94,0x23,0xff,0x94,0x23,0xff,0x94,0x23,0xff,0x94,0x23,0xff,0x94,0x23,0xff,0x94,0x23,0xff,
  0x96,0x54,0xff,0x1d,0xd7,0xff,0x9e,0xef,0xff,0x9e,0xef,0xff,0x9e,0xef,0xff,0x9e,0xef,0xff,0x5e,0xe7,0xff,0xf8,0x6c,0xff,
  0x94,0x23,0xff,0x94,0x23,0xff,0x94,0x23,0xff,0x94,0x23,0xff,0x94,0x23,0xff,0x94,0x23,0xff,0x94,0x23,0xff,0x94,0x23,0xff,
  0x94,0x23,0xff,0x94,0x23,0xff,0x94,0x23,0xff,0x94,0x23,0xff,0x94,0x23,0xff,0x94,0x23,0xff,0x94,0x23,0xff,0x94,0x23,0xff,
  0x94,0x23,0xff,0x94,0x23,0xff,0x94,0x23,0xff,0x94,0x23,0xff,0x94,0x23,0xff,0x94,0x23,0xff,0xf1,0x1a,0xff,0xc,0x12,0xff,
  0xc,0x12,0xff,0xc,0x12,0xff,0xc,0x12,0xff,0xc,0x12,0xff,0xc,0x12,0xac,0x0,0x0,0x0,0x0,0x0,0x0,0x0,0x0,0x0,
  0x0,0x0,0x0,0x0,0x0,0x0,0x0,0x0,0x0,0x0,0x0,0x0,0x0,0x0,0x0,0x0,0x0,0x0,0x0,0x0,0x0,0x0,0x0,0x0,
  0x0,0x0,0x0,0x0,0x0,0x0,0x0,0x0,0x0,0x0,0x0,0x0,0x0,0x0,0x0,0x0,0x0,0x0,0x0,0x0,0x0,0x0,0x0,0x0,
  0x0,0x0,0x0,0x0,0x0,0x0,0x0,0x0,0x0,0xc,0x12,0xac,0xc,0x12,0xff,0xc,0x12,0xff,0xc,0x12,0xff,0xc,0x12,0xff,
  0xc,0x12,0xff,0xf1,0x1a,0xff,0x94,0x23,0xff,0x94,0x23,0xff,0x94,0x23,0xff,0x94,0x23,0xff,0x94,0x23,0xff,0x94,0x23,0xff,
  0x94,0x23,0xff,0x94,0x23,0xff,0x94,0x23,0xff,0x94,0x23,0xff,0x94,0x23,0xff,0x94,0x23,0xff,0x94,0x23,0xff,0x94,0x23,0xff,
  0x94,0x23,0xff,0x94,0x23,0xff,0x94,0x23,0xff,0x94,0x23,0xff,0x94,0x23,0xff,0x94,0x23,0xff,0x94,0x23,0xff,0x59,0x7d,0xff,
  0x7e,0xef,0xff,0x9e,0xef,0xff,0x9e,0xef,0xff,0x9e,0xef,0xff,0x9e,0xef,0xff,0x1b,0xa6,0xff,0xd4,0x2b,0xff,0x94,0x23,0xff,
  0x94,0x23,0xff,0x94,0x23,0xff,0x94,0x23,0xff,0x94,0x23,0xff,0x94,0x23,0xff,0x94,0x23,0xff,0x94,0x23,0xff,0x94,0x23,0xff,
  0x94,0x23,0xff,0x94,0x23,0xff,0x94,0x23,0xff,0x94,0x23,0xff,0x94,0x23,0xff,0x94,0x23,0xff,0x94,0x23,0xff,0x94,0x23,0xff,
  0x94,0x23,0xff,0x94,0x23,0xff,0xf5,0x3b,0xff,0x97,0x5c,0xff,0xf8,0x6c,0xff,0x59,0x7d,0xff,0x99,0x8d,0xff,0xb9,0x95,0xff,
  0xb9,0x95,0xff,0x99,0x8d,0xff,0x59,0x7d,0xff,0xf8,0x6c,0xff,0x97,0x5c,0xff,0xf5,0x3b,0xff,0x94,0x23,0xff,0x94,0x23,0xff,
  0x94,0x23,0xff,0x94,0x23,0xff,0x94,0x23,0xff,0x94,0x23,0xff,0x94,0x23,0xff,0x94,0x23,0xff,0x94,0x23,0xff,0x94,0x23,0xff,
  0x94,0x23,0xff,0x94,0x23,0xff,0x94,0x23,0xff,0x94,0x23,0xff,0x94,0x23,0xff,0x94,0x23,0xff,0x94,0x23,0xff,0x94,0x23,0xff,
  0x94,0x23,0xff,0xd4,0x2b,0xff,0x1b,0xa6,0xff,0x9e,0xef,0xff,0x9e,0xef,0xff,0x9e,0xef,0xff,0x9e,0xef,0xff,0x7e,0xef,0xff,
  0x59,0x7d,0xff,0x94,0x23,0xff,0x94,0x23,0xff,0x94,0x23,0xff,0x94,0x23,0xff,0x94,0x23,0xff,0x94,0x23,0xff,0x94,0x23,0xff,
  0x94,0x23,0xff,0x94,0x23,0xff,0x94,0x23,0xff,0x94,0x23,0xff,0x94,0x23,0xff,0x94,0x23,0xff,0x94,0x23,0xff,0x94,0x23,0xff,
  0x94,0x23,0xff,0x94,0x23,0xff,0x94,0x23,0xff,0x94,0x23,0xff,0x94,0x23,0xff,0x94,0x23,0xff,0xf1,0x1a,0xff,0xc,0x12,0xff,
  0xc,0x12,0xff,0xc,0x12,0xff,0xc,0x12,0xff,0xc,0x12,0xff,0xc,0x12,0xac,0x0,0x0,0x0,0x0,0x0,0x0,0x0,0x0,0x0,
  0x0,0x0,0x0,0x0,0x0,0x0,0x0,0x0,0x0,0x0,0x0,0x0,0x0,0x0,0x0,0x0,0x0,0x0,0x0,0x0,0x0,0x0,0x0,0x0,
  0x0,0x0,0x0,0x0,0x0,0x0,0x0,0x0,0x0,0x0,0x0,0x0,0x0,0x0,0x0,0x0,0x0,0x0,0x0,0x0,0x0,0x0,0x0,0x0,
  0x0,0x0,0x0,0x0,0x0,0x0,0x0,0x0,0x0,0xc,0x12,0xac,0xc,0x12,0xff,0xc,0x12,0xff,0xc,0x12,0xff,0xc,0x12,0xff,
  0xc,0x12,0xff,0xf1,0x1a,0xff,0x94,0x23,0xff,0x94,0x23,0xff,0x94,0x23,0xff,0x94,0x23,0xff,0x94,0x23,0xff,0x94,0x23,0xff,
  0x94,0x23,0xff,0x94,0x23,0xff,0x94,0x23,0xff,0x94,0x23,0xff,0x94,0x23,0xff,0x94,0x23,0xff,0x94,0x23,0xff,0x94,0x23,0xff,
  0x94,0x23,0xff,0x94,0x23,0xff,0x94,0x23,0xff,0x94,0x23,0xff,0x94,0x23,0xff,0x94,0x23,0xff,0x99,0x8d,0xff,0x9e,0xef,0xff,
  0x9e,0xef,0xff,0x9e,0xef,0xff,0x9e,0xef,0xff,0x7e,0xe7,0xff,0x38,0x75,0xff,0x94,0x23,0xff,0x94,0x23,0xff,0x94,0x23,0xff,
  0x94,0x23,0xff,0x94,0x23,0xff,0x94,0x23,0xff,0x94,0x23,0xff,0x94,0x23,0xff,0x94,0x23,0xff,0x94,0x23,0xff,0x94,0x23,0xff,
  0x94,0x23,0xff,0x94,0x23,0xff,0x94,0x23,0xff,0x94,0x23,0xff,0x94,0x23,0xff,0x94,0x23,0xff,0x97,0x54,0xff,0x99,0x8d,0xff,
  0x7c,0xb6,0xff,0x5e,0xdf,0xff,0x9e,0xef,0xff,0x9e,0xef,0xff,0x9e,0xef,0xff,0x9e,0xef,0xff,0x9e,0xef,0xff,0x9e,0xef,0xff,
  0x9e,0xef,0xff,0x9e,0xef,0xff,0x9e,0xef,0xff,0x9e,0xef,0xff,0x9e,0xef,0xff,0x9e,0xef,0xff,0x5e,0xdf,0xff,0x7c,0xb6,0xff,
  0x99,0x8d,0xff,0x97,0x54,0xff,0x94,0x23,0xff,0x94,0x23,0xff,0x94,0x23,0xff,0x94,0x23,0xff,0x94,0x23,0xff,0x94,0x23,0xff,
  0x94,0x23,0xff,0x94,0x23,0xff,0x94,0x23,0xff,0x94,0x23,0xff,0x94,0x23,0xff,0x94,0x23,0xff,0x94,0x23,0xff,0x94,0x23,0xff,
  0x94,0x23,0xff,0x94,0x23,0xff,0x94,0x23,0xff,0x38,0x75,0xff,0x7e,0xe7,0xff,0x9e,0xef,0xff,0x9e,0xef,0xff,0x9e,0xef,0xff,
  0x9e,0xef,0xff,0x99,0x8d,0xff,0x94,0x23,0xff,0x94,0x23,0xff,0x94,0x23,0xff,0x94,0x23,0xff,0x94,0x23,0xff,0x94,0x23,0xff,
  0x94,0x23,0xff,0x94,0x23,0xff,0x94,0x23,0xff,0x94,0x23,0xff,0x94,0x23,0xff,0x94,0x23,0xff,0x94,0x23,0xff,0x94,0x23,0xff,
  0x94,0x23,0xff,0x94,0x23,0xff,0x94,0x23,0xff,0x94,0x23,0xff,0x94,0x23,0xff,0x94,0x23,0xff,0xf1,0x1a,0xff,0xc,0x12,0xff,
  0xc,0x12,0xff,0xc,0x12,0xff,0xc,0x12,0xff,0xc,0x12,0xff,0xc,0x12,0xac,0x0,0x0,0x0,0x0,0x0,0x0,0x0,0x0,0x0,
  0x0,0x0,0x0,0x0,0x0,0x0,0x0,0x0,0x0,0x0,0x0,0x0,0x0,0x0,0x0,0x0,0x0,0x0,0x0,0x0,0x0,0x0,0x0,0x0,
  0x0,0x0,0x0,0x0,0x0,0x0,0x0,0x0,0x0,0x0,0x0,0x0,0x0,0x0,0x0,0x0,0x0,0x0,0x0,0x0,0x0,0x0,0x0,0x0,
  0x0,0x0,0x0,0x0,0x0,0x0,0x0,0x0,0x0,0xc,0x12,0xac,0xc,0x12,0xff,0xc,0x12,0xff,0xc,0x12,0xff,0xc,0x12,0xff,
  0xc,0x12,0xff,0xf1,0x1a,0xff,0x94,0x23,0xff,0x94,0x23,0xff,0x94,0x23,0xff,0x94,0x23,0xff,0x94,0x23,0xff,0x94,0x23,0xff,
  0x94,0x23,0xff,0x94,0x23,0xff,0x94,0x23,0xff,0x94,0x23,0xff,0x94,0x23,0xff,0x94,0x23,0xff,0x94,0x23,0xff,0x94,0x23,0xff,
  0x94,0x23,0xff,0x94,0x23,0xff,0x94,0x23,0xff,0x94,0x23,0xff,0x94,0x23,0xff,0xb9,0x8d,0xff,0x9e,0xef,0xff,0x9e,0xef,0xff,
  0x9e,0xef,0xff,0x9e,0xef,0xff,0x3d,0xdf,0xff,0x96,0x54,0xff,0x94,0x23,0xff,0x94,0x23,0xff,0x94,0x23,0xff,0x94,0x23,0xff,
  0x94,0x23,0xff,0x94,0x23,0xff,0x94,0x23,0xff,0x94,0x23,0xff,0x94,0x23,0xff,0x94,0x23,0xff,0x94,0x23,0xff,0x94,0x23,0xff,
  0x94,0x23,0xff,0x94,0x23,0xff,0x94,0x23,0xff,0xb7,0x5c,0xff,0x1a,0xa6,0xff,0x5d,0xdf,0xff,0x9e,0xef,0xff,0x9e,0xef,0xff,
  0x9e,0xef,0xff,0x9e,0xef,0xff,0x9e,0xef,0xff,0x9e,0xef,0xff,0x9e,0xef,0xff,0x9e,0xef,0xff,0x9e,0xef,0xff,0x9e,0xef,0xff,
  0x9e,0xef,0xff,0x9e,0xef,0xff,0x9e,0xef,0xff,0x9e,0xef,0xff,0x9e,0xef,0xff,0x9e,0xef,0xff,0x9e,0xef,0xff,0x9e,0xef,0xff,
  0x9e,0xef,0xff,0x9e,0xef,0xff,0x5d,0xdf,0xff,0x1a,0xa6,0xff,0xb7,0x5c,0xff,0x94,0x23,0xff,0x94,0x23,0xff,0x94,0x23,0xff,
  0x94,0x23,0xff,0x94,0x23,0xff,0x94,0x23,0xff,0x94,0x23,0xff,0x94,0x23,0xff,0x94,0x23,0xff,0x94,0x23,0xff,0x94,0x23,0xff,
  0x94,0x23,0xff,0x94,0x23,0xff,0x94,0x23,0xff,0x94,0x23,0xff,0x96,0x54,0xff,0x3d,0xdf,0xff,0x9e,0xef,0xff,0x9e,0xef,0xff,
  0x9e,0xef,0xff,0x9e,0xef,0xff,0xb9,0x8d,0xff,0x94,0x23,0xff,0x94,0x23,0xff,0x94,0x23,0xff,0x94,0x23,0xff,0x94,0x23,0xff,
  0x94,0x23,0xff,0x94,0x23,0xff,0x94,0x23,0xff,0x94,0x23,0xff,0x94,0x23,0xff,0x94,0x23,0xff,0x94,0x23,0xff,0x94,0x23,0xff,
  0x94,0x23,0xff,0x94,0x23,0xff,0x94,0x23,0xff,0x94,0x23,0xff,0x94,0x23,0xff,0x94,0x23,0xff,0xf1,0x1a,0xff,0xc,0x12,0xff,
  0xc,0x12,0xff,0xc,0x12,0xff,0xc,0x12,0xff,0xc,0x12,0xff,0xc,0x12,0xac,0x0,0x0,0x0,0x0,0x0,0x0,0x0,0x0,0x0,
  0x0,0x0,0x0,0x0,0x0,0x0,0x0,0x0,0x0,0x0,0x0,0x0,0x0,0x0,0x0,0x0,0x0,0x0,0x0,0x0,0x0,0x0,0x0,0x0,
  0x0,0x0,0x0,0x0,0x0,0x0,0x0,0x0,0x0,0x0,0x0,0x0,0x0,0x0,0x0,0x0,0x0,0x0,0x0,0x0,0x0,0x0,0x0,0x0,
  0x0,0x0,0x0,0x0,0x0,0x0,0x0,0x0,0x0,0xc,0x12,0xac,0xc,0x12,0xff,0xc,0x12,0xff,0xc,0x12,0xff,0xc,0x12,0xff,
  0xc,0x12,0xff,0xf1,0x1a,0xff,0x94,0x23,0xff,0x94,0x23,0xff,0x94,0x23,0xff,0x94,0x23,0xff,0x94,0x23,0xff,0x94,0x23,0xff,
  0x94,0x23,0xff,0x94,0x23,0xff,0x94,0x23,0xff,0x94,0x23,0xff,0x94,0x23,0xff,0x94,0x23,0xff,0x94,0x23,0xff,0x94,0x23,0xff,
  0x94,0x23,0xff,0x94,0x23,0xff,0x94,0x23,0xff,0x94,0x23,0xff,0x79,0x85,0xff,0x9e,0xef,0xff,0x9e,0xef,0xff,0x9e,0xef,0xff,
  0x9e,0xef,0xff,0x1d,0xd7,0xff,0x35,0x44,0xff,0x94,0x23,0xff,0x94,0x23,0xff,0x94,0x23,0xff,0x94,0x23,0xff,0x94,0x23,0xff,
  0x94,0x23,0xff,0x94,0x23,0xff,0x94,0x23,0xff,0x94,0x23,0xff,0x94,0x23,0xff,0x94,0x23,0xff,0x94,0x23,0xff,0x94,0x23,0xff,
  0xd5,0x33,0xff,0x79,0x85,0xff,0x1d,0xd7,0xff,0x9e,0xef,0xff,0x9e,0xef,0xff,0x9e,0xef,0xff,0x9e,0xef,0xff,0x9e,0xef,0xff,
  0x9e,0xef,0xff,0x9e,0xef,0xff,0x9e,0xef,0xff,0x9e,0xef,0xff,0x9e,0xef,0xff,0x9e,0xef,0xff,0x9e,0xef,0xff,0x9e,0xef,0xff,
  0x9e,0xef,0xff,0x9e,0xef,0xff,0x9e,0xef,0xff,0x9e,0xef,0xff,0x9e,0xef,0xff,0x9e,0xef,0xff,0x9e,0xef,0xff,0x9e,0xef,0xff,
  0x9e,0xef,0xff,0x9e,0xef,0xff,0x9e,0xef,0xff,0x9e,0xef,0xff,0x9e,0xef,0xff,0x1d,0xd7,0xff,0x79,0x85,0xff,0xd5,0x33,0xff,
  0x94,0x23,0xff,0x94,0x23,0xff,0x94,0x23,0xff,0x94,0x23,0xff,0x94,0x23,0xff,0x94,0x23,0xff,0x94,0x23,0xff,0x94,0x23,0xff,
  0x94,0x23,0xff,0x94,0x23,0xff,0x94,0x23,0xff,0x94,0x23,0xff,0x94,0x23,0xff,0x35,0x44,0xff,0x1d,0xd7,0xff,0x9e,0xef,0xff,
  0x9e,0xef,0xff,0x9e,0xef,0xff,0x9e,0xef,0xff,0x79,0x85,0xff,0x94,0x23,0xff,0x94,0x23,0xff,0x94,0x23,0xff,0x94,0x23,0xff,
  0x94,0x23,0xff,0x94,0x23,0xff,0x94,0x23,0xff,0x94,0x23,0xff,0x94,0x23,0xff,0x94,0x23,0xff,0x94,0x23,0xff,0x94,0x23,0xff,
  0x94,0x23,0xff,0x94,0x23,0xff,0x94,0x23,0xff,0x94,0x23,0xff,0x94,0x23,0xff,0x94,0x23,0xff,0xf1,0x1a,0xff,0xc,0x12,0xff,
  0xc,0x12,0xff,0xc,0x12,0xff,0xc,0x12,0xff,0xc,0x12,0xff,0xc,0x12,0xac,0x0,0x0,0x0,0x0,0x0,0x0,0x0,0x0,0x0,
  0x0,0x0,0x0,0x0,0x0,0x0,0x0,0x0,0x0,0x0,0x0,0x0,0x0,0x0,0x0,0x0,0x0,0x0,0x0,0x0,0x0,0x0,0x0,0x0,
  0x0,0x0,0x0,0x0,0x0,0x0,0x0,0x0,0x0,0x0,0x0,0x0,0x0,0x0,0x0,0x0,0x0,0x0,0x0,0x0,0x0,0x0,0x0,0x0,
  0x0,0x0,0x0,0x0,0x0,0x0,0x0,0x0,0x0,0xc,0x12,0xac,0xc,0x12,0xff,0xc,0x12,0xff,0xc,0x12,0xff,0xc,0x12,0xff,
  0xc,0x12,0xff,0xf1,0x1a,0xff,0x94,0x23,0xff,0x94,0x23,0xff,0x94,0x23,0xff,0x94,0x23,0xff,0x94,0x23,0xff,0x94,0x23,0xff,
  0x94,0x23,0xff,0x94,0x23,0xff,0x94,0x23,0xff,0x94,0x23,0xff,0x94,0x23,0xff,0x94,0x23,0xff,0x94,0x23,0xff,0x94,0x23,0xff,
  0x94,0x23,0xff,0x94,0x23,0xff,0x94,0x23,0xff,0x18,0x75,0xff,0x7e,0xef,0xff,0x9e,0xef,0xff,0x9e,0xef,0xff,0x9e,0xef,0xff,
  0xfd,0xce,0xff,0xf5,0x3b,0xff,0x94,0x23,0xff,0x94,0x23,0xff,0x94,0x23,0xff,0x94,0x23,0xff,0x94,0x23,0xff,0x94,0x23,0xff,
  0x94,0x23,0xff,0x94,0x23,0xff,0x94,0x23,0xff,0x94,0x23,0xff,0x94,0x23,0xff,0x94,0x23,0xff,0xd5,0x33,0xff,0x99,0x8d,0xff,
  0x5e,0xe7,0xff,0x9e,0xef,0xff,0x9e,0xef,0xff,0x9e,0xef,0xff,0x9e,0xef,0xff,0x9e,0xef,0xff,0x9e,0xef,0xff,0x9e,0xef,0xff,
  0x9e,0xef,0xff,0x7e,0xe7,0xff,0xdd,0xce,0xff,0x3b,0xae,0xff,0xda,0x95,0xff,0x79,0x85,0xff,0x38,0x75,0xff,0x18,0x6d,0xff,
  0x18,0x6d,0xff,0x38,0x75,0xff,0x79,0x85,0xff,0xda,0x95,0xff,0x3b,0xae,0xff,0xdd,0xce,0xff,0x7e,0xe7,0xff,0x9e,0xef,0xff,
  0x9e,0xef,0xff,0x9e,0xef,0xff,0x9e,0xef,0xff,0x9e,0xef,0xff,0x9e,0xef,0xff,0x9e,0xef,0xff,0x9e,0xef,0xff,0x5e,0xe7,0xff,
  0x99,0x8d,0xff,0xd5,0x33,0xff,0x94,0x23,0xff,0x94,0x23,0xff,0x94,0x23,0xff,0x94,0x23,0xff,0x94,0x23,0xff,0x94,0x23,0xff,
  0x94,0x23,0xff,0x94,0x23,0xff,0x94,0x23,0xff,0x94,0x23,0xff,0x94,0x23,0xff,0x94,0x23,0xff,0xf5,0x3b,0xff,0xfd,0xce,0xff,
  0x9e,0xef,0xff,0x9e,0xef,0xff,0x9e,0xef,0xff,0x7e,0xef,0xff,0x18,0x75,0xff,0x94,0x23,0xff,0x94,0x23,0xff,0x94,0x23,0xff,
  0x94,0x23,0xff,0x94,0x23,0xff,0x94,0x23,0xff,0x94,0x23,0xff,0x94,0x23,0xff,0x94,0x23,0xff,0x94,0x23,0xff,0x94,0x23,0xff,
  0x94,0x23,0xff,0x94,0x23,0xff,0x94,0x23,0xff,0x94,0x23,0xff,0x94,0x23,0xff,0x94,0x23,0xff,0xf1,0x1a,0xff,0xc,0x12,0xff,
  0xc,0x12,0xff,0xc,0x12,0xff,0xc,0x12,0xff,0xc,0x12,0xff,0xc,0x12,0xac,0x0,0x0,0x0,0x0,0x0,0x0,0x0,0x0,0x0,
  0x0,0x0,0x0,0x0,0x0,0x0,0x0,0x0,0x0,0x0,0x0,0x0,0x0,0x0,0x0,0x0,0x0,0x0,0x0,0x0,0x0,0x0,0x0,0x0,
  0x0,0x0,0x0,0x0,0x0,0x0,0x0,0x0,0x0,0x0,0x0,0x0,0x0,0x0,0x0,0x0,0x0,0x0,0x0,0x0,0x0,0x0,0x0,0x0,
  0x0,0x0,0x0,0x0,0x0,0x0,0x0,0x0,0x0,0xc,0x12,0xac,0xc,0x12,0xff,0xc,0x12,0xff,0xc,0x12,0xff,0xc,0x12,0xff,
  0xc,0x12,0xff,0xf1,0x1a,0xff,0x94,0x23,0xff,0x94,0x23,0xff,0x94,0x23,0xff,0x94,0x23,0xff,0x94,0x23,0xff,0x94,0x23,0xff,
  0x94,0x23,0xff,0x94,0x23,0xff,0x94,0x23,0xff,0x94,0x23,0xff,0x94,0x23,0xff,0x94,0x23,0xff,0x94,0x23,0xff,0x94,0x23,0xff,
  0x94,0x23,0xff,0x94,0x23,0xff,0x96,0x54,0xff,0x7e,0xe7,0xff,0x9e,0xef,0xff,0x9e,0xef,0xff,0x9e,0xef,0xff,0x1d,0xd7,0xff,
  0xf5,0x3b,0xff,0x94,0x23,0xff,0x94,0x23,0xff,0x94,0x23,0xff,0x94,0x23,0xff,0x94,0x23,0xff,0x94,0x23,0xff,0x94,0x23,0xff,
  0x94,0x23,0xff,0x94,0x23,0xff,0x94,0x23,0xff,0x94,0x23,0xff,0x94,0x23,0xff,0x38,0x75,0xff,0x3d,0xdf,0xff,0x9e,0xef,0xff,
  0x9e,0xef,0xff,0x9e,0xef,0xff,0x9e,0xef,0xff,0x9e,0xef,0xff,0x9e,0xef,0xff,0x7e,0xef,0xff,0xbc,0xc6,0xff,0x99,0x8d,0xff,
  0x96,0x54,0xff,0xb4,0x2b,0xff,0x94,0x23,0xff,0x94,0x23,0xff,0x94,0x23,0xff,0x94,0x23,0xff,0x94,0x23,0xff,0x94,0x23,0xff,
  0x94,0x23,0xff,0x94,0x23,0xff,0x94,0x23,0xff,0x94,0x23,0xff,0x94,0x23,0xff,0x94,0x23,0xff,0xb4,0x2b,0xff,0x97,0x54,0xff,
  0x99,0x8d,0xff,0xbc,0xc6,0xff,0x7e,0xef,0xff,0x9e,0xef,0xff,0x9e,0xef,0xff,0x9e,0xef,0xff,0x9e,0xef,0xff,0x9e,0xef,0xff,
  0x9e,0xef,0xff,0x3d,0xdf,0xff,0x38,0x75,0xff,0x94,0x23,0xff,0x94,0x23,0xff,0x94,0x23,0xff,0x94,0x23,0xff,0x94,0x23,0xff,
  0x94,0x23,0xff,0x94,0x23,0xff,0x94,0x23,0xff,0x94,0x23,0xff,0x94,0x23,0xff,0x94,0x23,0xff,0x94,0x23,0xff,0xf5,0x3b,0xff,
  0x1d,0xd7,0xff,0x9e,0xef,0xff,0x9e,0xef,0xff,0x9e,0xef,0xff,0x7e,0xe7,0xff,0x96,0x54,0xff,0x94,0x23,0xff,0x94,0x23,0xff,
  0x94,0x23,0xff,0x94,0x23,0xff,0x94,0x23,0xff,0x94,0x23,0xff,0x94,0x23,0xff,0x94,0x23,0xff,0x94,0x23,0xff,0x94,0x23,0xff,
  0x94,0x23,0xff,0x94,0x23,0xff,0x94,0x23,0xff,0x94,0x23,0xff,0x94,0x23,0xff,0x94,0x23,0xff,0xf1,0x1a,0xff,0xc,0x12,0xff,
  0xc,0x12,0xff,0xc,0x12,0xff,0xc,0x12,0xff,0xc,0x12,0xff,0xc,0x12,0xac,0x0,0x0,0x0,0x0,0x0,0x0,0x0,0x0,0x0,
  0x0,0x0,0x0,0x0,0x0,0x0,0x0,0x0,0x0,0x0,0x0,0x0,0x0,0x0,0x0,0x0,0x0,0x0,0x0,0x0,0x0,0x0,0x0,0x0,
  0x0,0x0,0x0,0x0,0x0,0x0,0x0,0x0,0x0,0x0,0x0,0x0,0x0,0x0,0x0,0x0,0x0,0x0,0x0,0x0,0x0,0x0,0x0,0x0,
  0x0,0x0,0x0,0x0,0x0,0x0,0x0,0x0,0x0,0xc,0x12,0xac,0xc,0x12,0xff,0xc,0x12,0xff,0xc,0x12,0xff,0xc,0x12,0xff,
  0xc,0x12,0xff,0xf1,0x1a,0xff,0x94,0x23,0xff,0x94,0x23,0xff,0x94,0x23,0xff,0x94,0x23,0xff,0x94,0x23,0xff,0x94,0x23,0xff,
  0x94,0x23,0xff,0x94,0x23,0xff,0x94,0x23,0xff,0x94,0x23,0xff,0x94,0x23,0xff,0x94,0x23,0xff,0x94,0x23,0xff,0x94,0x23,0xff,
  0x94,0x23,0xff,0x15,0x3c,0xff,0x3d,0xdf,0xff,0x9e,0xef,0xff,0x9e,0xef,0xff,0x9e,0xef,0xff,0x1d,0xd7,0xff,0x15,0x3c,0xff,
  0x94,0x23,0xff,0x94,0x23,0xff,0x94,0x23,0xff,0x94,0x23,0xff,0x94,0x23,0xff,0x94,0x23,0xff,0x94,0x23,0xff,0x94,0x23,0xff,
  0x94,0x23,0xff,0x94,0x23,0xff,0x94,0x23,0xff,0x35,0x44,0xff,0x9c,0xbe,0xff,0x9e,0xef,0xff,0x9e,0xef,0xff,0x9e,0xef,0xff,
  0x9e,0xef,0xff,0x9e,0xef,0xff,0x9e,0xef,0xff,0x1d,0xd7,0xff,0x99,0x8d,0xff,0x15,0x3c,0xff,0x94,0x23,0xff,0x94,0x23,0xff,
  0x94,0x23,0xff,0x94,0x23,0xff,0x94,0x23,0xff,0x94,0x23,0xff,0x94,0x23,0xff,0x94,0x23,0xff,0x94,0x23,0xff,0x94,0x23,0xff,
  0x94,0x23,0xff,0x94,0x23,0xff,0x94,0x23,0xff,0x94,0x23,0xff,0x94,0x23,0xff,0x94,0x23,0xff,0x94,0x23,0xff,0x94,0x23,0xff,
  0x94,0x23,0xff,0x94,0x23,0xff,0x15,0x3c,0xff,0x99,0x8d,0xff,0x1d,0xd7,0xff,0x9e,0xef,0xff,0x9e,0xef,0xff,0x9e,0xef,0xff,
  0x9e,0xef,0xff,0x9e,0xef,0xff,0x9e,0xef,0xff,0x9c,0xbe,0xff,0x35,0x44,0xff,0x94,0x23,0xff,0x94,0x23,0xff,0x94,0x23,0xff,
  0x94,0x23,0xff,0x94,0x23,0xff,0x94,0x23,0xff,0x94,0x23,0xff,0x94,0x23,0xff,0x94,0x23,0xff,0x94,0x23,0xff,0x94,0x23,0xff,
  0x15,0x3c,0xff,0x1d,0xd7,0xff,0x9e,0xef,0xff,0x9e,0xef,0xff,0x9e,0xef,0xff,0x3d,0xdf,0xff,0x15,0x3c,0xff,0x94,0x23,0xff,
  0x94,0x23,0xff,0x94,0x23,0xff,0x94,0x23,0xff,0x94,0x23,0xff,0x94,0x23,0xff,0x94,0x23,0xff,0x94,0x23,0xff,0x94,0x23,0xff,
  0x94,0x23,0xff,0x94,0x23,0xff,0x94,0x23,0xff,0x94,0x23,0xff,0x94,0x23,0xff,0x94,0x23,0xff,0xf1,0x1a,0xff,0xc,0x12,0xff,
  0xc,0x12,0xff,0xc,0x12,0xff,0xc,0x12,0xff,0xc,0x12,0xff,0xc,0x12,0xac,0x0,0x0,0x0,0x0,0x0,0x0,0x0,0x0,0x0,
  0x0,0x0,0x0,0x0,0x0,0x0,0x0,0x0,0x0,0x0,0x0,0x0,0x0,0x0,0x0,0x0,0x0,0x0,0x0,0x0,0x0,0x0,0x0,0x0,
  0x0,0x0,0x0,0x0,0x0,0x0,0x0,0x0,0x0,0x0,0x0,0x0,0x0,0x0,0x0,0x0,0x0,0x0,0x0,0x0,0x0,0x0,0x0,0x0,
  0x0,0x0,0x0,0x0,0x0,0x0,0x0,0x0,0x0,0xc,0x12,0xac,0xc,0x12,0xff,0xc,0x12,0xff,0xc,0x12,0xff,0xc,0x12,0xff,
  0xc,0x12,0xff,0xf1,0x1a,0xff,0x94,0x23,0xff,0x94,0x23,0xff,0x94,0x23,0xff,0x94,0x23,0xff,0x94,0x23,0xff,0x94,0x23,0xff,
  0x94,0x23,0xff,0x94,0x23,0xff,0x94,0x23,0xff,0x94,0x23,0xff,0x94,0x23,0xff,0x94,0x23,0xff,0x94,0x23,0xff,0x94,0x23,0xff,
  0x94,0x2b,0xff,0xbc,0xc6,0xff,0x9e,0xef,0xff,0x9e,0xef,0xff,0x9e,0xef,0xff,0x5e,0xe7,0xff,0x56,0x4c,0xff,0x94,0x23,0xff,
  0x94,0x23,0xff,0x94,0x23,0xff,0x94,0x23,0xff,0x94,0x23,0xff,0x94,0x23,0xff,0x94,0x23,0xff,0x94,0x23,0xff,0x94,0x23,0xff,
  0x94,0x23,0xff,0x94,0x23,0xff,0x18,0x6d,0xff,0x5e,0xe7,0xff,0x9e,0xef,0xff,0x9e,0xef,0xff,0x9e,0xef,0xff,0x9e,0xef,0xff,
  0x9e,0xef,0xff,0xfd,0xce,0xff,0xf8,0x6c,0xff,0x94,0x2b,0xff,0x94,0x23,0xff,0x94,0x23,0xff,0x94,0x23,0xff,0x94,0x23,0xff,
  0x94,0x23,0xff,0x94,0x23,0xff,0x94,0x23,0xff,0x94,0x23,0xff,0x94,0x23,0xff,0x94,0x23,0xff,0x94,0x23,0xff,0x94,0x23,0xff,
  0x94,0x23,0xff,0x94,0x23,0xff,0x94,0x23,0xff,0x94,0x23,0xff,0x94,0x23,0xff,0x94,0x23,0xff,0x94,0x23,0xff,0x94,0x23,0xff,
  0x94,0x23,0xff,0x94,0x23,0xff,0x94,0x23,0xff,0x94,0x23,0xff,0x94,0x2b,0xff,0xf8,0x6c,0xff,0xfd,0xce,0xff,0x9e,0xef,0xff,
  0x9e,0xef,0xff,0x9e,0xef,0xff,0x9e,0xef,0xff,0x9e,0xef,0xff,0x5e,0xe7,0xff,0x18,0x6d,0xff,0x94,0x23,0xff,0x94,0x23,0xff,
  0x94,0x23,0xff,0x94,0x23,0xff,0x94,0x23,0xff,0x94,0x23,0xff,0x94,0x23,0xff,0x94,0x23,0xff,0x94,0x23,0xff,0x94,0x23,0xff,
  0x94,0x23,0xff,0x56,0x4c,0xff,0x5e,0xe7,0xff,0x9e,0xef,0xff,0x9e,0xef,0xff,0x9e,0xef,0xff,0xbc,0xc6,0xff,0x94,0x2b,0xff,
  0x94,0x23,0xff,0x94,0x23,0xff,0x94,0x23,0xff,0x94,0x23,0xff,0x94,0x23,0xff,0x94,0x23,0xff,0x94,0x23,0xff,0x94,0x23,0xff,
  0x94,0x23,0xff,0x94,0x23,0xff,0x94,0x23,0xff,0x94,0x23,0xff,0x94,0x23,0xff,0x94,0x23,0xff,0xf1,0x1a,0xff,0xc,0x12,0xff,
  0xc,0x12,0xff,0xc,0x12,0xff,0xc,0x12,0xff,0xc,0x12,0xff,0xc,0x12,0xac,0x0,0x0,0x0,0x0,0x0,0x0,0x0,0x0,0x0,
  0x0,0x0,0x0,0x0,0x0,0x0,0x0,0x0,0x0,0x0,0x0,0x0,0x0,0x0,0x0,0x0,0x0,0x0,0x0,0x0,0x0,0x0,0x0,0x0,
  0x0,0x0,0x0,0x0,0x0,0x0,0x0,0x0,0x0,0x0,0x0,0x0,0x0,0x0,0x0,0x0,0x0,0x0,0x0,0x0,0x0,0x0,0x0,0x0,
  0x0,0x0,0x0,0x0,0x0,0x0,0x0,0x0,0x0,0xc,0x12,0xac,0xc,0x12,0xff,0xc,0x12,0xff,0xc,0x12,0xff,0xc,0x12,0xff,
  0xc,0x12,0xff,0xf1,0x1a,0xff,0x94,0x23,0xff,0x94,0x23,0xff,0x94,0x23,0xff,0x94,0x23,0xff,0x94,0x23,0xff,0x94,0x23,0xff,
  0x94,0x23,0xff,0x94,0x23,0xff,0x94,0x23,0xff,0x94,0x23,0xff,0x94,0x23,0xff,0x94,0x23,0xff,0x94,0x23,0xff,0x94,0x23,0xff,
  0xb9,0x8d,0xff,0x9e,0xef,0xff,0x9e,0xef,0xff,0x9e,0xef,0xff,0x7e,0xef,0xff,0xf8,0x6c,0xff,0x94,0x23,0xff,0x94,0x23,0xff,
  0x94,0x23,0xff,0x94,0x23,0xff,0x94,0x23,0xff,0x94,0x23,0xff,0x94,0x23,0xff,0x94,0x23,0xff,0x94,0x23,0xff,0x94,0x23,0xff,
  0x94,0x2b,0xff,0xfa,0x9d,0xff,0x9e,0xef,0xff,0x9e,0xef,0xff,0x9e,0xef,0xff,0x9e,0xef,0xff,0x9e,0xef,0xff,0x3d,0xd7,0xff,
  0x18,0x75,0xff,0x94,0x23,0xff,0x94,0x23,0xff,0x94,0x23,0xff,0x94,0x23,0xff,0x94,0x23,0xff,0x94,0x23,0xff,0x94,0x23,0xff,
  0x94,0x23,0xff,0x94,0x23,0xff,0x94,0x23,0xff,0x94,0x23,0xff,0x94,0x23,0xff,0x94,0x23,0xff,0x94,0x23,0xff,0x94,0x23,0xff,
  0x94,0x23,0xff,0x94,0x23,0xff,0x94,0x23,0xff,0x94,0x23,0xff,0x94,0x23,0xff,0x94,0x23,0xff,0x94,0x23,0xff,0x94,0x23,0xff,
  0x94,0x23,0xff,0x94,0x23,0xff,0x94,0x23,0xff,0x94,0x23,0xff,0x94,0x23,0xff,0x94,0x23,0xff,0x94,0x23,0xff,0x18,0x75,0xff,
  0x3d,0xd7,0xff,0x9e,0xef,0xff,0x9e,0xef,0xff,0x9e,0xef,0xff,0x9e,0xef,0xff,0x9e,0xef,0xff,0xfa,0x9d,0xff,0x94,0x2b,0xff,
  0x94,0x23,0xff,0x94,0x23,0xff,0x94,0x23,0xff,0x94,0x23,0xff,0x94,0x23,0xff,0x94,0x23,0xff,0x94,0x23,0xff,0x94,0x23,0xff,
  0x94,0x23,0xff,0x94,0x23,0xff,0xf8,0x6c,0xff,0x7e,0xef,0xff,0x9e,0xef,0xff,0x9e,0xef,0xff,0x9e,0xef,0xff,0xb9,0x8d,0xff,
  0x94,0x23,0xff,0x94,0x23,0xff,0x94,0x23,0xff,0x94,0x23,0xff,0x94,0x23,0xff,0x94,0x23,0xff,0x94,0x23,0xff,0x94,0x23,0xff,
  0x94,0x23,0xff,0x94,0x23,0xff,0x94,0x23,0xff,0x94,0x23,0xff,0x94,0x23,0xff,0x94,0x23,0xff,0xf1,0x1a,0xff,0xc,0x12,0xff,
  0xc,0x12,0xff,0xc,0x12,0xff,0xc,0x12,0xff,0xc,0x12,0xff,0xc,0x12,0xac,0x0,0x0,0x0,0x0,0x0,0x0,0x0,0x0,0x0,
  0x0,0x0,0x0,0x0,0x0,0x0,0x0,0x0,0x0,0x0,0x0,0x0,0x0,0x0,0x0,0x0,0x0,0x0,0x0,0x0,0x0,0x0,0x0,0x0,
  0x0,0x0,0x0,0x0,0x0,0x0,0x0,0x0,0x0,0x0,0x0,0x0,0x0,0x0,0x0,0x0,0x0,0x0,0x0,0x0,0x0,0x0,0x0,0x0,
  0x0,0x0,0x0,0x0,0x0,0x0,0x0,0x0,0x0,0xc,0x12,0xac,0xc,0x12,0xff,0xc,0x12,0xff,0xc,0x12,0xff,0xc,0x12,0xff,
  0xc,0x12,0xff,0xf1,0x1a,0xff,0x94,0x23,0xff,0x94,0x23,0xff,0x94,0x23,0xff,0x94,0x23,0xff,0x94,0x23,0xff,0x94,0x23,0xff,
  0x94,0x23,0xff,0x94,0x23,0xff,0x94,0x23,0xff,0x94,0x23,0xff,0x94,0x23,0xff,0x94,0x23,0xff,0x94,0x23,0xff,0x96,0x54,0xff,
  0x7e,0xef,0xff,0x9e,0xef,0xff,0x9e,0xef,0xff,0x9e,0xef,0xff,0xda,0x95,0xff,0x94,0x23,0xff,0x94,0x23,0xff,0x94,0x23,0xff,
  0x94,0x23,0xff,0x94,0x23,0xff,0x94,0x23,0xff,0x94,0x23,0xff,0x94,0x23,0xff,0x94,0x23,0xff,0x94,0x23,0xff,0xb4,0x2b,0xff,
  0x7c,0xb6,0xff,0x9e,0xef,0xff,0x9e,0xef,0xff,0x9e,0xef,0xff,0x9e,0xef,0xff,0x7e,0xef,0xff,0xfa,0x9d,0xff,0xd5,0x33,0xff,
  0x94,0x23,0xff,0x94,0x23,0xff,0x94,0x23,0xff,0x94,0x23,0xff,0x94,0x23,0xff,0x94,0x23,0xff,0x94,0x23,0xff,0x94,0x23,0xff,
  0x94,0x23,0xff,0x94,0x23,0xff,0x94,0x23,0xff,0x94,0x23,0xff,0x94,0x23,0xff,0x94,0x23,0xff,0x94,0x23,0xff,0x94,0x23,0xff,
  0x94,0x23,0xff,0x94,0x23,0xff,0x94,0x23,0xff,0x94,0x23,0xff,0x94,0x23,0xff,0x94,0x23,0xff,0x94,0x23,0xff,0x94,0x23,0xff,
  0x94,0x23,0xff,0x94,0x23,0xff,0x94,0x23,0xff,0x94,0x23,0xff,0x94,0x23,0xff,0x94,0x23,0xff,0x94,0x23,0xff,0x94,0x23,0xff,
  0xd5,0x33,0xff,0xfa,0x9d,0xff,0x7e,0xef,0xff,0x9e,0xef,0xff,0x9e,0xef,0xff,0x9e,0xef,0xff,0x9e,0xef,0xff,0x7c,0xb6,0xff,
  0xb4,0x2b,0xff,0x94,0x23,0xff,0x94,0x23,0xff,0x94,0x23,0xff,0x94,0x23,0xff,0x94,0x23,0xff,0x94,0x23,0xff,0x94,0x23,0xff,
  0x94,0x23,0xff,0x94,0x23,0xff,0x94,0x23,0xff,0xda,0x95,0xff,0x9e,0xef,0xff,0x9e,0xef,0xff,0x9e,0xef,0xff,0x7e,0xef,0xff,
  0x96,0x54,0xff,0x94,0x23,0xff,0x94,0x23,0xff,0x94,0x23,0xff,0x94,0x23,0xff,0x94,0x23,0xff,0x94,0x23,0xff,0x94,0x23,0xff,
  0x94,0x23,0xff,0x94,0x23,0xff,0x94,0x23,0xff,0x94,0x23,0xff,0x94,0x23,0xff,0x94,0x23,0xff,0xf1,0x1a,0xff,0xc,0x12,0xff,
  0xc,0x12,0xff,0xc,0x12,0xff,0xc,0x12,0xff,0xc,0x12,0xff,0xc,0x12,0xac,0x0,0x0,0x0,0x0,0x0,0x0,0x0,0x0,0x0,
  0x0,0x0,0x0,0x0,0x0,0x0,0x0,0x0,0x0,0x0,0x0,0x0,0x0,0x0,0x0,0x0,0x0,0x0,0x0,0x0,0x0,0x0,0x0,0x0,
  0x0,0x0,0x0,0x0,0x0,0x0,0x0,0x0,0x0,0x0,0x0,0x0,0x0,0x0,0x0,0x0,0x0,0x0,0x0,0x0,0x0,0x0,0x0,0x0,
  0x0,0x0,0x0,0x0,0x0,0x0,0x0,0x0,0x0,0xc,0x12,0xac,0xc,0x12,0xff,0xc,0x12,0xff,0xc,0x12,0xff,0xc,0x12,0xff,
  0xc,0x12,0xff,0xf1,0x1a,0xff,0x94,0x23,0xff,0x94,0x23,0xff,0x94,0x23,0xff,0x94,0x23,0xff,0x94,0x23,0xff,0x94,0x23,0xff,
  0x94,0x23,0xff,0x94,0x23,0xff,0x94,0x23,0xff,0x94,0x23,0xff,0x94,0x23,0xff,0x94,0x23,0xff,0xb4,0x2b,0xff,0xfd,0xce,0xff,
  0x9e,0xef,0xff,0x9e,0xef,0xff,0x9e,0xef,0xff,0xdc,0xc6,0xff,0xb4,0x2b,0xff,0x94,0x23,0xff,0x94,0x23,0xff,0x94,0x23,0xff,
  0x94,0x23,0xff,0x94,0x23,0xff,0x94,0x23,0xff,0x94,0x23,0xff,0x94,0x23,0xff,0x94,0x23,0xff,0xd5,0x33,0xff,0xbc,0xc6,0xff,
  0x9e,0xef,0xff,0x9e,0xef,0xff,0x9e,0xef,0xff,0x9e,0xef,0xff,0x1d,0xd7,0xff,0xb7,0x5c,0xff,0x94,0x23,0xff,0x94,0x23,0xff,
  0x94,0x23,0xff,0x94,0x23,0xff,0x94,0x23,0xff,0x94,0x23,0xff,0x94,0x23,0xff,0x94,0x23,0xff,0x94,0x23,0xff,0x94,0x23,0xff,
  0x94,0x23,0xff,0x94,0x23,0xff,0x94,0x23,0xff,0x94,0x23,0xff,0x94,0x23,0xff,0x94,0x23,0xff,0x94,0x23,0xff,0x94,0x23,0xff,
  0x94,0x23,0xff,0x94,0x23,0xff,0x94,0x23,0xff,0x94,0x23,0xff,0x94,0x23,0xff,0x94,0x23,0xff,0x94,0x23,0xff,0x94,0x23,0xff,
  0x94,0x23,0xff,0x94,0x23,0xff,0x94,0x23,0xff,0x94,0x23,0xff,0x94,0x23,0xff,0x94,0x23,0xff,0x94,0x23,0xff,0x94,0x23,0xff,
  0x94,0x23,0xff,0x94,0x23,0xff,0xb7,0x5c,0xff,0x1d,0xd7,0xff,0x9e,0xef,0xff,0x9e,0xef,0xff,0x9e,0xef,0xff,0x9e,0xef,0xff,
  0xbc,0xc6,0xff,0xd5,0x33,0xff,0x94,0x23,0xff,0x94,0x23,0xff,0x94,0x23,0xff,0x94,0x23,0xff,0x94,0x23,0xff,0x94,0x23,0xff,
  0x94,0x23,0xff,0x94,0x23,0xff,0x94,0x23,0xff,0xb4,0x2b,0xff,0xdc,0xc6,0xff,0x9e,0xef,0xff,0x9e,0xef,0xff,0x9e,0xef,0xff,
  0xfd,0xce,0xff,0xb4,0x2b,0xff,0x94,0x23,0xff,0x94,0x23,0xff,0x94,0x23,0xff,0x94,0x23,0xff,0x94,0x23,0xff,0x94,0x23,0xff,
  0x94,0x23,0xff,0x94,0x23,0xff,0x94,0x23,0xff,0x94,0x23,0xff,0x94,0x23,0xff,0x94,0x23,0xff,0xf1,0x1a,0xff,0xc,0x12,0xff,
  0xc,0x12,0xff,0xc,0x12,0xff,0xc,0x12,0xff,0xc,0x12,0xff,0xc,0x12,0xac,0x0,0x0,0x0,0x0,0x0,0x0,0x0,0x0,0x0,
  0x0,0x0,0x0,0x0,0x0,0x0,0x0,0x0,0x0,0x0,0x0,0x0,0x0,0x0,0x0,0x0,0x0,0x0,0x0,0x0,0x0,0x0,0x0,0x0,
  0x0,0x0,0x0,0x0,0x0,0x0,0x0,0x0,0x0,0x0,0x0,0x0,0x0,0x0,0x0,0x0,0x0,0x0,0x0,0x0,0x0,0x0,0x0,0x0,
  0x0,0x0,0x0,0x0,0x0,0x0,0x0,0x0,0x0,0xc,0x12,0xac,0xc,0x12,0xff,0xc,0x12,0xff,0xc,0x12,0xff,0xc,0x12,0xff,
  0xc,0x12,0xff,0xf1,0x1a,0xff,0x94,0x23,0xff,0x94,0x23,0xff,0x94,0x23,0xff,0x94,0x23,0xff,0x94,0x23,0xff,0x94,0x23,0xff,
  0x94,0x23,0xff,0x94,0x23,0xff,0x94,0x23,0xff,0x94,0x23,0xff,0x94,0x23,0xff,0x94,0x23,0xff,0x79,0x85,0xff,0x9e,0xef,0xff,
  0x9e,0xef,0xff,0x9e,0xef,0xff,0x7e,0xe7,0xff,0x36,0x44,0xff,0x94,0x23,0xff,0x94,0x23,0xff,0x94,0x23,0xff,0x94,0x23,0xff,
  0x94,0x23,0xff,0x94,0x23,0xff,0x94,0x23,0xff,0x94,0x23,0xff,0x94,0x23,0xff,0xd4,0x2b,0xff,0xbc,0xc6,0xff,0x9e,0xef,0xff,
  0x9e,0xef,0xff,0x9e,0xef,0xff,0x9e,0xef,0xff,0x9c,0xbe,0xff,0xf5,0x33,0xff,0x94,0x23,0xff,0x94,0x23,0xff,0x94,0x23,0xff,
  0x94,0x23,0xff,0x94,0x23,0xff,0x94,0x23,0xff,0x94,0x23,0xff,0x94,0x23,0xff,0x94,0x23,0xff,0x94,0x23,0xff,0x94,0x23,0xff,
  0x94,0x23,0xff,0x94,0x23,0xff,0x94,0x23,0xff,0x94,0x23,0xff,0x94,0x23,0xff,0x94,0x23,0xff,0x94,0x23,0xff,0x94,0x23,0xff,
  0x94,0x23,0xff,0x94,0x23,0xff,0x94,0x23,0xff,0x94,0x23,0xff,0x94,0x23,0xff,0x94,0x23,0xff,0x94,0x23,0xff,0x94,0x23,0xff,
  0x94,0x23,0xff,0x94,0x23,0xff,0x94,0x23,0xff,0x94,0x23,0xff,0x94,0x23,0xff,0x94,0x23,0xff,0x94,0x23,0xff,0x94,0x23,0xff,
  0x94,0x23,0xff,0x94,0x23,0xff,0x94,0x23,0xff,0xf5,0x33,0xff,0xbc,0xbe,0xff,0x9e,0xef,0xff,0x9e,0xef,0xff,0x9e,0xef,0xff,
  0x9e,0xef,0xff,0xbc,0xc6,0xff,0xd4,0x2b,0xff,0x94,0x23,0xff,0x94,0x23,0xff,0x94,0x23,0xff,0x94,0x23,0xff,0x94,0x23,0xff,
  0x94,0x23,0xff,0x94,0x23,0xff,0x94,0x23,0xff,0x94,0x23,0xff,0x36,0x44,0xff,0x7e,0xe7,0xff,0x9e,0xef,0xff,0x9e,0xef,0xff,
  0x9e,0xef,0xff,0x79,0x85,0xff,0x94,0x23,0xff,0x94,0x23,0xff,0x94,0x23,0xff,0x94,0x23,0xff,0x94,0x23,0xff,0x94,0x23,0xff,
  0x94,0x23,0xff,0x94,0x23,0xff,0x94,0x23,0xff,0x94,0x23,0xff,0x94,0x23,0xff,0x94,0x23,0xff,0xf1,0x1a,0xff,0xc,0x12,0xff,
  0xc,0x12,0xff,0xc,0x12,0xff,0xc,0x12,0xff,0xc,0x12,0xff,0xc,0x12,0xac,0x0,0x0,0x0,0x0,0x0,0x0,0x0,0x0,0x0,
  0x0,0x0,0x0,0x0,0x0,0x0,0x0,0x0,0x0,0x0,0x0,0x0,0x0,0x0,0x0,0x0,0x0,0x0,0x0,0x0,0x0,0x0,0x0,0x0,
  0x0,0x0,0x0,0x0,0x0,0x0,0x0,0x0,0x0,0x0,0x0,0x0,0x0,0x0,0x0,0x0,0x0,0x0,0x0,0x0,0x0,0x0,0x0,0x0,
  0x0,0x0,0x0,0x0,0x0,0x0,0x0,0x0,0x0,0xc,0x12,0xac,0xc,0x12,0xff,0xc,0x12,0xff,0xc,0x12,0xff,0xc,0x12,0xff,
  0xc,0x12,0xff,0xf1,0x1a,0xff,0x94,0x23,0xff,0x94,0x23,0xff,0x94,0x23,0xff,0x94,0x23,0xff,0x94,0x23,0xff,0x94,0x23,0xff,
  0x94,0x23,0xff,0x94,0x23,0xff,0x94,0x23,0xff,0x94,0x23,0xff,0x94,0x23,0xff,0x94,0x23,0xff,0xd7,0x64,0xff,0x1d,0xd7,0xff,
  0x9e,0xef,0xff,0x9e,0xef,0xff,0x99,0x85,0xff,0x94,0x23,0xff,0x94,0x23,0xff,0x94,0x23,0xff,0x94,0x23,0xff,0x94,0x23,0xff,
  0x94,0x23,0xff,0x94,0x23,0xff,0x94,0x23,0xff,0x94,0x23,0xff,0xb4,0x2b,0xff,0x9c,0xbe,0xff,0x9e,0xef,0xff,0x9e,0xef,0xff,
  0x9e,0xef,0xff,0x9e,0xef,0xff,0x3b,0xa6,0xff,0xb4,0x2b,0xff,0x94,0x23,0xff,0x94,0x23,0xff,0x94,0x23,0xff,0x94,0x23,0xff,
  0x94,0x23,0xff,0x94,0x23,0xff,0x94,0x23,0xff,0x94,0x23,0xff,0x94,0x23,0xff,0x94,0x23,0xff,0x94,0x23,0xff,0x94,0x23,0xff,
  0x94,0x23,0xff,0x94,0x23,0xff,0x94,0x23,0xff,0x94,0x23,0xff,0x94,0x23,0xff,0x94,0x23,0xff,0x94,0x23,0xff,0xb4,0x2b,0xff,
  0xb4,0x2b,0xff,0x94,0x23,0xff,0x94,0x23,0xff,0x94,0x23,0xff,0x94,0x23,0xff,0x94,0x23,0xff,0x94,0x23,0xff,0x94,0x23,0xff,
  0x94,0x23,0xff,0x94,0x23,0xff,0x94,0x23,0xff,0x94,0x23,0xff,0x94,0x23,0xff,0x94,0x23,0xff,0x94,0x23,0xff,0x94,0x23,0xff,
  0x94,0x23,0xff,0x94,0x23,0xff,0x94,0x23,0xff,0x94,0x23,0xff,0xb4,0x2b,0xff,0x3b,0xae,0xff,0x9e,0xef,0xff,0x9e,0xef,0xff,
  0x9e,0xef,0xff,0x9e,0xef,0xff,0x9c,0xbe,0xff,0xb4,0x2b,0xff,0x94,0x23,0xff,0x94,0x23,0xff,0x94,0x23,0xff,0x94,0x23,0xff,
  0x94,0x23,0xff,0x94,0x23,0xff,0x94,0x23,0xff,0x94,0x23,0xff,0x94,0x23,0xff,0x99,0x85,0xff,0x9e,0xef,0xff,0x9e,0xef,0xff,
  0x1d,0xd7,0xff,0xd7,0x64,0xff,0x94,0x23,0xff,0x94,0x23,0xff,0x94,0x23,0xff,0x94,0x23,0xff,0x94,0x23,0xff,0x94,0x23,0xff,
  0x94,0x23,0xff,0x94,0x23,0xff,0x94,0x23,0xff,0x94,0x23,0xff,0x94,0x23,0xff,0x94,0x23,0xff,0xf1,0x1a,0xff,0xc,0x12,0xff,
  0xc,0x12,0xff,0xc,0x12,0xff,0xc,0x12,0xff,0xc,0x12,0xff,0xc,0x12,0xac,0x0,0x0,0x0,0x0,0x0,0x0,0x0,0x0,0x0,
  0x0,0x0,0x0,0x0,0x0,0x0,0x0,0x0,0x0,0x0,0x0,0x0,0x0,0x0,0x0,0x0,0x0,0x0,0x0,0x0,0x0,0x0,0x0,0x0,
  0x0,0x0,0x0,0x0,0x0,0x0,0x0,0x0,0x0,0x0,0x0,0x0,0x0,0x0,0x0,0x0,0x0,0x0,0x0,0x0,0x0,0x0,0x0,0x0,
  0x0,0x0,0x0,0x0,0x0,0x0,0x0,0x0,0x0,0xc,0x12,0xac,0xc,0x12,0xff,0xc,0x12,0xff,0xc,0x12,0xff,0xc,0x12,0xff,
  0xc,0x12,0xff,0xf1,0x1a,0xff,0x94,0x23,0xff,0x94,0x23,0xff,0x94,0x23,0xff,0x94,0x23,0xff,0x94,0x23,0xff,0x94,0x23,0xff,
  0x94,0x23,0xff,0x94,0x23,0xff,0x94,0x23,0xff,0x94,0x23,0xff,0x94,0x23,0xff,0x94,0x23,0xff,0x94,0x23,0xff,0xb4,0x2b,0xff,
  0x99,0x85,0xff,0xdc,0xc6,0xff,0xb4,0x2b,0xff,0x94,0x23,0xff,0x94,0x23,0xff,0x94,0x23,0xff,0x94,0x23,0xff,0x94,0x23,0xff,
  0x94,0x23,0xff,0x94,0x23,0xff,0x94,0x23,0xff,0x94,0x23,0xff,0x1a,0xa6,0xff,0x9e,0xef,0xff,0x9e,0xef,0xff,0x9e,0xef,0xff,
  0x9e,0xef,0xff,0xfa,0x9d,0xff,0x94,0x23,0xff,0x94,0x23,0xff,0x94,0x23,0xff,0x94,0x23,0xff,0x94,0x23,0xff,0x94,0x23,0xff,
  0x94,0x23,0xff,0x94,0x23,0xff,0x94,0x23,0xff,0x94,0x23,0xff,0x94,0x23,0xff,0x94,0x23,0xff,0x94,0x23,0xff,0x94,0x23,0xff,
  0x94,0x23,0xff,0x15,0x3c,0xff,0x18,0x75,0xff,0xfa,0x9d,0xff,0xbc,0xc6,0xff,0x3d,0xdf,0xff,0x7e,0xef,0xff,0x9e,0xef,0xff,
  0x9e,0xef,0xff,0x7e,0xef,0xff,0x3d,0xdf,0xff,0xbc,0xc6,0xff,0xfa,0x9d,0xff,0x18,0x75,0xff,0x15,0x3c,0xff,0x94,0x23,0xff,
  0x94,0x23,0xff,0x94,0x23,0xff,0x94,0x23,0xff,0x94,0x23,0xff,0x94,0x23,0xff,0x94,0x23,0xff,0x94,0x23,0xff,0x94,0x23,0xff,
  0x94,0x23,0xff,0x94,0x23,0xff,0x94,0x23,0xff,0x94,0x23,0xff,0x94,0x23,0xff,0x94,0x23,0xff,0xfa,0x9d,0xff,0x9e,0xef,0xff,
  0x9e,0xef,0xff,0x9e,0xef,0xff,0x9e,0xef,0xff,0x1a,0xa6,0xff,0x94,0x23,0xff,0x94,0x23,0xff,0x94,0x23,0xff,0x94,0x23,0xff,
  0x94,0x23,0xff,0x94,0x23,0xff,0x94,0x23,0xff,0x94,0x23,0xff,0x94,0x23,0xff,0xb4,0x2b,0xff,0xdc,0xc6,0xff,0x99,0x85,0xff,
  0xb4,0x2b,0xff,0x94,0x23,0xff,0x94,0x23,0xff,0x94,0x23,0xff,0x94,0x23,0xff,0x94,0x23,0xff,0x94,0x23,0xff,0x94,0x23,0xff,
  0x94,0x23,0xff,0x94,0x23,0xff,0x94,0x23,0xff,0x94,0x23,0xff,0x94,0x23,0xff,0x94,0x23,0xff,0xf1,0x1a,0xff,0xc,0x12,0xff,
  0xc,0x12,0xff,0xc,0x12,0xff,0xc,0x12,0xff,0xc,0x12,0xff,0xc,0x12,0xac,0x0,0x0,0x0,0x0,0x0,0x0,0x0,0x0,0x0,
  0x0,0x0,0x0,0x0,0x0,0x0,0x0,0x0,0x0,0x0,0x0,0x0,0x0,0x0,0x0,0x0,0x0,0x0,0x0,0x0,0x0,0x0,0x0,0x0,
  0x0,0x0,0x0,0x0,0x0,0x0,0x0,0x0,0x0,0x0,0x0,0x0,0x0,0x0,0x0,0x0,0x0,0x0,0x0,0x0,0x0,0x0,0x0,0x0,
  0x0,0x0,0x0,0x0,0x0,0x0,0x0,0x0,0x0,0xc,0x12,0xac,0xc,0x12,0xff,0xc,0x12,0xff,0xc,0x12,0xff,0xc,0x12,0xff,
  0xc,0x12,0xff,0xf1,0x1a,0xff,0x94,0x23,0xff,0x94,0x23,0xff,0x94,0x23,0xff,0x94,0x23,0xff,0x94,0x23,0xff,0x94,0x23,0xff,
  0x94,0x23,0xff,0x94,0x23,0xff,0x94,0x23,0xff,0x94,0x23,0xff,0x94,0x23,0xff,0x94,0x23,0xff,0x94,0x23,0xff,0x94,0x23,0xff,
  0x94,0x23,0xff,0x94,0x23,0xff,0x94,0x23,0xff,0x94,0x23,0xff,0x94,0x23,0xff,0x94,0x23,0xff,0x94,0x23,0xff,0x94,0x23,0xff,
  0x94,0x23,0xff,0x94,0x23,0xff,0x94,0x23,0xff,0x59,0x7d,0xff,0x9e,0xef,0xff,0x9e,0xef,0xff,0x9e,0xef,0xff,0x9e,0xef,0xff,
  0x1b,0xa6,0xff,0x94,0x23,0xff,0x94,0x23,0xff,0x94,0x23,0xff,0x94,0x23,0xff,0x94,0x23,0xff,0x94,0x23,0xff,0x94,0x23,0xff,
  0x94,0x23,0xff,0x94,0x23,0xff,0x94,0x23,0xff,0x94,0x23,0xff,0x94,0x23,0xff,0x94,0x23,0xff,0xd5,0x33,0xff,0x58,0x7d,0xff,
  0xdc,0xc6,0xff,0x7e,0xef,0xff,0x9e,0xef,0xff,0x9e,0xef,0xff,0x9e,0xef,0xff,0x9e,0xef,0xff,0x9e,0xef,0xff,0x9e,0xef,0xff,
  0x9e,0xef,0xff,0x9e,0xef,0xff,0x9e,0xef,0xff,0x9e,0xef,0xff,0x9e,0xef,0xff,0x9e,0xef,0xff,0x7e,0xef,0xff,0xdc,0xc6,0xff,
  0x58,0x7d,0xff,0xd5,0x33,0xff,0x94,0x23,0xff,0x94,0x23,0xff,0x94,0x23,0xff,0x94,0x23,0xff,0x94,0x23,0xff,0x94,0x23,0xff,
  0x94,0x23,0xff,0x94,0x23,0xff,0x94,0x23,0xff,0x94,0x23,0xff,0x94,0x23,0xff,0x94,0x23,0xff,0x94,0x23,0xff,0x1b,0xa6,0xff,
  0x9e,0xef,0xff,0x9e,0xef,0xff,0x9e,0xef,0xff,0x9e,0xef,0xff,0x59,0x7d,0xff,0x94,0x23,0xff,0x94,0x23,0xff,0x94,0x23,0xff,
  0x94,0x23,0xff,0x94,0x23,0xff,0x94,0x23,0xff,0x94,0x23,0xff,0x94,0x23,0xff,0x94,0x23,0xff,0x94,0x23,0xff,0x94,0x23,0xff,
  0x94,0x23,0xff,0x94,0x23,0xff,0x94,0x23,0xff,0x94,0x23,0xff,0x94,0x23,0xff,0x94,0x23,0xff,0x94,0x23,0xff,0x94,0x23,0xff,
  0x94,0x23,0xff,0x94,0x23,0xff,0x94,0x23,0xff,0x94,0x23,0xff,0x94,0x23,0xff,0x94,0x23,0xff,0xf1,0x1a,0xff,0xc,0x12,0xff,
  0xc,0x12,0xff,0xc,0x12,0xff,0xc,0x12,0xff,0xc,0x12,0xff,0xc,0x12,0xac,0x0,0x0,0x0,0x0,0x0,0x0,0x0,0x0,0x0,
  0x0,0x0,0x0,0x0,0x0,0x0,0x0,0x0,0x0,0x0,0x0,0x0,0x0,0x0,0x0,0x0,0x0,0x0,0x0,0x0,0x0,0x0,0x0,0x0,
  0x0,0x0,0x0,0x0,0x0,0x0,0x0,0x0,0x0,0x0,0x0,0x0,0x0,0x0,0x0,0x0,0x0,0x0,0x0,0x0,0x0,0x0,0x0,0x0,
  0x0,0x0,0x0,0x0,0x0,0x0,0x0,0x0,0x0,0xc,0x12,0xac,0xc,0x12,0xff,0xc,0x12,0xff,0xc,0x12,0xff,0xc,0x12,0xff,
  0xc,0x12,0xff,0xf1,0x1a,0xff,0x94,0x23,0xff,0x94,0x23,0xff,0x94,0x23,0xff,0x94,0x23,0xff,0x94,0x23,0xff,0x94,0x23,0xff,
  0x94,0x23,0xff,0x94,0x23,0xff,0x94,0x23,0xff,0x94,0x23,0xff,0x94,0x23,0xff,0x94,0x23,0xff,0x94,0x23,0xff,0x94,0x23,0xff,
  0x94,0x23,0xff,0x94,0x23,0xff,0x94,0x23,0xff,0x94,0x23,0xff,0x94,0x23,0xff,0x94,0x23,0xff,0x94,0x23,0xff,0x94,0x23,0xff,
  0x94,0x23,0xff,0x94,0x23,0xff,0x56,0x4c,0xff,0x7e,0xe7,0xff,0x9e,0xef,0xff,0x9e,0xef,0xff,0x9e,0xef,0xff,0x7b,0xb6,0xff,
  0x94,0x23,0xff,0x94,0x23,0xff,0x94,0x23,0xff,0x94,0x23,0xff,0x94,0x23,0xff,0x94,0x23,0xff,0x94,0x23,0xff,0x94,0x23,0xff,
  0x94,0x23,0xff,0x94,0x23,0xff,0x94,0x23,0xff,0x94,0x23,0xff,0xf5,0x33,0xff,0xda,0x95,0xff,0x5e,0xe7,0xff,0x9e,0xef,0xff,
  0x9e,0xef,0xff,0x9e,0xef,0xff,0x9e,0xef,0xff,0x9e,0xef,0xff,0x9e,0xef,0xff,0x9e,0xef,0xff,0x9e,0xef,0xff,0x9e,0xef,0xff,
  0x9e,0xef,0xff,0x9e,0xef,0xff,0x9e,0xef,0xff,0x9e,0xef,0xff,0x9e,0xef,0xff,0x9e,0xef,0xff,0x9e,0xef,0xff,0x9e,0xef,0xff,
  0x9e,0xef,0xff,0x5e,0xe7,0xff,0xda,0x95,0xff,0xf5,0x33,0xff,0x94,0x23,0xff,0x94,0x23,0xff,0x94,0x23,0xff,0x94,0x23,0xff,
  0x94,0x23,0xff,0x94,0x23,0xff,0x94,0x23,0xff,0x94,0x23,0xff,0x94,0x23,0xff,0x94,0x23,0xff,0x94,0x23,0xff,0x94,0x23,0xff,
  0x7b,0xb6,0xff,0x9e,0xef,0xff,0x9e,0xef,0xff,0x9e,0xef,0xff,0x7e,0xe7,0xff,0x56,0x4c,0xff,0x94,0x23,0xff,0x94,0x23,0xff,
  0x94,0x23,0xff,0x94,0x23,0xff,0x94,0x23,0xff,0x94,0x23,0xff,0x94,0x23,0xff,0x94,0x23,0xff,0x94,0x23,0xff,0x94,0x23,0xff,
  0x94,0x23,0xff,0x94,0x23,0xff,0x94,0x23,0xff,0x94,0x23,0xff,0x94,0x23,0xff,0x94,0x23,0xff,0x94,0x23,0xff,0x94,0x23,0xff,
  0x94,0x23,0xff,0x94,0x23,0xff,0x94,0x23,0xff,0x94,0x23,0xff,0x94,0x23,0xff,0x94,0x23,0xff,0xf1,0x1a,0xff,0xc,0x12,0xff,
  0xc,0x12,0xff,0xc,0x12,0xff,0xc,0x12,0xff,0xc,0x12,0xff,0xc,0x12,0xac,0x0,0x0,0x0,0x0,0x0,0x0,0x0,0x0,0x0,
  0x0,0x0,0x0,0x0,0x0,0x0,0x0,0x0,0x0,0x0,0x0,0x0,0x0,0x0,0x0,0x0,0x0,0x0,0x0,0x0,0x0,0x0,0x0,0x0,
  0x0,0x0,0x0,0x0,0x0,0x0,0x0,0x0,0x0,0x0,0x0,0x0,0x0,0x0,0x0,0x0,0x0,0x0,0x0,0x0,0x0,0x0,0x0,0x0,
  0x0,0x0,0x0,0x0,0x0,0x0,0x0,0x0,0x0,0xc,0x12,0xac,0xc,0x12,0xff,0xc,0x12,0xff,0xc,0x12,0xff,0xc,0x12,0xff,
  0xc,0x12,0xff,0xf1,0x1a,0xff,0x94,0x23,0xff,0x94,0x23,0xff,0x94,0x23,0xff,0x94,0x23,0xff,0x94,0x23,0xff,0x94,0x23,0xff,
  0x94,0x23,0xff,0x94,0x23,0xff,0x94,0x23,0xff,0x94,0x23,0xff,0x94,0x23,0xff,0x94,0x23,0xff,0x94,0x23,0xff,0x94,0x23,0xff,
  0x94,0x23,0xff,0x94,0x23,0xff,0x94,0x23,0xff,0x94,0x23,0xff,0x94,0x23,0xff,0x94,0x23,0xff,0x94,0x23,0xff,0x94,0x23,0xff,
  0x94,0x23,0xff,0xb4,0x2b,0xff,0xfd,0xce,0xff,0x9e,0xef,0xff,0x9e,0xef,0xff,0x9e,0xef,0xff,0xfd,0xce,0xff,0xd5,0x33,0xff,
  0x94,0x23,0xff,0x94,0x23,0xff,0x94,0x23,0xff,0x94,0x23,0xff,0x94,0x23,0xff,0x94,0x23,0xff,0x94,0x23,0xff,0x94,0x23,0xff,
  0x94,0x23,0xff,0x94,0x23,0xff,0x94,0x23,0xff,0x58,0x7d,0xff,0x5e,0xdf,0xff,0x9e,0xef,0xff,0x9e,0xef,0xff,0x9e,0xef,0xff,
  0x9e,0xef,0xff,0x9e,0xef,0xff,0x9e,0xef,0xff,0x9e,0xef,0xff,0x9e,0xef,0xff,0x7e,0xef,0xff,0x3d,0xdf,0xff,0xfd,0xd6,0xff,
  0xfd,0xd6,0xff,0x3d,0xdf,0xff,0x7e,0xef,0xff,0x9e,0xef,0xff,0x9e,0xef,0xff,0x9e,0xef,0xff,0x9e,0xef,0xff,0x9e,0xef,0xff,
  0x9e,0xef,0xff,0x9e,0xef,0xff,0x9e,0xef,0xff,0x5e,0xdf,0xff,0x38,0x7d,0xff,0x94,0x23,0xff,0x94,0x23,0xff,0x94,0x23,0xff,
  0x94,0x23,0xff,0x94,0x23,0xff,0x94,0x23,0xff,0x94,0x23,0xff,0x94,0x23,0xff,0x94,0x23,0xff,0x94,0x23,0xff,0x94,0x23,0xff,
  0xd5,0x33,0xff,0xfd,0xce,0xff,0x9e,0xef,0xff,0x9e,0xef,0xff,0x9e,0xef,0xff,0xfd,0xce,0xff,0xb4,0x2b,0xff,0x94,0x23,0xff,
  0x94,0x23,0xff,0x94,0x23,0xff,0x94,0x23,0xff,0x94,0x23,0xff,0x94,0x23,0xff,0x94,0x23,0xff,0x94,0x23,0xff,0x94,0x23,0xff,
  0x94,0x23,0xff,0x94,0x23,0xff,0x94,0x23,0xff,0x94,0x23,0xff,0x94,0x23,0xff,0x94,0x23,0xff,0x94,0x23,0xff,0x94,0x23,0xff,
  0x94,0x23,0xff,0x94,0x23,0xff,0x94,0x23,0xff,0x94,0x23,0xff,0x94,0x23,0xff,0x94,0x23,0xff,0xf1,0x1a,0xff,0xc,0x12,0xff,
  0xc,0x12,0xff,0xc,0x12,0xff,0xc,0x12,0xff,0xc,0x12,0xff,0xc,0x12,0xac,0x0,0x0,0x0,0x0,0x0,0x0,0x0,0x0,0x0,
  0x0,0x0,0x0,0x0,0x0,0x0,0x0,0x0,0x0,0x0,0x0,0x0,0x0,0x0,0x0,0x0,0x0,0x0,0x0,0x0,0x0,0x0,0x0,0x0,
  0x0,0x0,0x0,0x0,0x0,0x0,0x0,0x0,0x0,0x0,0x0,0x0,0x0,0x0,0x0,0x0,0x0,0x0,0x0,0x0,0x0,0x0,0x0,0x0,
  0x0,0x0,0x0,0x0,0x0,0x0,0x0,0x0,0x0,0xc,0x12,0xac,0xc,0x12,0xff,0xc,0x12,0xff,0xc,0x12,0xff,0xc,0x12,0xff,
  0xc,0x12,0xff,0xf1,0x1a,0xff,0x94,0x23,0xff,0x94,0x23,0xff,0x94,0x23,0xff,0x94,0x23,0xff,0x94,0x23,0xff,0x94,0x23,0xff,
  0x94,0x23,0xff,0x94,0x23,0xff,0x94,0x23,0xff,0x94,0x23,0xff,0x94,0x23,0xff,0x94,0x23,0xff,0x94,0x23,0xff,0x94,0x23,0xff,
  0x94,0x23,0xff,0x94,0x23,0xff,0x94,0x23,0xff,0x94,0x23,0xff,0x94,0x23,0xff,0x94,0x23,0xff,0x94,0x23,0xff,0x94,0x23,0xff,
  0x94,0x23,0xff,0x99,0x8d,0xff,0x9e,0xef,0xff,0x9e,0xef,0xff,0x9e,0xef,0xff,0x7e,0xe7,0xff,0x56,0x4c,0xff,0x94,0x23,0xff,
  0x94,0x23,0xff,0x94,0x23,0xff,0x94,0x23,0xff,0x94,0x23,0xff,0x94,0x23,0xff,0x94,0x23,0xff,0x94,0x23,0xff,0x94,0x23,0xff,
  0x94,0x23,0xff,0xf5,0x3b,0xff,0x9c,0xbe,0xff,0x9e,0xef,0xff,0x9e,0xef,0xff,0x9e,0xef,0xff,0x9e,0xef,0xff,0x9e,0xef,0xff,
  0x9e,0xef,0xff,0x3d,0xdf,0xff,0x1a,0xa6,0xff,0x18,0x6d,0xff,0x36,0x44,0xff,0x94,0x2b,0xff,0x94,0x23,0xff,0x94,0x23,0xff,
  0x94,0x23,0xff,0x94,0x23,0xff,0x94,0x2b,0xff,0x36,0x44,0xff,0x18,0x6d,0xff,0x1a,0xa6,0xff,0x3d,0xdf,0xff,0x9e,0xef,0xff,
  0x9e,0xef,0xff,0x9e,0xef,0xff,0x9e,0xef,0xff,0x9e,0xef,0xff,0x9e,0xef,0xff,0x9c,0xbe,0xff,0xf5,0x3b,0xff,0x94,0x23,0xff,
  0x94,0x23,0xff,0x94,0x23,0xff,0x94,0x23,0xff,0x94,0x23,0xff,0x94,0x23,0xff,0x94,0x23,0xff,0x94,0x23,0xff,0x94,0x23,0xff,
  0x94,0x23,0xff,0x76,0x4c,0xff,0x7e,0xe7,0xff,0x9e,0xef,0xff,0x9e,0xef,0xff,0x9e,0xef,0xff,0x99,0x8d,0xff,0x94,0x23,0xff,
  0x94,0x23,0xff,0x94,0x23,0xff,0x94,0x23,0xff,0x94,0x23,0xff,0x94,0x23,0xff,0x94,0x23,0xff,0x94,0x23,0xff,0x94,0x23,0xff,
  0x94,0x23,0xff,0x94,0x23,0xff,0x94,0x23,0xff,0x94,0x23,0xff,0x94,0x23,0xff,0x94,0x23,0xff,0x94,0x23,0xff,0x94,0x23,0xff,
  0x94,0x23,0xff,0x94,0x23,0xff,0x94,0x23,0xff,0x94,0x23,0xff,0x94,0x23,0xff,0x94,0x23,0xff,0xf1,0x1a,0xff,0xc,0x12,0xff,
  0xc,0x12,0xff,0xc,0x12,0xff,0xc,0x12,0xff,0xc,0x12,0xff,0xc,0x12,0xac,0x0,0x0,0x0,0x0,0x0,0x0,0x0,0x0,0x0,
  0x0,0x0,0x0,0x0,0x0,0x0,0x0,0x0,0x0,0x0,0x0,0x0,0x0,0x0,0x0,0x0,0x0,0x0,0x0,0x0,0x0,0x0,0x0,0x0,
  0x0,0x0,0x0,0x0,0x0,0x0,0x0,0x0,0x0,0x0,0x0,0x0,0x0,0x0,0x0,0x0,0x0,0x0,0x0,0x0,0x0,0x0,0x0,0x0,
  0x0,0x0,0x0,0x0,0x0,0x0,0x0,0x0,0x0,0xc,0x12,0xac,0xc,0x12,0xff,0xc,0x12,0xff,0xc,0x12,0xff,0xc,0x12,0xff,
  0xc,0x12,0xff,0xf1,0x1a,0xff,0x94,0x23,0xff,0x94,0x23,0xff,0x94,0x23,0xff,0x94,0x23,0xff,0x94,0x23,0xff,0x94,0x23,0xff,
  0x94,0x23,0xff,0x94,0x23,0xff,0x94,0x23,0xff,0x94,0x23,0xff,0x94,0x23,0xff,0x94,0x23,0xff,0x94,0x23,0xff,0x94,0x23,0xff,
  0x94,0x23,0xff,0x94,0x23,0xff,0x94,0x23,0xff,0x94,0x23,0xff,0x94,0x23,0xff,0x94,0x23,0xff,0x94,0x23,0xff,0x94,0x23,0xff,
  0x94,0x23,0xff,0x3b,0xae,0xff,0x9e,0xef,0xff,0x9e,0xef,0xff,0x9e,0xef,0xff,0x79,0x85,0xff,0x94,0x23,0xff,0x94,0x23,0xff,
  0x94,0x23,0xff,0x94,0x23,0xff,0x94,0x23,0xff,0x94,0x23,0xff,0x94,0x23,0xff,0x94,0x23,0xff,0x94,0x23,0xff,0x94,0x23,0xff,
  0x56,0x4c,0xff,0x1d,0xd7,0xff,0x9e,0xef,0xff,0x9e,0xef,0xff,0x9e,0xef,0xff,0x9e,0xef,0xff,0x9e,0xef,0xff,0xdc,0xc6,0xff,
  0xf8,0x6c,0xff,0xb4,0x2b,0xff,0x94,0x23,0xff,0x94,0x23,0xff,0x94,0x23,0xff,0x94,0x23,0xff,0x94,0x23,0xff,0x94,0x23,0xff,
  0x94,0x23,0xff,0x94,0x23,0xff,0x94,0x23,0xff,0x94,0x23,0xff,0x94,0x23,0xff,0x94,0x23,0xff,0xb4,0x2b,0xff,0xf8,0x6c,0xff,
  0xdc,0xc6,0xff,0x9e,0xef,0xff,0x9e,0xef,0xff,0x9e,0xef,0xff,0x9e,0xef,0xff,0x9e,0xef,0xff,0x1d,0xd7,0xff,0x56,0x4c,0xff,
  0x94,0x23,0xff,0x94,0x23,0xff,0x94,0x23,0xff,0x94,0x23,0xff,0x94,0x23,0xff,0x94,0x23,0xff,0x94,0x23,0xff,0x94,0x23,0xff,
  0x94,0x23,0xff,0x94,0x23,0xff,0x79,0x85,0xff,0x9e,0xef,0xff,0x9e,0xef,0xff,0x9e,0xef,0xff,0x3b,0xae,0xff,0x94,0x23,0xff,
  0x94,0x23,0xff,0x94,0x23,0xff,0x94,0x23,0xff,0x94,0x23,0xff,0x94,0x23,0xff,0x94,0x23,0xff,0x94,0x23,0xff,0x94,0x23,0xff,
  0x94,0x23,0xff,0x94,0x23,0xff,0x94,0x23,0xff,0x94,0x23,0xff,0x94,0x23,0xff,0x94,0x23,0xff,0x94,0x23,0xff,0x94,0x23,0xff,
  0x94,0x23,0xff,0x94,0x23,0xff,0x94,0x23,0xff,0x94,0x23,0xff,0x94,0x23,0xff,0x94,0x23,0xff,0xf1,0x1a,0xff,0xc,0x12,0xff,
  0xc,0x12,0xff,0xc,0x12,0xff,0xc,0x12,0xff,0xc,0x12,0xff,0xc,0x12,0xac,0x0,0x0,0x0,0x0,0x0,0x0,0x0,0x0,0x0,
  0x0,0x0,0x0,0x0,0x0,0x0,0x0,0x0,0x0,0x0,0x0,0x0,0x0,0x0,0x0,0x0,0x0,0x0,0x0,0x0,0x0,0x0,0x0,0x0,
  0x0,0x0,0x0,0x0,0x0,0x0,0x0,0x0,0x0,0x0,0x0,0x0,0x0,0x0,0x0,0x0,0x0,0x0,0x0,0x0,0x0,0x0,0x0,0x0,
  0x0,0x0,0x0,0x0,0x0,0x0,0x0,0x0,0x0,0xc,0x12,0xac,0xc,0x12,0xff,0xc,0x12,0xff,0xc,0x12,0xff,0xc,0x12,0xff,
  0xc,0x12,0xff,0xf1,0x1a,0xff,0x94,0x23,0xff,0x94,0x23,0xff,0x94,0x23,0xff,0x94,0x23,0xff,0x94,0x23,0xff,0x94,0x23,0xff,
  0x94,0x23,0xff,0x94,0x23,0xff,0x94,0x23,0xff,0x94,0x23,0xff,0x94,0x23,0xff,0x94,0x23,0xff,0x94,0x23,0xff,0x94,0x23,0xff,
  0x94,0x23,0xff,0x94,0x23,0xff,0x94,0x23,0xff,0x94,0x23,0xff,0x94,0x23,0xff,0x94,0x23,0xff,0x94,0x23,0xff,0x94,0x23,0xff,
  0x94,0x23,0xff,0x94,0x23,0xff,0xb7,0x5c,0xff,0xdc,0xce,0xff,0xdc,0xce,0xff,0x94,0x2b,0xff,0x94,0x23,0xff,0x94,0x23,0xff,
  0x94,0x23,0xff,0x94,0x23,0xff,0x94,0x23,0xff,0x94,0x23,0xff,0x94,0x23,0xff,0x94,0x23,0xff,0x94,0x23,0xff,0x97,0x54,0xff,
  0x5e,0xe7,0xff,0x9e,0xef,0xff,0x9e,0xef,0xff,0x9e,0xef,0xff,0x9e,0xef,0xff,0x1d,0xd7,0xff,0xf7,0x64,0xff,0x94,0x23,0xff,
  0x94,0x23,0xff,0x94,0x23,0xff,0x94,0x23,0xff,0x94,0x23,0xff,0x94,0x23,0xff,0x94,0x23,0xff,0x94,0x23,0xff,0x94,0x23,0xff,
  0x94,0x23,0xff,0x94,0x23,0xff,0x94,0x23,0xff,0x94,0x23,0xff,0x94,0x23,0xff,0x94,0x23,0xff,0x94,0x23,0xff,0x94,0x23,0xff,
  0x94,0x23,0xff,0xf7,0x6c,0xff,0x1d,0xd7,0xff,0x9e,0xef,0xff,0x9e,0xef,0xff,0x9e,0xef,0xff,0x9e,0xef,0xff,0x5e,0xe7,0xff,
  0x97,0x54,0xff,0x94,0x23,0xff,0x94,0x23,0xff,0x94,0x23,0xff,0x94,0x23,0xff,0x94,0x23,0xff,0x94,0x23,0xff,0x94,0x23,0xff,
  0x94,0x23,0xff,0x94,0x23,0xff,0x94,0x2b,0xff,0xdc,0xce,0xff,0xdc,0xce,0xff,0xb7,0x5c,0xff,0x94,0x23,0xff,0x94,0x23,0xff,
  0x94,0x23,0xff,0x94,0x23,0xff,0x94,0x23,0xff,0x94,0x23,0xff,0x94,0x23,0xff,0x94,0x23,0xff,0x94,0x23,0xff,0x94,0x23,0xff,
  0x94,0x23,0xff,0x94,0x23,0xff,0x94,0x23,0xff,0x94,0x23,0xff,0x94,0x23,0xff,0x94,0x23,0xff,0x94,0x23,0xff,0x94,0x23,0xff,
  0x94,0x23,0xff,0x94,0x23,0xff,0x94,0x23,0xff,0x94,0x23,0xff,0x94,0x23,0xff,0x94,0x23,0xff,0xf1,0x1a,0xff,0xc,0x12,0xff,
  0xc,0x12,0xff,0xc,0x12,0xff,0xc,0x12,0xff,0xc,0x12,0xff,0xc,0x12,0xac,0x0,0x0,0x0,0x0,0x0,0x0,0x0,0x0,0x0,
  0x0,0x0,0x0,0x0,0x0,0x0,0x0,0x0,0x0,0x0,0x0,0x0,0x0,0x0,0x0,0x0,0x0,0x0,0x0,0x0,0x0,0x0,0x0,0x0,
  0x0,0x0,0x0,0x0,0x0,0x0,0x0,0x0,0x0,0x0,0x0,0x0,0x0,0x0,0x0,0x0,0x0,0x0,0x0,0x0,0x0,0x0,0x0,0x0,
  0x0,0x0,0x0,0x0,0x0,0x0,0x0,0x0,0x0,0xc,0x12,0xac,0xc,0x12,0xff,0xc,0x12,0xff,0xc,0x12,0xff,0xc,0x12,0xff,
  0xc,0x12,0xff,0xf1,0x1a,0xff,0x94,0x23,0xff,0x94,0x23,0xff,0x94,0x23,0xff,0x94,0x23,0xff,0x94,0x23,0xff,0x94,0x23,0xff,
  0x94,0x23,0xff,0x94,0x23,0xff,0x94,0x23,0xff,0x94,0x23,0xff,0x94,0x23,0xff,0x94,0x23,0xff,0x94,0x23,0xff,0x94,0x23,0xff,
  0x94,0x23,0xff,0x94,0x23,0xff,0x94,0x23,0xff,0x94,0x23,0xff,0x94,0x23,0xff,0x94,0x23,0xff,0x94,0x23,0xff,0x94,0x23,0xff,
  0x94,0x23,0xff,0x94,0x23,0xff,0x94,0x23,0xff,0x94,0x23,0xff,0xf5,0x3b,0xff,0x94,0x23,0xff,0x94,0x23,0xff,0x94,0x23,0xff,
  0x94,0x23,0xff,0x94,0x23,0xff,0x94,0x23,0xff,0x94,0x23,0xff,0x94,0x23,0xff,0x94,0x23,0xff,0x76,0x54,0xff,0x5e,0xe7,0xff,
  0x9e,0xef,0xff,0x9e,0xef,0xff,0x9e,0xef,0xff,0x9e,0xef,0xff,0x1a,0x9e,0xff,0xb4,0x2b,0xff,0x94,0x23,0xff,0x94,0x23,0xff,
  0x94,0x23,0xff,0x94,0x23,0xff,0x94,0x23,0xff,0x94,0x23,0xff,0x94,0x23,0xff,0x94,0x23,0xff,0x94,0x23,0xff,0x94,0x23,0xff,
  0x94,0x23,0xff,0x94,0x23,0xff,0x94,0x23,0xff,0x94,0x23,0xff,0x94,0x23,0xff,0x94,0x23,0xff,0x94,0x23,0xff,0x94,0x23,0xff,
  0x94,0x23,0xff,0x94,0x23,0xff,0xb4,0x2b,0xff,0x1a,0x9e,0xff,0x9e,0xef,0xff,0x9e,0xef,0xff,0x9e,0xef,0xff,0x9e,0xef,0xff,
  0x5e,0xe7,0xff,0x76,0x54,0xff,0x94,0x23,0xff,0x94,0x23,0xff,0x94,0x23,0xff,0x94,0x23,0xff,0x94,0x23,0xff,0x94,0x23,0xff,
  0x94,0x23,0xff,0x94,0x23,0xff,0x94,0x23,0xff,0xf5,0x3b,0xff,0x94,0x23,0xff,0x94,0x23,0xff,0x94,0x23,0xff,0x94,0x23,0xff,
  0x94,0x23,0xff,0x94,0x23,0xff,0x94,0x23,0xff,0x94,0x23,0xff,0x94,0x23,0xff,0x94,0x23,0xff,0x94,0x23,0xff,0x94,0x23,0xff,
  0x94,0x23,0xff,0x94,0x23,0xff,0x94,0x23,0xff,0x94,0x23,0xff,0x94,0x23,0xff,0x94,0x23,0xff,0x94,0x23,0xff,0x94,0x23,0xff,
  0x94,0x23,0xff,0x94,0x23,0xff,0x94,0x23,0xff,0x94,0x23,0xff,0x94,0x23,0xff,0x94,0x23,0xff,0xf1,0x1a,0xff,0xc,0x12,0xff,
  0xc,0x12,0xff,0xc,0x12,0xff,0xc,0x12,0xff,0xc,0x12,0xff,0xc,0x12,0xac,0x0,0x0,0x0,0x0,0x0,0x0,0x0,0x0,0x0,
  0x0,0x0,0x0,0x0,0x0,0x0,0x0,0x0,0x0,0x0,0x0,0x0,0x0,0x0,0x0,0x0,0x0,0x0,0x0,0x0,0x0,0x0,0x0,0x0,
  0x0,0x0,0x0,0x0,0x0,0x0,0x0,0x0,0x0,0x0,0x0,0x0,0x0,0x0,0x0,0x0,0x0,0x0,0x0,0x0,0x0,0x0,0x0,0x0,
  0x0,0x0,0x0,0x0,0x0,0x0,0x0,0x0,0x0,0xc,0x12,0xac,0xc,0x12,0xff,0xc,0x12,0xff,0xc,0x12,0xff,0xc,0x12,0xff,
  0xc,0x12,0xff,0xf1,0x1a,0xff,0x94,0x23,0xff,0x94,0x23,0xff,0x94,0x23,0xff,0x94,0x23,0xff,0x94,0x23,0xff,0x94,0x23,0xff,
  0x94,0x23,0xff,0x94,0x23,0xff,0x94,0x23,0xff,0x94,0x23,0xff,0x94,0x23,0xff,0x94,0x23,0xff,0x94,0x23,0xff,0x94,0x23,0xff,
  0x94,0x23,0xff,0x94,0x23,0xff,0x94,0x23,0xff,0x94,0x23,0xff,0x94,0x23,0xff,0x94,0x23,0xff,0x94,0x23,0xff,0x94,0x23,0xff,
  0x94,0x23,0xff,0x94,0x23,0xff,0x94,0x23,0xff,0x94,0x23,0xff,0x94,0x23,0xff,0x94,0x23,0xff,0x94,0x23,0xff,0x94,0x23,0xff,
  0x94,0x23,0xff,0x94,0x23,0xff,0x94,0x23,0xff,0x94,0x23,0xff,0x94,0x23,0xff,0x15,0x3c,0xff,0x3d,0xdf,0xff,0x9e,0xef,0xff,
  0x9e,0xef,0xff,0x9e,0xef,0xff,0x7e,0xe7,0xff,0x38,0x75,0xff,0x94,0x23,0xff,0x94,0x23,0xff,0x94,0x23,0xff,0x94,0x23,0xff,
  0x94,0x23,0xff,0x94,0x23,0xff,0x94,0x23,0xff,0x94,0x23,0xff,0x94,0x23,0xff,0x94,0x23,0xff,0x94,0x23,0xff,0x94,0x23,0xff,
  0x94,0x23,0xff,0x94,0x23,0xff,0x94,0x23,0xff,0x94,0x23,0xff,0x94,0x23,0xff,0x94,0x23,0xff,0x94,0x23,0xff,0x94,0x23,0xff,
  0x94,0x23,0xff,0x94,0x23,0xff,0x94,0x23,0xff,0x94,0x23,0xff,0x38,0x75,0xff,0x7e,0xe7,0xff,0x9e,0xef,0xff,0x9e,0xef,0xff,
  0x9e,0xef,0xff,0x3d,0xdf,0xff,0x15,0x3c,0xff,0x94,0x23,0xff,0x94,0x23,0xff,0x94,0x23,0xff,0x94,0x23,0xff,0x94,0x23,0xff,
  0x94,0x23,0xff,0x94,0x23,0xff,0x94,0x23,0xff,0x94,0x23,0xff,0x94,0x23,0xff,0x94,0x23,0xff,0x94,0x23,0xff,0x94,0x23,0xff,
  0x94,0x23,0xff,0x94,0x23,0xff,0x94,0x23,0xff,0x94,0x23,0xff,0x94,0x23,0xff,0x94,0x23,0xff,0x94,0x23,0xff,0x94,0x23,0xff,
  0x94,0x23,0xff,0x94,0x23,0xff,0x94,0x23,0xff,0x94,0x23,0xff,0x94,0x23,0xff,0x94,0x23,0xff,0x94,0x23,0xff,0x94,0x23,0xff,
  0x94,0x23,0xff,0x94,0x23,0xff,0x94,0x23,0xff,0x94,0x23,0xff,0x94,0x23,0xff,0x94,0x23,0xff,0xf1,0x1a,0xff,0xc,0x12,0xff,
  0xc,0x12,0xff,0xc,0x12,0xff,0xc,0x12,0xff,0xc,0x12,0xff,0xc,0x12,0xac,0x0,0x0,0x0,0x0,0x0,0x0,0x0,0x0,0x0,
  0x0,0x0,0x0,0x0,0x0,0x0,0x0,0x0,0x0,0x0,0x0,0x0,0x0,0x0,0x0,0x0,0x0,0x0,0x0,0x0,0x0,0x0,0x0,0x0,
  0x0,0x0,0x0,0x0,0x0,0x0,0x0,0x0,0x0,0x0,0x0,0x0,0x0,0x0,0x0,0x0,0x0,0x0,0x0,0x0,0x0,0x0,0x0,0x0,
  0x0,0x0,0x0,0x0,0x0,0x0,0x0,0x0,0x0,0xc,0x12,0x4c,0xc,0x12,0xfd,0xc,0x12,0xff,0xc,0x12,0xff,0xc,0x12,0xff,
  0xc,0x12,0xff,0x6e,0x1a,0xff,0x94,0x23,0xff,0x94,0x23,0xff,0x94,0x23,0xff,0x94,0x23,0xff,0x94,0x23,0xff,0x94,0x23,0xff,
  0x94,0x23,0xff,0x94,0x23,0xff,0x94,0x23,0xff,0x94,0x23,0xff,0x94,0x23,0xff,0x94,0x23,0xff,0x94,0x23,0xff,0x94,0x23,0xff,
  0x94,0x23,0xff,0x94,0x23,0xff,0x94,0x23,0xff,0x94,0x23,0xff,0x94,0x23,0xff,0x94,0x23,0xff,0x94,0x23,0xff,0x94,0x23,0xff,
  0x94,0x23,0xff,0x94,0x23,0xff,0x94,0x23,0xff,0x94,0x23,0xff,0x94,0x23,0xff,0x94,0x23,0xff,0x94,0x23,0xff,0x94,0x23,0xff,
  0x94,0x23,0xff,0x94,0x23,0xff,0x94,0x23,0xff,0x94,0x23,0xff,0xb4,0x2b,0xff,0xdc,0xc6,0xff,0x9e,0xef,0xff,0x9e,0xef,0xff,
  0x9e,0xef,0xff,0x7e,0xe7,0xff,0xd7,0x64,0xff,0x94,0x23,0xff,0x94,0x23,0xff,0x94,0x23,0xff,0x94,0x23,0xff,0x94,0x23,0xff,
  0x94,0x23,0xff,0x94,0x23,0xff,0x94,0x23,0xff,0x94,0x23,0xff,0x94,0x23,0xff,0x94,0x23,0xff,0x94,0x23,0xff,0x94,0x23,0xff,
  0x94,0x23,0xff,0x94,0x23,0xff,0x94,0x23,0xff,0x94,0x23,0xff,0x94,0x23,0xff,0x94,0x23,0xff,0x94,0x23,0xff,0x94,0x23,0xff,
  0x94,0x23,0xff,0x94,0x23,0xff,0x94,0x23,0xff,0x94,0x23,0xff,0x94,0x23,0xff,0xd7,0x64,0xff,0x7e,0xe7,0xff,0x9e,0xef,0xff,
  0x9e,0xef,0xff,0x9e,0xef,0xff,0xdc,0xc6,0xff,0xb4,0x2b,0xff,0x94,0x23,0xff,0x94,0x23,0xff,0x94,0x23,0xff,0x94,0x23,0xff,
  0x94,0x23,0xff,0x94,0x23,0xff,0x94,0x23,0xff,0x94,0x23,0xff,0x94,0x23,0xff,0x94,0x23,0xff,0x94,0x23,0xff,0x94,0x23,0xff,
  0x94,0x23,0xff,0x94,0x23,0xff,0x94,0x23,0xff,0x94,0x23,0xff,0x94,0x23,0xff,0x94,0x23,0xff,0x94,0x23,0xff,0x94,0x23,0xff,
  0x94,0x23,0xff,0x94,0x23,0xff,0x94,0x23,0xff,0x94,0x23,0xff,0x94,0x23,0xff,0x94,0x23,0xff,0x94,0x23,0xff,0x94,0x23,0xff,
  0x94,0x23,0xff,0x94,0x23,0xff,0x94,0x23,0xff,0x94,0x23,0xff,0x94,0x23,0xff,0x94,0x23,0xff,0x6e,0x1a,0xff,0xc,0x12,0xff,
  0xc,0x12,0xff,0xc,0x12,0xff,0xc,0x12,0xff,0xc,0x12,0xfc,0xb,0x12,0x4c,0x0,0x0,0x0,0x0,0x0,0x0,0x0,0x0,0x0,
  0x0,0x0,0x0,0x0,0x0,0x0,0x0,0x0,0x0,0x0,0x0,0x0,0x0,0x0,0x0,0x0,0x0,0x0,0x0,0x0,0x0,0x0,0x0,0x0,
  0x0,0x0,0x0,0x0,0x0,0x0,0x0,0x0,0x0,0x0,0x0,0x0,0x0,0x0,0x0,0x0,0x0,0x0,0x0,0x0,0x0,0x0,0x0,0x0,
  0x0,0x0,0x0,0x0,0x0,0x0,0x0,0x0,0x0,0x0,0x0,0x0,0xb,0x12,0x79,0xc,0x12,0xff,0xc,0x12,0xff,0xc,0x12,0xff,
  0xc,0x12,0xff,0xc,0x12,0xff,0xaf,0x1a,0xff,0x94,0x23,0xff,0x94,0x23,0xff,0x94,0x23,0xff,0x94,0x23,0xff,0x94,0x23,0xff,
  0x94,0x23,0xff,0x94,0x23,0xff,0x94,0x23,0xff,0x94,0x23,0xff,0x94,0x23,0xff,0x94,0x23,0xff,0x94,0x23,0xff,0x94,0x23,0xff,
  0x94,0x23,0xff,0x94,0x23,0xff,0x94,0x23,0xff,0x94,0x23,0xff,0x94,0x23,0xff,0x94,0x23,0xff,0x94,0x23,0xff,0x94,0x23,0xff,
  0x94,0x23,0xff,0x94,0x23,0xff,0x94,0x23,0xff,0x94,0x23,0xff,0x94,0x23,0xff,0x94,0x23,0xff,0x94,0x23,0xff,0x94,0x23,0xff,
  0x94,0x23,0xff,0x94,0x23,0xff,0x94,0x23,0xff,0x94,0x23,0xff,0xb9,0x8d,0xff,0x9e,0xef,0xff,0x9e,0xef,0xff,0x9e,0xef,0xff,
  0x7e,0xef,0xff,0xf8,0x6c,0xff,0x94,0x23,0xff,0x94,0x23,0xff,0x94,0x23,0xff,0x94,0x23,0xff,0x94,0x23,0xff,0x94,0x23,0xff,
  0x94,0x23,0xff,0x94,0x23,0xff,0x94,0x23,0xff,0x94,0x23,0xff,0x94,0x23,0xff,0x94,0x23,0xff,0x94,0x23,0xff,0x94,0x23,0xff,
  0x94,0x23,0xff,0x94,0x23,0xff,0x94,0x23,0xff,0x94,0x23,0xff,0x94,0x23,0xff,0x94,0x23,0xff,0x94,0x23,0xff,0x94,0x23,0xff,
  0x94,0x23,0xff,0x94,0x23,0xff,0x94,0x23,0xff,0x94,0x23,0xff,0x94,0x23,0xff,0x94,0x23,0xff,0xf8,0x6c,0xff,0x7e,0xef,0xff,
  0x9e,0xef,0xff,0x9e,0xef,0xff,0x9e,0xef,0xff,0xb9,0x8d,0xff,0x94,0x23,0xff,0x94,0x23,0xff,0x94,0x23,0xff,0x94,0x23,0xff,
  0x94,0x23,0xff,0x94,0x23,0xff,0x94,0x23,0xff,0x94,0x23,0xff,0x94,0x23,0xff,0x94,0x23,0xff,0x94,0x23,0xff,0x94,0x23,0xff,
  0x94,0x23,0xff,0x94,0x23,0xff,0x94,0x23,0xff,0x94,0x23,0xff,0x94,0x23,0xff,0x94,0x23,0xff,0x94,0x23,0xff,0x94,0x23,0xff,
  0x94,0x23,0xff,0x94,0x23,0xff,0x94,0x23,0xff,0x94,0x23,0xff,0x94,0x23,0xff,0x94,0x23,0xff,0x94,0x23,0xff,0x94,0x23,0xff,
  0x94,0x23,0xff,0x94,0x23,0xff,0x94,0x23,0xff,0x94,0x23,0xff,0x94,0x23,0xff,0xaf,0x1a,0xff,0xc,0x12,0xff,0xc,0x12,0xff,
  0xc,0x12,0xff,0xc,0x12,0xff,0xc,0x12,0xff,0xb,0x12,0x79,0x0,0x0,0x0,0x0,0x0,0x0,0x0,0x0,0x0,0x0,0x0,0x0,
  0x0,0x0,0x0,0x0,0x0,0x0,0x0,0x0,0x0,0x0,0x0,0x0,0x0,0x0,0x0,0x0,0x0,0x0,0x0,0x0,0x0,0x0,0x0,0x0,
  0x0,0x0,0x0,0x0,0x0,0x0,0x0,0x0,0x0,0x0,0x0,0x0,0x0,0x0,0x0,0x0,0x0,0x0,0x0,0x0,0x0,0x0,0x0,0x0,
  0x0,0x0,0x0,0x0,0x0,0x0,0x0,0x0,0x0,0x0,0x0,0x0,0x0,0x0,0x0,0xb,0x12,0xa7,0xc,0x12,0xff,0xc,0x12,0xff,
  0xc,0x12,0xff,0xc,0x12,0xff,0xc,0x12,0xff,0xf0,0x1a,0xff,0x94,0x23,0xff,0x94,0x23,0xff,0x94,0x23,0xff,0x94,0x23,0xff,
  0x94,0x23,0xff,0x94,0x23,0xff,0x94,0x23,0xff,0x94,0x23,0xff,0x94,0x23,0xff,0x94,0x23,0xff,0x94,0x23,0xff,0x94,0x23,0xff,
  0x94,0x23,0xff,0x94,0x23,0xff,0x94,0x23,0xff,0x94,0x23,0xff,0x94,0x23,0xff,0x94,0x23,0xff,0x94,0x23,0xff,0x94,0x23,0xff,
  0x94,0x23,0xff,0x94,0x23,0xff,0x94,0x23,0xff,0x94,0x23,0xff,0x94,0x23,0xff,0x94,0x23,0xff,0x94,0x23,0xff,0x94,0x23,0xff,
  0x94,0x23,0xff,0x94,0x23,0xff,0x94,0x23,0xff,0xd5,0x33,0xff,0x3d,0xdf,0xff,0x9e,0xef,0xff,0x9e,0xef,0xff,0x9e,0xef,0xff,
  0xb9,0x8d,0xff,0x94,0x23,0xff,0x94,0x23,0xff,0x94,0x23,0xff,0x94,0x23,0xff,0x94,0x23,0xff,0x94,0x23,0xff,0x94,0x23,0xff,
  0x94,0x23,0xff,0x94,0x23,0xff,0x94,0x23,0xff,0x94,0x23,0xff,0x94,0x23,0xff,0x94,0x23,0xff,0x94,0x23,0xff,0x94,0x23,0xff,
  0x94,0x23,0xff,0x94,0x23,0xff,0x94,0x23,0xff,0x94,0x23,0xff,0x94,0x23,0xff,0x94,0x23,0xff,0x94,0x23,0xff,0x94,0x23,0xff,
  0x94,0x23,0xff,0x94,0x23,0xff,0x94,0x23,0xff,0x94,0x23,0xff,0x94,0x23,0xff,0x94,0x23,0xff,0x94,0x23,0xff,0xb9,0x8d,0xff,
  0x9e,0xef,0xff,0x9e,0xef,0xff,0x9e,0xef,0xff,0x3d,0xdf,0xff,0xd5,0x33,0xff,0x94,0x23,0xff,0x94,0x23,0xff,0x94,0x23,0xff,
  0x94,0x23,0xff,0x94,0x23,0xff,0x94,0x23,0xff,0x94,0x23,0xff,0x94,0x23,0xff,0x94,0x23,0xff,0x94,0x23,0xff,0x94,0x23,0xff,
  0x94,0x23,0xff,0x94,0x23,0xff,0x94,0x23,0xff,0x94,0x23,0xff,0x94,0x23,0xff,0x94,0x23,0xff,0x94,0x23,0xff,0x94,0x23,0xff,
  0x94,0x23,0xff,0x94,0x23,0xff,0x94,0x23,0xff,0x94,0x23,0xff,0x94,0x23,0xff,0x94,0x23,0xff,0x94,0x23,0xff,0x94,0x23,0xff,
  0x94,0x23,0xff,0x94,0x23,0xff,0x94,0x23,0xff,0x94,0x23,0xff,0xf0,0x1a,0xff,0xc,0x12,0xff,0xc,0x12,0xff,0xc,0x12,0xff,
  0xc,0x12,0xff,0xc,0x12,0xff,0xb,0x12,0xa6,0x0,0x0,0x0,0x0,0x0,0x0,0x0,0x0,0x0,0x0,0x0,0x0,0x0,0x0,0x0,
  0x0,0x0,0x0,0x0,0x0,0x0,0x0,0x0,0x0,0x0,0x0,0x0,0x0,0x0,0x0,0x0,0x0,0x0,0x0,0x0,0x0,0x0,0x0,0x0,
  0x0,0x0,0x0,0x0,0x0,0x0,0x0,0x0,0x0,0x0,0x0,0x0,0x0,0x0,0x0,0x0,0x0,0x0,0x0,0x0,0x0,0x0,0x0,0x0,
  0x0,0x0,0x0,0x0,0x0,0x0,0x0,0x0,0x0,0x0,0x0,0x0,0x0,0x0,0x0,0xca,0x1,0x9,0xc,0x12,0xcc,0xc,0x12,0xff,
  0xc,0x12,0xff,0xc,0x12,0xff,0xc,0x12,0xff,0xc,0x12,0xff,0x32,0x23,0xff,0x94,0x23,0xff,0x94,0x23,0xff,0x94,0x23,0xff,
  0x94,0x23,0xff,0x94,0x23,0xff,0x94,0x23,0xff,0x94,0x23,0xff,0x94,0x23,0xff,0x94,0x23,0xff,0x94,0x23,0xff,0x94,0x23,0xff,
  0x94,0x23,0xff,0x94,0x23,0xff,0x94,0x23,0xff,0x94,0x23,0xff,0x94,0x23,0xff,0x94,0x23,0xff,0x94,0x23,0xff,0x94,0x23,0xff,
  0x94,0x23,0xff,0x94,0x23,0xff,0x94,0x23,0xff,0x94,0x23,0xff,0x94,0x23,0xff,0x94,0x23,0xff,0x94,0x23,0xff,0x94,0x23,0xff,
  0x94,0x23,0xff,0x94,0x23,0xff,0x94,0x23,0xff,0x94,0x23,0xff,0xf5,0x33,0xff,0x1a,0xa6,0xff,0x7e,0xef,0xff,0xdc,0xc6,0xff,
  0x94,0x2b,0xff,0x94,0x23,0xff,0x94,0x23,0xff,0x94,0x23,0xff,0x94,0x23,0xff,0x94,0x23,0xff,0x94,0x23,0xff,0x94,0x23,0xff,
  0x94,0x23,0xff,0x94,0x23,0xff,0x94,0x23,0xff,0x94,0x23,0xff,0x94,0x23,0xff,0x94,0x23,0xff,0x94,0x23,0xff,0x94,0x23,0xff,
  0x94,0x23,0xff,0x94,0x23,0xff,0x94,0x23,0xff,0x94,0x23,0xff,0x94,0x23,0xff,0x94,0x23,0xff,0x94,0x23,0xff,0x94,0x23,0xff,
  0x94,0x23,0xff,0x94,0x23,0xff,0x94,0x23,0xff,0x94,0x23,0xff,0x94,0x23,0xff,0x94,0x23,0xff,0x94,0x23,0xff,0x94,0x2b,0xff,
  0xdc,0xc6,0xff,0x7e,0xef,0xff,0x1a,0xa6,0xff,0xf5,0x33,0xff,0x94,0x23,0xff,0x94,0x23,0xff,0x94,0x23,0xff,0x94,0x23,0xff,
  0x94,0x23,0xff,0x94,0x23,0xff,0x94,0x23,0xff,0x94,0x23,0xff,0x94,0x23,0xff,0x94,0x23,0xff,0x94,0x23,0xff,0x94,0x23,0xff,
  0x94,0x23,0xff,0x94,0x23,0xff,0x94,0x23,0xff,0x94,0x23,0xff,0x94,0x23,0xff,0x94,0x23,0xff,0x94,0x23,0xff,0x94,0x23,0xff,
  0x94,0x23,0xff,0x94,0x23,0xff,0x94,0x23,0xff,0x94,0x23,0xff,0x94,0x23,0xff,0x94,0x23,0xff,0x94,0x23,0xff,0x94,0x23,0xff,
  0x94,0x23,0xff,0x94,0x23,0xff,0x94,0x23,0xff,0x32,0x23,0xff,0xc,0x12,0xff,0xc,0x12,0xff,0xc,0x12,0xff,0xc,0x12,0xff,
  0xc,0x12,0xff,0xc,0x12,0xcc,0xca,0x1,0x9,0x0,0x0,0x0,0x0,0x0,0x0,0x0,0x0,0x0,0x0,0x0,0x0,0x0,0x0,0x0,
  0x0,0x0,0x0,0x0,0x0,0x0,0x0,0x0,0x0,0x0,0x0,0x0,0x0,0x0,0x0,0x0,0x0,0x0,0x0,0x0,0x0,0x0,0x0,0x0,
  0x0,0x0,0x0,0x0,0x0,0x0,0x0,0x0,0x0,0x0,0x0,0x0,0x0,0x0,0x0,0x0,0x0,0x0,0x0,0x0,0x0,0x0,0x0,0x0,
  0x0,0x0,0x0,0x0,0x0,0x0,0x0,0x0,0x0,0x0,0x0,0x0,0x0,0x0,0x0,0x0,0x0,0x0,0xeb,0x11,0x1d,0xc,0x12,0xe7,
  0xc,0x12,0xff,0xc,0x12,0xff,0xc,0x12,0xff,0xc,0x12,0xff,0x2c,0x12,0xff,0x53,0x23,0xff,0x94,0x23,0xff,0x94,0x23,0xff,
  0x94,0x23,0xff,0x94,0x23,0xff,0x94,0x23,0xff,0x94,0x23,0xff,0x94,0x23,0xff,0x94,0x23,0xff,0x94,0x23,0xff,0x94,0x23,0xff,
  0x94,0x23,0xff,0x94,0x23,0xff,0x94,0x23,0xff,0x94,0x23,0xff,0x94,0x23,0xff,0x94,0x23,0xff,0x94,0x23,0xff,0x94,0x23,0xff,
  0x94,0x23,0xff,0x94,0x23,0xff,0x94,0x23,0xff,0x94,0x23,0xff,0x94,0x23,0xff,0x94,0x23,0xff,0x94,0x23,0xff,0x94,0x23,0xff,
  0x94,0x23,0xff,0x94,0x23,0xff,0x94,0x23,0xff,0x94,0x23,0xff,0x94,0x23,0xff,0x94,0x23,0xff,0x56,0x4c,0xff,0x56,0x4c,0xff,
  0x94,0x23,0xff,0x94,0x23,0xff,0x94,0x23,0xff,0x94,0x23,0xff,0x94,0x23,0xff,0x94,0x23,0xff,0x94,0x23,0xff,0x94,0x23,0xff,
  0x94,0x23,0xff,0x94,0x23,0xff,0x94,0x23,0xff,0x94,0x23,0xff,0x94,0x23,0xff,0x94,0x23,0xff,0x94,0x23,0xff,0x94,0x23,0xff,
  0x94,0x23,0xff,0x94,0x23,0xff,0x94,0x23,0xff,0x94,0x23,0xff,0x94,0x23,0xff,0x94,0x23,0xff,0x94,0x23,0xff,0x94,0x23,0xff,
  0x94,0x23,0xff,0x94,0x23,0xff,0x94,0x23,0xff,0x94,0x23,0xff,0x94,0x23,0xff,0x94,0x23,0xff,0x94,0x23,0xff,0x94,0x23,0xff,
  0x56,0x4c,0xff,0x56,0x4c,0xff,0x94,0x23,0xff,0x94,0x23,0xff,0x94,0x23,0xff,0x94,0x23,0xff,0x94,0x23,0xff,0x94,0x23,0xff,
  0x94,0x23,0xff,0x94,0x23,0xff,0x94,0x23,0xff,0x94,0x23,0xff,0x94,0x23,0xff,0x94,0x23,0xff,0x94,0x23,0xff,0x94,0x23,0xff,
  0x94,0x23,0xff,0x94,0x23,0xff,0x94,0x23,0xff,0x94,0x23,0xff,0x94,0x23,0xff,0x94,0x23,0xff,0x94,0x23,0xff,0x94,0x23,0xff,
  0x94,0x23,0xff,0x94,0x23,0xff,0x94,0x23,0xff,0x94,0x23,0xff,0x94,0x23,0xff,0x94,0x23,0xff,0x94,0x23,0xff,0x94,0x23,0xff,
  0x94,0x23,0xff,0x94,0x23,0xff,0x53,0x23,0xff,0x2c,0x12,0xff,0xc,0x12,0xff,0xc,0x12,0xff,0xc,0x12,0xff,0xc,0x12,0xff,
  0xc,0x12,0xe7,0xb,0x12,0x1c,0x0,0x0,0x0,0x0,0x0,0x0,0x0,0x0,0x0,0x0,0x0,0x0,0x0,0x0,0x0,0x0,0x0,0x0,
  0x0,0x0,0x0,0x0,0x0,0x0,0x0,0x0,0x0,0x0,0x0,0x0,0x0,0x0,0x0,0x0,0x0,0x0,0x0,0x0,0x0,0x0,0x0,0x0,
  0x0,0x0,0x0,0x0,0x0,0x0,0x0,0x0,0x0,0x0,0x0,0x0,0x0,0x0,0x0,0x0,0x0,0x0,0x0,0x0,0x0,0x0,0x0,0x0,
  0x0,0x0,0x0,0x0,0x0,0x0,0x0,0x0,0x0,0x0,0x0,0x0,0x0,0x0,0x0,0x0,0x0,0x0,0x0,0x0,0x0,0xc,0x12,0x3a,
  0xc,0x12,0xf8,0xc,0x12,0xff,0xc,0x12,0xff,0xc,0x12,0xff,0xc,0x12,0xff,0x4d,0x12,0xff,0x73,0x23,0xff,0x94,0x23,0xff,
  0x94,0x23,0xff,0x94,0x23,0xff,0x94,0x23,0xff,0x94,0x23,0xff,0x94,0x23,0xff,0x94,0x23,0xff,0x94,0x23,0xff,0x94,0x23,0xff,
  0x94,0x23,0xff,0x94,0x23,0xff,0x94,0x23,0xff,0x94,0x23,0xff,0x94,0x23,0xff,0x94,0x23,0xff,0x94,0x23,0xff,0x94,0x23,0xff,
  0x94,0x23,0xff,0x94,0x23,0xff,0x94,0x23,0xff,0x94,0x23,0xff,0x94,0x23,0xff,0x94,0x23,0xff,0x94,0x23,0xff,0x94,0x23,0xff,
  0x94,0x23,0xff,0x94,0x23,0xff,0x94,0x23,0xff,0x94,0x23,0xff,0x94,0x23,0xff,0x94,0x23,0xff,0x94,0x23,0xff,0x94,0x23,0xff,
  0x94,0x23,0xff,0x94,0x23,0xff,0x94,0x23,0xff,0x94,0x23,0xff,0x94,0x23,0xff,0x94,0x23,0xff,0x94,0x23,0xff,0x94,0x23,0xff,
  0x94,0x23,0xff,0x94,0x23,0xff,0x94,0x23,0xff,0x94,0x23,0xff,0x94,0x23,0xff,0x94,0x23,0xff,0x94,0x23,0xff,0x94,0x23,0xff,
  0x94,0x23,0xff,0x94,0x23,0xff,0x94,0x23,0xff,0x94,0x23,0xff,0x94,0x23,0xff,0x94,0x23,0xff,0x94,0x23,0xff,0x94,0x23,0xff,
  0x94,0x23,0xff,0x94,0x23,0xff,0x94,0x23,0xff,0x94,0x23,0xff,0x94,0x23,0xff,0x94,0x23,0xff,0x94,0x23,0xff,0x94,0x23,0xff,
  0x94,0x23,0xff,0x94,0x23,0xff,0x94,0x23,0xff,0x94,0x23,0xff,0x94,0x23,0xff,0x94,0x23,0xff,0x94,0x23,0xff,0x94,0x23,0xff,
  0x94,0x23,0xff,0x94,0x23,0xff,0x94,0x23,0xff,0x94,0x23,0xff,0x94,0x23,0xff,0x94,0x23,0xff,0x94,0x23,0xff,0x94,0x23,0xff,
  0x94,0x23,0xff,0x94,0x23,0xff,0x94,0x23,0xff,0x94,0x23,0xff,0x94,0x23,0xff,0x94,0x23,0xff,0x94,0x23,0xff,0x94,0x23,0xff,
  0x94,0x23,0xff,0x94,0x23,0xff,0x94,0x23,0xff,0x94,0x23,0xff,0x94,0x23,0xff,0x94,0x23,0xff,0x94,0x23,0xff,0x94,0x23,0xff,
  0x94,0x23,0xff,0x74,0x23,0xff,0x4d,0x12,0xff,0xc,0x12,0xff,0xc,0x12,0xff,0xc,0x12,0xff,0xc,0x12,0xff,0xc,0x12,0xf8,
  0xb,0x12,0x3a,0x0,0x0,0x0,0x0,0x0,0x0,0x0,0x0,0x0,0x0,0x0,0x0,0x0,0x0,0x0,0x0,0x0,0x0,0x0,0x0,0x0,
  0x0,0x0,0x0,0x0,0x0,0x0,0x0,0x0,0x0,0x0,0x0,0x0,0x0,0x0,0x0,0x0,0x0,0x0,0x0,0x0,0x0,0x0,0x0,0x0,
  0x0,0x0,0x0,0x0,0x0,0x0,0x0,0x0,0x0,0x0,0x0,0x0,0x0,0x0,0x0,0x0,0x0,0x0,0x0,0x0,0x0,0x0,0x0,0x0,
  0x0,0x0,0x0,0x0,0x0,0x0,0x0,0x0,0x0,0x0,0x0,0x0,0x0,0x0,0x0,0x0,0x0,0x0,0x0,0x0,0x0,0x0,0x0,0x0,
  0xc,0x12,0x62,0xc,0x12,0xff,0xc,0x12,0xff,0xc,0x12,0xff,0xc,0x12,0xff,0xc,0x12,0xff,0x8e,0x1a,0xff,0x94,0x23,0xff,
  0x94,0x23,0xff,0x94,0x23,0xff,0x94,0x23,0xff,0x94,0x23,0xff,0x94,0x23,0xff,0x94,0x23,0xff,0x94,0x23,0xff,0x94,0x23,0xff,
  0x94,0x23,0xff,0x94,0x23,0xff,0x94,0x23,0xff,0x94,0x23,0xff,0x94,0x23,0xff,0x94,0x23,0xff,0x94,0x23,0xff,0x94,0x23,0xff,
  0x94,0x23,0xff,0x94,0x23,0xff,0x94,0x23,0xff,0x94,0x23,0xff,0x94,0x23,0xff,0x94,0x23,0xff,0x94,0x23,0xff,0x94,0x23,0xff,
  0x94,0x23,0xff,0x94,0x23,0xff,0x94,0x23,0xff,0x94,0x23,0xff,0x94,0x23,0xff,0x94,0x23,0xff,0x94,0x23,0xff,0x94,0x23,0xff,
  0x94,0x23,0xff,0x94,0x23,0xff,0x94,0x23,0xff,0x94,0x23,0xff,0x94,0x23,0xff,0x94,0x23,0xff,0x94,0x23,0xff,0x94,0x23,0xff,
  0x94,0x23,0xff,0x94,0x23,0xff,0x94,0x23,0xff,0x94,0x23,0xff,0x94,0x23,0xff,0x94,0x23,0xff,0x94,0x23,0xff,0x94,0x23,0xff,
  0x94,0x23,0xff,0x94,0x23,0xff,0x94,0x23,0xff,0x94,0x23,0xff,0x94,0x23,0xff,0x94,0x23,0xff,0x94,0x23,0xff,0x94,0x23,0xff,
  0x94,0x23,0xff,0x94,0x23,0xff,0x94,0x23,0xff,0x94,0x23,0xff,0x94,0x23,0xff,0x94,0x23,0xff,0x94,0x23,0xff,0x94,0x23,0xff,
  0x94,0x23,0xff,0x94,0x23,0xff,0x94,0x23,0xff,0x94,0x23,0xff,0x94,0x23,0xff,0x94,0x23,0xff,0x94,0x23,0xff,0x94,0x23,0xff,
  0x94,0x23,0xff,0x94,0x23,0xff,0x94,0x23,0xff,0x94,0x23,0xff,0x94,0x23,0xff,0x94,0x23,0xff,0x94,0x23,0xff,0x94,0x23,0xff,
  0x94,0x23,0xff,0x94,0x23,0xff,0x94,0x23,0xff,0x94,0x23,0xff,0x94,0x23,0xff,0x94,0x23,0xff,0x94,0x23,0xff,0x94,0x23,0xff,
  0x94,0x23,0xff,0x94,0x23,0xff,0x94,0x23,0xff,0x94,0x23,0xff,0x94,0x23,0xff,0x94,0x23,0xff,0x94,0x23,0xff,0x94,0x23,0xff,
  0x94,0x23,0xff,0x8e,0x1a,0xff,0xc,0x12,0xff,0xc,0x12,0xff,0xc,0x12,0xff,0xc,0x12,0xff,0xc,0x12,0xff,0xc,0x12,0x62,
  0x0,0x0,0x0,0x0,0x0,0x0,0x0,0x0,0x0,0x0,0x0,0x0,0x0,0x0,0x0,0x0,0x0,0x0,0x0,0x0,0x0,0x0,0x0,0x0,
  0x0,0x0,0x0,0x0,0x0,0x0,0x0,0x0,0x0,0x0,0x0,0x0,0x0,0x0,0x0,0x0,0x0,0x0,0x0,0x0,0x0,0x0,0x0,0x0,
  0x0,0x0,0x0,0x0,0x0,0x0,0x0,0x0,0x0,0x0,0x0,0x0,0x0,0x0,0x0,0x0,0x0,0x0,0x0,0x0,0x0,0x0,0x0,0x0,
  0x0,0x0,0x0,0x0,0x0,0x0,0x0,0x0,0x0,0x0,0x0,0x0,0x0,0x0,0x0,0x0,0x0,0x0,0x0,0x0,0x0,0x0,0x0,0x0,
  0x0,0x0,0x0,0xc,0x12,0x90,0xc,0x12,0xff,0xc,0x12,0xff,0xc,0x12,0xff,0xc,0x12,0xff,0xc,0x12,0xff,0xd0,0x1a,0xff,
  0x94,0x23,0xff,0x94,0x23,0xff,0x94,0x23,0xff,0x94,0x23,0xff,0x94,0x23,0xff,0x94,0x23,0xff,0x94,0x23,0xff,0x94,0x23,0xff,
  0x94,0x23,0xff,0x94,0x23,0xff,0x94,0x23,0xff,0x94,0x23,0xff,0x94,0x23,0xff,0x94,0x23,0xff,0x94,0x23,0xff,0x94,0x23,0xff,
  0x94,0x23,0xff,0x94,0x23,0xff,0x94,0x23,0xff,0x94,0x23,0xff,0x94,0x23,0xff,0x94,0x23,0xff,0x94,0x23,0xff,0x94,0x23,0xff,
  0x94,0x23,0xff,0x94,0x23,0xff,0x94,0x23,0xff,0x94,0x23,0xff,0x94,0x23,0xff,0x94,0x23,0xff,0x94,0x23,0xff,0x94,0x23,0xff,
  0x94,0x23,0xff,0x94,0x23,0xff,0x94,0x23,0xff,0x94,0x23,0xff,0x94,0x23,0xff,0x94,0x23,0xff,0x94,0x23,0xff,0x94,0x23,0xff,
  0x94,0x23,0xff,0x94,0x23,0xff,0x94,0x23,0xff,0x94,0x23,0xff,0x94,0x23,0xff,0x94,0x23,0xff,0x94,0x23,0xff,0x94,0x23,0xff,
  0x94,0x23,0xff,0x94,0x23,0xff,0x94,0x23,0xff,0x94,0x23,0xff,0x94,0x23,0xff,0x94,0x23,0xff,0x94,0x23,0xff,0x94,0x23,0xff,
  0x94,0x23,0xff,0x94,0x23,0xff,0x94,0x23,0xff,0x94,0x23,0xff,0x94,0x23,0xff,0x94,0x23,0xff,0x94,0x23,0xff,0x94,0x23,0xff,
  0x94,0x23,0xff,0x94,0x23,0xff,0x94,0x23,0xff,0x94,0x23,0xff,0x94,0x23,0xff,0x94,0x23,0xff,0x94,0x23,0xff,0x94,0x23,0xff,
  0x94,0x23,0xff,0x94,0x23,0xff,0x94,0x23,0xff,0x94,0x23,0xff,0x94,0x23,0xff,0x94,0x23,0xff,0x94,0x23,0xff,0x94,0x23,0xff,
  0x94,0x23,0xff,0x94,0x23,0xff,0x94,0x23,0xff,0x94,0x23,0xff,0x94,0x23,0xff,0x94,0x23,0xff,0x94,0x23,0xff,0x94,0x23,0xff,
  0x94,0x23,0xff,0x94,0x23,0xff,0x94,0x23,0xff,0x94,0x23,0xff,0x94,0x23,0xff,0x94,0x23,0xff,0x94,0x23,0xff,0x94,0x23,0xff,
  0xd0,0x1a,0xff,0xc,0x12,0xff,0xc,0x12,0xff,0xc,0x12,0xff,0xc,0x12,0xff,0xc,0x12,0xff,0xc,0x12,0x90,0x0,0x0,0x0,
  0x0,0x0,0x0,0x0,0x0,0x0,0x0,0x0,0x0,0x0,0x0,0x0,0x0,0x0,0x0,0x0,0x0,0x0,0x0,0x0,0x0,0x0,0x0,0x0,
  0x0,0x0,0x0,0x0,0x0,0x0,0x0,0x0,0x0,0x0,0x0,0x0,0x0,0x0,0x0,0x0,0x0,0x0,0x0,0x0,0x0,0x0,0x0,0x0,
  0x0,0x0,0x0,0x0,0x0,0x0,0x0,0x0,0x0,0x0,0x0,0x0,0x0,0x0,0x0,0x0,0x0,0x0,0x0,0x0,0x0,0x0,0x0,0x0,
  0x0,0x0,0x0,0x0,0x0,0x0,0x0,0x0,0x0,0x0,0x0,0x0,0x0,0x0,0x0,0x0,0x0,0x0,0x0,0x0,0x0,0x0,0x0,0x0,
  0x0,0x0,0x0,0xaa,0x2,0x3,0xb,0x12,0xbb,0xc,0x12,0xff,0xc,0x12,0xff,0xc,0x12,0xff,0xc,0x12,0xff,0xc,0x12,0xff,
  0x11,0x1b,0xff,0x94,0x23,0xff,0x94,0x23,0xff,0x94,0x23,0xff,0x94,0x23,0xff,0x94,0x23,0xff,0x94,0x23,0xff,0x94,0x23,0xff,
  0x94,0x23,0xff,0x94,0x23,0xff,0x94,0x23,0xff,0x94,0x23,0xff,0x94,0x23,0xff,0x94,0x23,0xff,0x94,0x23,0xff,0x94,0x23,0xff,
  0x94,0x23,0xff,0x94,0x23,0xff,0x94,0x23,0xff,0x94,0x23,0xff,0x94,0x23,0xff,0x94,0x23,0xff,0x94,0x23,0xff,0x94,0x23,0xff,
  0x94,0x23,0xff,0x94,0x23,0xff,0x94,0x23,0xff,0x94,0x23,0xff,0x94,0x23,0xff,0x94,0x23,0xff,0x94,0x23,0xff,0x94,0x23,0xff,
  0x94,0x23,0xff,0x94,0x23,0xff,0x94,0x23,0xff,0x94,0x23,0xff,0x94,0x23,0xff,0x94,0x23,0xff,0x94,0x23,0xff,0x94,0x23,0xff,
  0x94,0x23,0xff,0x94,0x23,0xff,0x94,0x23,0xff,0x94,0x23,0xff,0x94,0x23,0xff,0x8d,0x74,0xff,0x66,0xbd,0xff,0xe3,0xdd,0xff,
  0xe3,0xdd,0xff,0x66,0xbd,0xff,0x8d,0x74,0xff,0x94,0x23,0xff,0x94,0x23,0xff,0x94,0x23,0xff,0x94,0x23,0xff,0x94,0x23,0xff,
  0x94,0x23,0xff,0x94,0x23,0xff,0x94,0x23,0xff,0x94,0x23,0xff,0x94,0x23,0xff,0x94,0x23,0xff,0x94,0x23,0xff,0x94,0x23,0xff,
  0x94,0x23,0xff,0x94,0x23,0xff,0x94,0x23,0xff,0x94,0x23,0xff,0x94,0x23,0xff,0x94,0x23,0xff,0x94,0x23,0xff,0x94,0x23,0xff,
  0x94,0x23,0xff,0x94,0x23,0xff,0x94,0x23,0xff,0x94,0x23,0xff,0x94,0x23,0xff,0x94,0x23,0xff,0x94,0x23,0xff,0x94,0x23,0xff,
  0x94,0x23,0xff,0x94,0x23,0xff,0x94,0x23,0xff,0x94,0x23,0xff,0x94,0x23,0xff,0x94,0x23,0xff,0x94,0x23,0xff,0x94,0x23,0xff,
  0x94,0x23,0xff,0x94,0x23,0xff,0x94,0x23,0xff,0x94,0x23,0xff,0x94,0x23,0xff,0x94,0x23,0xff,0x94,0x23,0xff,0x11,0x1b,0xff,
  0xc,0x12,0xff,0xc,0x12,0xff,0xc,0x12,0xff,0xc,0x12,0xff,0xc,0x12,0xff,0xc,0x12,0xba,0xaa,0x2,0x3,0x0,0x0,0x0,
  0x0,0x0,0x0,0x0,0x0,0x0,0x0,0x0,0x0,0x0,0x0,0x0,0x0,0x0,0x0,0x0,0x0,0x0,0x0,0x0,0x0,0x0,0x0,0x0,
  0x0,0x0,0x0,0x0,0x0,0x0,0x0,0x0,0x0,0x0,0x0,0x0,0x0,0x0,0x0,0x0,0x0,0x0,0x0,0x0,0x0,0x0,0x0,0x0,
  0x0,0x0,0x0,0x0,0x0,0x0,0x0,0x0,0x0,0x0,0x0,0x0,0x0,0x0,0x0,0x0,0x0,0x0,0x0,0x0,0x0,0x0,0x0,0x0,
  0x0,0x0,0x0,0x0,0x0,0x0,0x0,0x0,0x0,0x0,0x0,0x0,0x0,0x0,0x0,0x0,0x0,0x0,0x0,0x0,0x0,0x0,0x0,0x0,
  0x0,0x0,0x0,0x0,0x0,0x0,0xca,0x9,0x12,0xb,0x12,0xdb,0xc,0x12,0xff,0xc,0x12,0xff,0xc,0x12,0xff,0xc,0x12,0xff,
  0x2c,0x12,0xff,0x52,0x23,0xff,0x94,0x23,0xff,0x94,0x23,0xff,0x94,0x23,0xff,0x94,0x23,0xff,0x94,0x23,0xff,0x94,0x23,0xff,
  0x94,0x23,0xff,0x94,0x23,0xff,0x94,0x23,0xff,0x94,0x23,0xff,0x94,0x23,0xff,0x94,0x23,0xff,0x94,0x23,0xff,0x94,0x23,0xff,
  0x94,0x23,0xff,0x94,0x23,0xff,0x94,0x23,0xff,0x94,0x23,0xff,0x94,0x23,0xff,0x94,0x23,0xff,0x94,0x23,0xff,0x94,0x23,0xff,
  0x94,0x23,0xff,0x94,0x23,0xff,0x94,0x23,0xff,0x94,0x23,0xff,0x94,0x23,0xff,0x94,0x23,0xff,0x94,0x23,0xff,0x94,0x23,0xff,
  0x94,0x23,0xff,0x94,0x23,0xff,0x94,0x23,0xff,0x94,0x23,0xff,0x94,0x23,0xff,0x94,0x23,0xff,0x94,0x23,0xff,0x94,0x23,0xff,
  0x94,0x23,0xff,0x94,0x23,0xff,0x94,0x23,0xff,0xd2,0x3b,0xff,0xa5,0xcd,0xff,0x21,0xf6,0xff,0x21,0xf6,0xff,0x21,0xf6,0xff,
  0x21,0xf6,0xff,0x21,0xf6,0xff,0x21,0xf6,0xff,0xa5,0xcd,0xff,0xd2,0x3b,0xff,0x94,0x23,0xff,0x94,0x23,0xff,0x94,0x23,0xff,
  0x94,0x23,0xff,0x94,0x23,0xff,0x94,0x23,0xff,0x94,0x23,0xff,0x94,0x23,0xff,0x94,0x23,0xff,0x94,0x23,0xff,0x94,0x23,0xff,
  0x94,0x23,0xff,0x94,0x23,0xff,0x94,0x23,0xff,0x94,0x23,0xff,0x94,0x23,0xff,0x94,0x23,0xff,0x94,0x23,0xff,0x94,0x23,0xff,
  0x94,0x23,0xff,0x94,0x23,0xff,0x94,0x23,0xff,0x94,0x23,0xff,0x94,0x23,0xff,0x94,0x23,0xff,0x94,0x23,0xff,0x94,0x23,0xff,
  0x94,0x23,0xff,0x94,0x23,0xff,0x94,0x23,0xff,0x94,0x23,0xff,0x94,0x23,0xff,0x94,0x23,0xff,0x94,0x23,0xff,0x94,0x23,0xff,
  0x94,0x23,0xff,0x94,0x23,0xff,0x94,0x23,0xff,0x94,0x23,0xff,0x94,0x23,0xff,0x94,0x23,0xff,0x52,0x23,0xff,0x2c,0x12,0xff,
  0xc,0x12,0xff,0xc,0x12,0xff,0xc,0x12,0xff,0xc,0x12,0xff,0xb,0x12,0xdb,0xeb,0x9,0x11,0x0,0x0,0x0,0x0,0x0,0x0,
  0x0,0x0,0x0,0x0,0x0,0x0,0x0,0x0,0x0,0x0,0x0,0x0,0x0,0x0,0x0,0x0,0x0,0x0,0x0,0x0,0x0,0x0,0x0,0x0,
  0x0,0x0,0x0,0x0,0x0,0x0,0x0,0x0,0x0,0x0,0x0,0x0,0x0,0x0,0x0,0x0,0x0,0x0,0x0,0x0,0x0,0x0,0x0,0x0,
  0x0,0x0,0x0,0x0,0x0,0x0,0x0,0x0,0x0,0x0,0x0,0x0,0x0,0x0,0x0,0x0,0x0,0x0,0x0,0x0,0x0,0x0,0x0,0x0,
  0x0,0x0,0x0,0x0,0x0,0x0,0x0,0x0,0x0,0x0,0x0,0x0,0x0,0x0,0x0,0x0,0x0,0x0,0x0,0x0,0x0,0x0,0x0,0x0,
  0x0,0x0,0x0,0x0,0x0,0x0,0x0,0x0,0x0,0xc,0x12,0x2a,0xb,0x12,0xf1,0xc,0x12,0xff,0xc,0x12,0xff,0xc,0x12,0xff,
  0xc,0x12,0xff,0x4d,0x12,0xff,0x73,0x23,0xff,0x94,0x23,0xff,0x94,0x23,0xff,0x94,0x23,0xff,0x94,0x23,0xff,0x94,0x23,0xff,
  0x94,0x23,0xff,0x94,0x23,0xff,0x94,0x23,0xff,0x94,0x23,0xff,0x94,0x23,0xff,0x94,0x23,0xff,0x94,0x23,0xff,0x94,0x23,0xff,
  0x94,0x23,0xff,0x94,0x23,0xff,0x94,0x23,0xff,0x94,0x23,0xff,0x94,0x23,0xff,0x94,0x23,0xff,0x94,0x23,0xff,0x94,0x23,0xff,
  0x94,0x23,0xff,0x94,0x23,0xff,0x94,0x23,0xff,0x94,0x23,0xff,0x94,0x23,0xff,0x94,0x23,0xff,0x94,0x23,0xff,0x94,0x23,0xff,
  0x94,0x23,0xff,0x94,0x23,0xff,0x94,0x23,0xff,0x94,0x23,0xff,0x94,0x23,0xff,0x94,0x23,0xff,0x94,0x23,0xff,0x94,0x23,0xff,
  0x94,0x23,0xff,0x94,0x23,0xff,0xb3,0x33,0xff,0xa4,0xd5,0xff,0x21,0xf6,0xff,0x21,0xf6,0xff,0x21,0xf6,0xff,0x21,0xf6,0xff,
  0x21,0xf6,0xff,0x21,0xf6,0xff,0x21,0xf6,0xff,0x21,0xf6,0xff,0xa4,0xd5,0xff,0xb3,0x33,0xff,0x94,0x23,0xff,0x94,0x23,0xff,
  0x94,0x23,0xff,0x94,0x23,0xff,0x94,0x23,0xff,0x94,0x23,0xff,0x94,0x23,0xff,0x94,0x23,0xff,0x94,0x23,0xff,0x94,0x23,0xff,
  0x94,0x23,0xff,0x94,0x23,0xff,0x94,0x23,0xff,0x94,0x23,0xff,0x94,0x23,0xff,0x94,0x23,0xff,0x94,0x23,0xff,0x94,0x23,0xff,
  0x94,0x23,0xff,0x94,0x23,0xff,0x94,0x23,0xff,0x94,0x23,0xff,0x94,0x23,0xff,0x94,0x23,0xff,0x94,0x23,0xff,0x94,0x23,0xff,
  0x94,0x23,0xff,0x94,0x23,0xff,0x94,0x23,0xff,0x94,0x23,0xff,0x94,0x23,0xff,0x94,0x23,0xff,0x94,0x23,0xff,0x94,0x23,0xff,
  0x94,0x23,0xff,0x94,0x23,0xff,0x94,0x23,0xff,0x94,0x23,0xff,0x94,0x23,0xff,0x73,0x23,0xff,0x4d,0x12,0xff,0xc,0x12,0xff,
  0xc,0x12,0xff,0xc,0x12,0xff,0xc,0x12,0xff,0xb,0x12,0xf1,0xb,0x12,0x2a,0x0,0x0,0x0,0x0,0x0,0x0,0x0,0x0,0x0,
  0x0,0x0,0x0,0x0,0x0,0x0,0x0,0x0,0x0,0x0,0x0,0x0,0x0,0x0,0x0,0x0,0x0,0x0,0x0,0x0,0x0,0x0,0x0,0x0,
  0x0,0x0,0x0,0x0,0x0,0x0,0x0,0x0,0x0,0x0,0x0,0x0,0x0,0x0,0x0,0x0,0x0,0x0,0x0,0x0,0x0,0x0,0x0,0x0,
  0x0,0x0,0x0,0x0,0x0,0x0,0x0,0x0,0x0,0x0,0x0,0x0,0x0,0x0,0x0,0x0,0x0,0x0,0x0,0x0,0x0,0x0,0x0,0x0,
  0x0,0x0,0x0,0x0,0x0,0x0,0x0,0x0,0x0,0x0,0x0,0x0,0x0,0x0,0x0,0x0,0x0,0x0,0x0,0x0,0x0,0x0,0x0,0x0,
  0x0,0x0,0x0,0x0,0x0,0x0,0x0,0x0,0x0,0x0,0x0,0x0,0xc,0x12,0x4d,0xc,0x12,0xfd,0xc,0x12,0xff,0xc,0x12,0xff,
  0xc,0x12,0xff,0xc,0x12,0xff,0x6e,0x1a,0xff,0x94,0x23,0xff,0x94,0x23,0xff,0x94,0x23,0xff,0x94,0x23,0xff,0x94,0x23,0xff,
  0x94,0x23,0xff,0x94,0x23,0xff,0x94,0x23,0xff,0x94,0x23,0xff,0x94,0x23,0xff,0x94,0x23,0xff,0x94,0x23,0xff,0x94,0x23,0xff,
  0x94,0x23,0xff,0x94,0x23,0xff,0x94,0x23,0xff,0x94,0x23,0xff,0x94,0x23,0xff,0x94,0x23,0xff,0x94,0x23,0xff,0x94,0x23,0xff,
  0x94,0x23,0xff,0x94,0x23,0xff,0x94,0x23,0xff,0x94,0x23,0xff,0x94,0x23,0xff,0x94,0x23,0xff,0x94,0x23,0xff,0x94,0x23,0xff,
  0x94,0x23,0xff,0x94,0x23,0xff,0x94,0x23,0xff,0x94,0x23,0xff,0x94,0x23,0xff,0x94,0x23,0xff,0x94,0x23,0xff,0x94,0x23,0xff,
  0x94,0x23,0xff,0x94,0x23,0xff,0xea,0x94,0xff,0x21,0xf6,0xff,0x21,0xf6,0xff,0x21,0xf6,0xff,0x21,0xf6,0xff,0x21,0xf6,0xff,
  0x21,0xf6,0xff,0x21,0xf6,0xff,0x21,0xf6,0xff,0x21,0xf6,0xff,0x21,0xf6,0xff,0xea,0x94,0xff,0x94,0x23,0xff,0x94,0x23,0xff,
  0x94,0x23,0xff,0x94,0x23,0xff,0x94,0x23,0xff,0x94,0x23,0xff,0x94,0x23,0xff,0x94,0x23,0xff,0x94,0x23,0xff,0x94,0x23,0xff,
  0x94,0x23,0xff,0x94,0x23,0xff,0x94,0x23,0xff,0x94,0x23,0xff,0x94,0x23,0xff,0x94,0x23,0xff,0x94,0x23,0xff,0x94,0x23,0xff,
  0x94,0x23,0xff,0x94,0x23,0xff,0x94,0x23,0xff,0x94,0x23,0xff,0x94,0x23,0xff,0x94,0x23,0xff,0x94,0x23,0xff,0x94,0x23,0xff,
  0x94,0x23,0xff,0x94,0x23,0xff,0x94,0x23,0xff,0x94,0x23,0xff,0x94,0x23,0xff,0x94,0x23,0xff,0x94,0x23,0xff,0x94,0x23,0xff,
  0x94,0x23,0xff,0x94,0x23,0xff,0x94,0x23,0xff,0x94,0x23,0xff,0x94,0x23,0xff,0x6e,0x1a,0xff,0xc,0x12,0xff,0xc,0x12,0xff,
  0xc,0x12,0xff,0xc,0x12,0xff,0xc,0x12,0xfd,0xc,0x12,0x4c,0x0,0x0,0x0,0x0,0x0,0x0,0x0,0x0,0x0,0x0,0x0,0x0,
  0x0,0x0,0x0,0x0,0x0,0x0,0x0,0x0,0x0,0x0,0x0,0x0,0x0,0x0,0x0,0x0,0x0,0x0,0x0,0x0,0x0,0x0,0x0,0x0,
  0x0,0x0,0x0,0x0,0x0,0x0,0x0,0x0,0x0,0x0,0x0,0x0,0x0,0x0,0x0,0x0,0x0,0x0,0x0,0x0,0x0,0x0,0x0,0x0,
  0x0,0x0,0x0,0x0,0x0,0x0,0x0,0x0,0x0,0x0,0x0,0x0,0x0,0x0,0x0,0x0,0x0,0x0,0x0,0x0,0x0,0x0,0x0,0x0,
  0x0,0x0,0x0,0x0,0x0,0x0,0x0,0x0,0x0,0x0,0x0,0x0,0x0,0x0,0x0,0x0,0x0,0x0,0x0,0x0,0x0,0x0,0x0,0x0,
  0x0,0x0,0x0,0x0,0x0,0x0,0x0,0x0,0x0,0x0,0x0,0x0,0x0,0x0,0x0,0xb,0x12,0x79,0xc,0x12,0xff,0xc,0x12,0xff,
  0xc,0x12,0xff,0xc,0x12,0xff,0xc,0x12,0xff,0xaf,0x1a,0xff,0x94,0x23,0xff,0x94,0x23,0xff,0x94,0x23,0xff,0x94,0x23,0xff,
  0x94,0x23,0xff,0x94,0x23,0xff,0x94,0x23,0xff,0x94,0x23,0xff,0x94,0x23,0xff,0x94,0x23,0xff,0x94,0x23,0xff,0x94,0x23,0xff,
  0x94,0x23,0xff,0x94,0x23,0xff,0x94,0x23,0xff,0x94,0x23,0xff,0x94,0x23,0xff,0x94,0x23,0xff,0x94,0x23,0xff,0x94,0x23,0xff,
  0x94,0x23,0xff,0x94,0x23,0xff,0x94,0x23,0xff,0x94,0x23,0xff,0x94,0x23,0xff,0x94,0x23,0xff,0x94,0x23,0xff,0x94,0x23,0xff,
  0x94,0x23,0xff,0x94,0x23,0xff,0x94,0x23,0xff,0x94,0x23,0xff,0x94,0x23,0xff,0x94,0x23,0xff,0x94,0x23,0xff,0x94,0x23,0xff,
  0x94,0x23,0xff,0x93,0x2b,0xff,0xe2,0xe5,0xff,0x21,0xf6,0xff,0x21,0xf6,0xff,0x21,0xf6,0xff,0x21,0xf6,0xff,0x21,0xf6,0xff,
  0x21,0xf6,0xff,0x21,0xf6,0xff,0x21,0xf6,0xff,0x21,0xf6,0xff,0x21,0xf6,0xff,0xe2,0xe5,0xff,0x93,0x2b,0xff,0x94,0x23,0xff,
  0x94,0x23,0xff,0x94,0x23,0xff,0x94,0x23,0xff,0x94,0x23,0xff,0x94,0x23,0xff,0x94,0x23,0xff,0x94,0x23,0xff,0x94,0x23,0xff,
  0x94,0x23,0xff,0x94,0x23,0xff,0x94,0x23,0xff,0x94,0x23,0xff,0x94,0x23,0xff,0x94,0x23,0xff,0x94,0x23,0xff,0x94,0x23,0xff,
  0x94,0x23,0xff,0x94,0x23,0xff,0x94,0x23,0xff,0x94,0x23,0xff,0x94,0x23,0xff,0x94,0x23,0xff,0x94,0x23,0xff,0x94,0x23,0xff,
  0x94,0x23,0xff,0x94,0x23,0xff,0x94,0x23,0xff,0x94,0x23,0xff,0x94,0x23,0xff,0x94,0x23,0xff,0x94,0x23,0xff,0x94,0x23,0xff,
  0x94,0x23,0xff,0x94,0x23,0xff,0x94,0x23,0xff,0x94,0x23,0xff,0xaf,0x1a,0xff,0xc,0x12,0xff,0xc,0x12,0xff,0xc,0x12,0xff,
  0xc,0x12,0xff,0xc,0x12,0xff,0xb,0x12,0x79,0x0,0x0,0x0,0x0,0x0,0x0,0x0,0x0,0x0,0x0,0x0,0x0,0x0,0x0,0x0,
  0x0,0x0,0x0,0x0,0x0,0x0,0x0,0x0,0x0,0x0,0x0,0x0,0x0,0x0,0x0,0x0,0x0,0x0,0x0,0x0,0x0,0x0,0x0,0x0,
  0x0,0x0,0x0,0x0,0x0,0x0,0x0,0x0,0x0,0x0,0x0,0x0,0x0,0x0,0x0,0x0,0x0,0x0,0x0,0x0,0x0,0x0,0x0,0x0,
  0x0,0x0,0x0,0x0,0x0,0x0,0x0,0x0,0x0,0x0,0x0,0x0,0x0,0x0,0x0,0x0,0x0,0x0,0x0,0x0,0x0,0x0,0x0,0x0,
  0x0,0x0,0x0,0x0,0x0,0x0,0x0,0x0,0x0,0x0,0x0,0x0,0x0,0x0,0x0,0x0,0x0,0x0,0x0,0x0,0x0,0x0,0x0,0x0,
  0x0,0x0,0x0,0x0,0x0,0x0,0x0,0x0,0x0,0x0,0x0,0x0,0x0,0x0,0x0,0x0,0x0,0x0,0xb,0x12,0xa7,0xc,0x12,0xff,
  0xc,0x12,0xff,0xc,0x12,0xff,0xc,0x12,0xff,0xc,0x12,0xff,0xf0,0x1a,0xff,0x94,0x23,0xff,0x94,0x23,0xff,0x94,0x23,0xff,
  0x94,0x23,0xff,0x94,0x23,0xff,0x94,0x23,0xff,0x94,0x23,0xff,0x94,0x23,0xff,0x94,0x23,0xff,0x94,0x23,0xff,0x94,0x23,0xff,
  0x94,0x23,0xff,0x94,0x23,0xff,0x94,0x23,0xff,0x94,0x23,0xff,0x94,0x23,0xff,0x94,0x23,0xff,0x94,0x23,0xff,0x94,0x23,0xff,
  0x94,0x23,0xff,0x94,0x23,0xff,0x94,0x23,0xff,0x94,0x23,0xff,0x94,0x23,0xff,0x94,0x23,0xff,0x94,0x23,0xff,0x94,0x23,0xff,
  0x94,0x23,0xff,0x94,0x23,0xff,0x94,0x23,0xff,0x94,0x23,0xff,0x94,0x23,0xff,0x94,0x23,0xff,0x94,0x23,0xff,0x94,0x23,0xff,
  0x94,0x23,0xff,0x10,0x4c,0xff,0x21,0xf6,0xff,0x21,0xf6,0xff,0x21,0xf6,0xff,0x21,0xf6,0xff,0x21,0xf6,0xff,0x21,0xf6,0xff,
  0x21,0xf6,0xff,0x21,0xf6,0xff,0x21,0xf6,0xff,0x21,0xf6,0xff,0x21,0xf6,0xff,0x21,0xf6,0xff,0x10,0x4c,0xff,0x94,0x23,0xff,
  0x94,0x23,0xff,0x94,0x23,0xff,0x94,0x23,0xff,0x94,0x23,0xff,0x94,0x23,0xff,0x94,0x23,0xff,0x94,0x23,0xff,0x94,0x23,0xff,
  0x94,0x23,0xff,0x94,0x23,0xff,0x94,0x23,0xff,0x94,0x23,0xff,0x94,0x23,0xff,0x94,0x23,0xff,0x94,0x23,0xff,0x94,0x23,0xff,
  0x94,0x23,0xff,0x94,0x23,0xff,0x94,0x23,0xff,0x94,0x23,0xff,0x94,0x23,0xff,0x94,0x23,0xff,0x94,0x23,0xff,0x94,0x23,0xff,
  0x94,0x23,0xff,0x94,0x23,0xff,0x94,0x23,0xff,0x94,0x23,0xff,0x94,0x23,0xff,0x94,0x23,0xff,0x94,0x23,0xff,0x94,0x23,0xff,
  0x94,0x23,0xff,0x94,0x23,0xff,0x94,0x23,0xff,0xf0,0x1a,0xff,0xc,0x12,0xff,0xc,0x12,0xff,0xc,0x12,0xff,0xc,0x12,0xff,
  0xc,0x12,0xff,0xb,0x12,0xa7,0x0,0x0,0x0,0x0,0x0,0x0,0x0,0x0,0x0,0x0,0x0,0x0,0x0,0x0,0x0,0x0,0x0,0x0,
  0x0,0x0,0x0,0x0,0x0,0x0,0x0,0x0,0x0,0x0,0x0,0x0,0x0,0x0,0x0,0x0,0x0,0x0,0x0,0x0,0x0,0x0,0x0,0x0,
  0x0,0x0,0x0,0x0,0x0,0x0,0x0,0x0,0x0,0x0,0x0,0x0,0x0,0x0,0x0,0x0,0x0,0x0,0x0,0x0,0x0,0x0,0x0,0x0,
  0x0,0x0,0x0,0x0,0x0,0x0,0x0,0x0,0x0,0x0,0x0,0x0,0x0,0x0,0x0,0x0,0x0,0x0,0x0,0x0,0x0,0x0,0x0,0x0,
  0x0,0x0,0x0,0x0,0x0,0x0,0x0,0x0,0x0,0x0,0x0,0x0,0x0,0x0,0x0,0x0,0x0,0x0,0x0,0x0,0x0,0x0,0x0,0x0,
  0x0,0x0,0x0,0x0,0x0,0x0,0x0,0x0,0x0,0x0,0x0,0x0,0x0,0x0,0x0,0x0,0x0,0x0,0xca,0x1,0x9,0xc,0x12,0xcc,
  0xc,0x12,0xff,0xc,0x12,0xff,0xc,0x12,0xff,0xc,0x12,0xff,0xc,0x12,0xff,0x32,0x23,0xff,0x94,0x23,0xff,0x94,0x23,0xff,
  0x94,0x23,0xff,0x94,0x23,0xff,0x94,0x23,0xff,0x94,0x23,0xff,0x94,0x23,0xff,0x94,0x23,0xff,0x94,0x23,0xff,0x94,0x23,0xff,
  0x94,0x23,0xff,0x94,0x23,0xff,0x94,0x23,0xff,0x94,0x23,0xff,0x94,0x23,0xff,0x94,0x23,0xff,0x94,0x23,0xff,0x94,0x23,0xff,
  0x94,0x23,0xff,0x94,0x23,0xff,0x94,0x23,0xff,0x94,0x23,0xff,0x94,0x23,0xff,0x94,0x23,0xff,0x94,0x23,0xff,0x94,0x23,0xff,
  0x94,0x23,0xff,0x94,0x23,0xff,0x94,0x23,0xff,0x94,0x23,0xff,0x94,0x23,0xff,0x94,0x23,0xff,0x94,0x23,0xff,0x94,0x23,0xff,
  0x94,0x23,0xff,0x30,0x54,0xff,0x21,0xf6,0xff,0x21,0xf6,0xff,0x21,0xf6,0xff,0x21,0xf6,0xff,0x21,0xf6,0xff,0x21,0xf6,0xff,
  0x21,0xf6,0xff,0x21,0xf6,0xff,0x21,0xf6,0xff,0x21,0xf6,0xff,0x21,0xf6,0xff,0x21,0xf6,0xff,0x30,0x54,0xff,0x94,0x23,0xff,
  0x94,0x23,0xff,0x94,0x23,0xff,0x94,0x23,0xff,0x94,0x23,0xff,0x94,0x23,0xff,0x94,0x23,0xff,0x94,0x23,0xff,0x94,0x23,0xff,
  0x94,0x23,0xff,0x94,0x23,0xff,0x94,0x23,0xff,0x94,0x23,0xff,0x94,0x23,0xff,0x94,0x23,0xff,0x94,0x23,0xff,0x94,0x23,0xff,
  0x94,0x23,0xff,0x94,0x23,0xff,0x94,0x23,0xff,0x94,0x23,0xff,0x94,0x23,0xff,0x94,0x23,0xff,0x94,0x23,0xff,0x94,0x23,0xff,
  0x94,0x23,0xff,0x94,0x23,0xff,0x94,0x23,0xff,0x94,0x23,0xff,0x94,0x23,0xff,0x94,0x23,0xff,0x94,0x23,0xff,0x94,0x23,0xff,
  0x94,0x23,0xff,0x94,0x23,0xff,0x32,0x23,0xff,0xc,0x12,0xff,0xc,0x12,0xff,0xc,0x12,0xff,0xc,0x12,0xff,0xc,0x12,0xff,
  0xc,0x12,0xcc,0xca,0x1,0x9,0x0,0x0,0x0,0x0,0x0,0x0,0x0,0x0,0x0,0x0,0x0,0x0,0x0,0x0,0x0,0x0,0x0,0x0,
  0x0,0x0,0x0,0x0,0x0,0x0,0x0,0x0,0x0,0x0,0x0,0x0,0x0,0x0,0x0,0x0,0x0,0x0,0x0,0x0,0x0,0x0,0x0,0x0,
  0x0,0x0,0x0,0x0,0x0,0x0,0x0,0x0,0x0,0x0,0x0,0x0,0x0,0x0,0x0,0x0,0x0,0x0,0x0,0x0,0x0,0x0,0x0,0x0,
  0x0,0x0,0x0,0x0,0x0,0x0,0x0,0x0,0x0,0x0,0x0,0x0,0x0,0x0,0x0,0x0,0x0,0x0,0x0,0x0,0x0,0x0,0x0,0x0,
  0x0,0x0,0x0,0x0,0x0,0x0,0x0,0x0,0x0,0x0,0x0,0x0,0x0,0x0,0x0,0x0,0x0,0x0,0x0,0x0,0x0,0x0,0x0,0x0,
  0x0,0x0,0x0,0x0,0x0,0x0,0x0,0x0,0x0,0x0,0x0,0x0,0x0,0x0,0x0,0x0,0x0,0x0,0x0,0x0,0x0,0xeb,0x11,0x1d,
  0xc,0x12,0xe7,0xc,0x12,0xff,0xc,0x12,0xff,0xc,0x12,0xff,0xc,0x12,0xff,0x2c,0x12,0xff,0x53,0x23,0xff,0x94,0x23,0xff,
  0x94,0x23,0xff,0x94,0x23,0xff,0x94,0x23,0xff,0x94,0x23,0xff,0x94,0x23,0xff,0x94,0x23,0xff,0x94,0x23,0xff,0x94,0x23,0xff,
  0x94,0x23,0xff,0x94,0x23,0xff,0x94,0x23,0xff,0x94,0x23,0xff,0x94,0x23,0xff,0x94,0x23,0xff,0x94,0x23,0xff,0x94,0x23,0xff,
  0x94,0x23,0xff,0x94,0x23,0xff,0x94,0x23,0xff,0x94,0x23,0xff,0x94,0x23,0xff,0x94,0x23,0xff,0x94,0x23,0xff,0x94,0x23,0xff,
  0x94,0x23,0xff,0x94,0x23,0xff,0x94,0x23,0xff,0x94,0x23,0xff,0x94,0x23,0xff,0x94,0x23,0xff,0x94,0x23,0xff,0x94,0x23,0xff,
  0x94,0x23,0xff,0xd2,0x3b,0xff,0x21,0xf6,0xff,0x21,0xf6,0xff,0x21,0xf6,0xff,0x21,0xf6,0xff,0x21,0xf6,0xff,0x21,0xf6,0xff,
  0x21,0xf6,0xff,0x21,0xf6,0xff,0x21,0xf6,0xff,0x21,0xf6,0xff,0x21,0xf6,0xff,0x21,0xf6,0xff,0xd2,0x3b,0xff,0x94,0x23,0xff,
  0x94,0x23,0xff,0x94,0x23,0xff,0x94,0x23,0xff,0x94,0x23,0xff,0x94,0x23,0xff,0x94,0x23,0xff,0x94,0x23,0xff,0x94,0x23,0xff,
  0x94,0x23,0xff,0x94,0x23,0xff,0x94,0x23,0xff,0x94,0x23,0xff,0x94,0x23,0xff,0x94,0x23,0xff,0x94,0x23,0xff,0x94,0x23,0xff,
  0x94,0x23,0xff,0x94,0x23,0xff,0x94,0x23,0xff,0x94,0x23,0xff,0x94,0x23,0xff,0x94,0x23,0xff,0x94,0x23,0xff,0x94,0x23,0xff,
  0x94,0x23,0xff,0x94,0x23,0xff,0x94,0x23,0xff,0x94,0x23,0xff,0x94,0x23,0xff,0x94,0x23,0xff,0x94,0x23,0xff,0x94,0x23,0xff,
  0x94,0x23,0xff,0x53,0x23,0xff,0x2c,0x12,0xff,0xc,0x12,0xff,0xc,0x12,0xff,0xc,0x12,0xff,0xc,0x12,0xff,0xc,0x12,0xe7,
  0xb,0x12,0x1c,0x0,0x0,0x0,0x0,0x0,0x0,0x0,0x0,0x0,0x0,0x0,0x0,0x0,0x0,0x0,0x0,0x0,0x0,0x0,0x0,0x0,
  0x0,0x0,0x0,0x0,0x0,0x0,0x0,0x0,0x0,0x0,0x0,0x0,0x0,0x0,0x0,0x0,0x0,0x0,0x0,0x0,0x0,0x0,0x0,0x0,
  0x0,0x0,0x0,0x0,0x0,0x0,0x0,0x0,0x0,0x0,0x0,0x0,0x0,0x0,0x0,0x0,0x0,0x0,0x0,0x0,0x0,0x0,0x0,0x0,
  0x0,0x0,0x0,0x0,0x0,0x0,0x0,0x0,0x0,0x0,0x0,0x0,0x0,0x0,0x0,0x0,0x0,0x0,0x0,0x0,0x0,0x0,0x0,0x0,
  0x0,0x0,0x0,0x0,0x0,0x0,0x0,0x0,0x0,0x0,0x0,0x0,0x0,0x0,0x0,0x0,0x0,0x0,0x0,0x0,0x0,0x0,0x0,0x0,
  0x0,0x0,0x0,0x0,0x0,0x0,0x0,0x0,0x0,0x0,0x0,0x0,0x0,0x0,0x0,0x0,0x0,0x0,0x0,0x0,0x0,0x0,0x0,0x0,
  0xc,0x12,0x3a,0xc,0x12,0xf8,0xc,0x12,0xff,0xc,0x12,0xff,0xc,0x12,0xff,0xc,0x12,0xff,0x4d,0x12,0xff,0x74,0x23,0xff,
  0x94,0x23,0xff,0x94,0x23,0xff,0x94,0x23,0xff,0x94,0x23,0xff,0x94,0x23,0xff,0x94,0x23,0xff,0x94,0x23,0xff,0x94,0x23,0xff,
  0x94,0x23,0xff,0x94,0x23,0xff,0x94,0x23,0xff,0x94,0x23,0xff,0x94,0x23,0xff,0x94,0x23,0xff,0x94,0x23,0xff,0x94,0x23,0xff,
  0x94,0x23,0xff,0x94,0x23,0xff,0x94,0x23,0xff,0x94,0x23,0xff,0x94,0x23,0xff,0x94,0x23,0xff,0x94,0x23,0xff,0x94,0x23,0xff,
  0x94,0x23,0xff,0x94,0x23,0xff,0x94,0x23,0xff,0x94,0x23,0xff,0x94,0x23,0xff,0x94,0x23,0xff,0x94,0x23,0xff,0x94,0x23,0xff,
  0x94,0x23,0xff,0x94,0x23,0xff,0xa4,0xcd,0xff,0x21,0xf6,0xff,0x21,0xf6,0xff,0x21,0xf6,0xff,0x21,0xf6,0xff,0x21,0xf6,0xff,
  0x21,0xf6,0xff,0x21,0xf6,0xff,0x21,0xf6,0xff,0x21,0xf6,0xff,0x21,0xf6,0xff,0xa4,0xcd,0xff,0x94,0x23,0xff,0x94,0x23,0xff,
  0x94,0x23,0xff,0x94,0x23,0xff,0x94,0x23,0xff,0x94,0x23,0xff,0x94,0x23,0xff,0x94,0x23,0xff,0x94,0x23,0xff,0x94,0x23,0xff,
  0x94,0x23,0xff,0x94,0x23,0xff,0x94,0x23,0xff,0x94,0x23,0xff,0x94,0x23,0xff,0x94,0x23,0xff,0x94,0x23,0xff,0x94,0x23,0xff,
  0x94,0x23,0xff,0x94,0x23,0xff,0x94,0x23,0xff,0x94,0x23,0xff,0x94,0x23,0xff,0x94,0x23,0xff,0x94,0x23,0xff,0x94,0x23,0xff,
  0x94,0x23,0xff,0x94,0x23,0xff,0x94,0x23,0xff,0x94,0x23,0xff,0x94,0x23,0xff,0x94,0x23,0xff,0x94,0x23,0xff,0x94,0x23,0xff,
  0x73,0x23,0xff,0x4d,0x12,0xff,0xc,0x12,0xff,0xc,0x12,0xff,0xc,0x12,0xff,0xc,0x12,0xff,0xc,0x12,0xf8,0xb,0x12,0x3a,
  0x0,0x0,0x0,0x0,0x0,0x0,0x0,0x0,0x0,0x0,0x0,0x0,0x0,0x0,0x0,0x0,0x0,0x0,0x0,0x0,0x0,0x0,0x0,0x0,
  0x0,0x0,0x0,0x0,0x0,0x0,0x0,0x0,0x0,0x0,0x0,0x0,0x0,0x0,0x0,0x0,0x0,0x0,0x0,0x0,0x0,0x0,0x0,0x0,
  0x0,0x0,0x0,0x0,0x0,0x0,0x0,0x0,0x0,0x0,0x0,0x0,0x0,0x0,0x0,0x0,0x0,0x0,0x0,0x0,0x0,0x0,0x0,0x0,
  0x0,0x0,0x0,0x0,0x0,0x0,0x0,0x0,0x0,0x0,0x0,0x0,0x0,0x0,0x0,0x0,0x0,0x0,0x0,0x0,0x0,0x0,0x0,0x0,
  0x0,0x0,0x0,0x0,0x0,0x0,0x0,0x0,0x0,0x0,0x0,0x0,0x0,0x0,0x0,0x0,0x0,0x0,0x0,0x0,0x0,0x0,0x0,0x0,
  0x0,0x0,0x0,0x0,0x0,0x0,0x0,0x0,0x0,0x0,0x0,0x0,0x0,0x0,0x0,0x0,0x0,0x0,0x0,0x0,0x0,0x0,0x0,0x0,
  0x0,0x0,0x0,0xc,0x12,0x62,0xc,0x12,0xff,0xc,0x12,0xff,0xc,0x12,0xff,0xc,0x12,0xff,0xc,0x12,0xff,0x8e,0x1a,0xff,
  0x94,0x23,0xff,0x94,0x23,0xff,0x94,0x23,0xff,0x94,0x23,0xff,0x94,0x23,0xff,0x94,0x23,0xff,0x94,0x23,0xff,0x94,0x23,0xff,
  0x94,0x23,0xff,0x94,0x23,0xff,0x94,0x23,0xff,0x94,0x23,0xff,0x94,0x23,0xff,0x94,0x23,0xff,0x94,0x23,0xff,0x94,0x23,0xff,
  0x94,0x23,0xff,0x94,0x23,0xff,0x94,0x23,0xff,0x94,0x23,0xff,0x94,0x23,0xff,0x94,0x23,0xff,0x94,0x23,0xff,0x94,0x23,0xff,
  0x94,0x23,0xff,0x94,0x23,0xff,0x94,0x23,0xff,0x94,0x23,0xff,0x94,0x23,0xff,0x94,0x23,0xff,0x94,0x23,0xff,0x94,0x23,0xff,
  0x94,0x23,0xff,0x94,0x23,0xff,0x6e,0x6c,0xff,0x21,0xf6,0xff,0x21,0xf6,0xff,0x21,0xf6,0xff,0x21,0xf6,0xff,0x21,0xf6,0xff,
  0x21,0xf6,0xff,0x21,0xf6,0xff,0x21,0xf6,0xff,0x21,0xf6,0xff,0x21,0xf6,0xff,0x6e,0x6c,0xff,0x94,0x23,0xff,0x94,0x23,0xff,
  0x94,0x23,0xff,0x94,0x23,0xff,0x94,0x23,0xff,0x94,0x23,0xff,0x94,0x23,0xff,0x94,0x23,0xff,0x94,0x23,0xff,0x94,0x23,0xff,
  0x94,0x23,0xff,0x94,0x23,0xff,0x94,0x23,0xff,0x94,0x23,0xff,0x94,0x23,0xff,0x94,0x23,0xff,0x94,0x23,0xff,0x94,0x23,0xff,
  0x94,0x23,0xff,0x94,0x23,0xff,0x94,0x23,0xff,0x94,0x23,0xff,0x94,0x23,0xff,0x94,0x23,0xff,0x94,0x23,0xff,0x94,0x23,0xff,
  0x94,0x23,0xff,0x94,0x23,0xff,0x94,0x23,0xff,0x94,0x23,0xff,0x94,0x23,0xff,0x94,0x23,0xff,0x94,0x23,0xff,0x94,0x23,0xff,
  0x8e,0x1a,0xff,0xc,0x12,0xff,0xc,0x12,0xff,0xc,0x12,0xff,0xc,0x12,0xff,0xc,0x12,0xff,0xc,0x12,0x62,0x0,0x0,0x0,
  0x0,0x0,0x0,0x0,0x0,0x0,0x0,0x0,0x0,0x0,0x0,0x0,0x0,0x0,0x0,0x0,0x0,0x0,0x0,0x0,0x0,0x0,0x0,0x0,
  0x0,0x0,0x0,0x0,0x0,0x0,0x0,0x0,0x0,0x0,0x0,0x0,0x0,0x0,0x0,0x0,0x0,0x0,0x0,0x0,0x0,0x0,0x0,0x0,
  0x0,0x0,0x0,0x0,0x0,0x0,0x0,0x0,0x0,0x0,0x0,0x0,0x0,0x0,0x0,0x0,0x0,0x0,0x0,0x0,0x0,0x0,0x0,0x0,
  0x0,0x0,0x0,0x0,0x0,0x0,0x0,0x0,0x0,0x0,0x0,0x0,0x0,0x0,0x0,0x0,0x0,0x0,0x0,0x0,0x0,0x0,0x0,0x0,
  0x0,0x0,0x0,0x0,0x0,0x0,0x0,0x0,0x0,0x0,0x0,0x0,0x0,0x0,0x0,0x0,0x0,0x0,0x0,0x0,0x0,0x0,0x0,0x0,
  0x0,0x0,0x0,0x0,0x0,0x0,0x0,0x0,0x0,0x0,0x0,0x0,0x0,0x0,0x0,0x0,0x0,0x0,0x0,0x0,0x0,0x0,0x0,0x0,
  0x0,0x0,0x0,0x0,0x0,0x0,0xc,0x12,0x90,0xc,0x12,0xff,0xc,0x12,0xff,0xc,0x12,0xff,0xc,0x12,0xff,0xc,0x12,0xff,
  0xd0,0x1a,0xff,0x94,0x23,0xff,0x94,0x23,0xff,0x94,0x23,0xff,0x94,0x23,0xff,0x94,0x23,0xff,0x94,0x23,0xff,0x94,0x23,0xff,
  0x94,0x23,0xff,0x94,0x23,0xff,0x94,0x23,0xff,0x94,0x23,0xff,0x94,0x23,0xff,0x94,0x23,0xff,0x94,0x23,0xff,0x94,0x23,0xff,
  0x94,0x23,0xff,0x94,0x23,0xff,0x94,0x23,0xff,0x94,0x23,0xff,0x94,0x23,0xff,0x94,0x23,0xff,0x94,0x23,0xff,0x94,0x23,0xff,
  0x94,0x23,0xff,0x94,0x23,0xff,0x94,0x23,0xff,0x94,0x23,0xff,0x94,0x23,0xff,0x94,0x23,0xff,0x94,0x23,0xff,0x94,0x23,0xff,
  0x94,0x23,0xff,0x94,0x23,0xff,0x94,0x23,0xff,0x9,0x9d,0xff,0x21,0xf6,0xff,0x21,0xf6,0xff,0x21,0xf6,0xff,0x21,0xf6,0xff,
  0x21,0xf6,0xff,0x21,0xf6,0xff,0x21,0xf6,0xff,0x21,0xf6,0xff,0x9,0x9d,0xff,0x94,0x23,0xff,0x94,0x23,0xff,0x94,0x23,0xff,
  0x94,0x23,0xff,0x94,0x23,0xff,0x94,0x23,0xff,0x94,0x23,0xff,0x94,0x23,0xff,0x94,0x23,0xff,0x94,0x23,0xff,0x94,0x23,0xff,
  0x94,0x23,0xff,0x94,0x23,0xff,0x94,0x23,0xff,0x94,0x23,0xff,0x94,0x23,0xff,0x94,0x23,0xff,0x94,0x23,0xff,0x94,0x23,0xff,
  0x94,0x23,0xff,0x94,0x23,0xff,0x94,0x23,0xff,0x94,0x23,0xff,0x94,0x23,0xff,0x94,0x23,0xff,0x94,0x23,0xff,0x94,0x23,0xff,
  0x94,0x23,0xff,0x94,0x23,0xff,0x94,0x23,0xff,0x94,0x23,0xff,0x94,0x23,0xff,0x94,0x23,0xff,0x94,0x23,0xff,0xd0,0x1a,0xff,
  0xc,0x12,0xff,0xc,0x12,0xff,0xc,0x12,0xff,0xc,0x12,0xff,0xc,0x12,0xff,0xc,0x12,0x90,0x0,0x0,0x0,0x0,0x0,0x0,
  0x0,0x0,0x0,0x0,0x0,0x0,0x0,0x0,0x0,0x0,0x0,0x0,0x0,0x0,0x0,0x0,0x0,0x0,0x0,0x0,0x0,0x0,0x0,0x0,
  0x0,0x0,0x0,0x0,0x0,0x0,0x0,0x0,0x0,0x0,0x0,0x0,0x0,0x0,0x0,0x0,0x0,0x0,0x0,0x0,0x0,0x0,0x0,0x0,
  0x0,0x0,0x0,0x0,0x0,0x0,0x0,0x0,0x0,0x0,0x0,0x0,0x0,0x0,0x0,0x0,0x0,0x0,0x0,0x0,0x0,0x0,0x0,0x0,
  0x0,0x0,0x0,0x0,0x0,0x0,0x0,0x0,0x0,0x0,0x0,0x0,0x0,0x0,0x0,0x0,0x0,0x0,0x0,0x0,0x0,0x0,0x0,0x0,
  0x0,0x0,0x0,0x0,0x0,0x0,0x0,0x0,0x0,0x0,0x0,0x0,0x0,0x0,0x0,0x0,0x0,0x0,0x0,0x0,0x0,0x0,0x0,0x0,
  0x0,0x0,0x0,0x0,0x0,0x0,0x0,0x0,0x0,0x0,0x0,0x0,0x0,0x0,0x0,0x0,0x0,0x0,0x0,0x0,0x0,0x0,0x0,0x0,
  0x0,0x0,0x0,0x0,0x0,0x0,0xaa,0x2,0x3,0xb,0x12,0xbb,0xc,0x12,0xff,0xc,0x12,0xff,0xc,0x12,0xff,0xc,0x12,0xff,
  0xc,0x12,0xff,0x11,0x1b,0xff,0x94,0x23,0xff,0x94,0x23,0xff,0x94,0x23,0xff,0x94,0x23,0xff,0x94,0x23,0xff,0x94,0x23,0xff,
  0x94,0x23,0xff,0x94,0x23,0xff,0x94,0x23,0xff,0x94,0x23,0xff,0x94,0x23,0xff,0x94,0x23,0xff,0x94,0x23,0xff,0x94,0x23,0xff,
  0x94,0x23,0xff,0x94,0x23,0xff,0x94,0x23,0xff,0x94,0x23,0xff,0x94,0x23,0xff,0x94,0x23,0xff,0x94,0x23,0xff,0x94,0x23,0xff,
  0x94,0x23,0xff,0x94,0x23,0xff,0x94,0x23,0xff,0x94,0x23,0xff,0x94,0x23,0xff,0x94,0x23,0xff,0x94,0x23,0xff,0x94,0x23,0xff,
  0x94,0x23,0xff,0x94,0x23,0xff,0x94,0x23,0xff,0x94,0x23,0xff,0xac,0x7c,0xff,0xe2,0xe5,0xff,0x21,0xf6,0xff,0x21,0xf6,0xff,
  0x21,0xf6,0xff,0x21,0xf6,0xff,0xe2,0xe5,0xff,0xac,0x7c,0xff,0x94,0x23,0xff,0x94,0x23,0xff,0x94,0x23,0xff,0x94,0x23,0xff,
  0x94,0x23,0xff,0x94,0x23,0xff,0x94,0x23,0xff,0x94,0x23,0xff,0x94,0x23,0xff,0x94,0x23,0xff,0x94,0x23,0xff,0x94,0x23,0xff,
  0x94,0x23,0xff,0x94,0x23,0xff,0x94,0x23,0xff,0x94,0x23,0xff,0x94,0x23,0xff,0x94,0x23,0xff,0x94,0x23,0xff,0x94,0x23,0xff,
  0x94,0x23,0xff,0x94,0x23,0xff,0x94,0x23,0xff,0x94,0x23,0xff,0x94,0x23,0xff,0x94,0x23,0xff,0x94,0x23,0xff,0x94,0x23,0xff,
  0x94,0x23,0xff,0x94,0x23,0xff,0x94,0x23,0xff,0x94,0x23,0xff,0x94,0x23,0xff,0x94,0x23,0xff,0x11,0x1b,0xff,0xc,0x12,0xff,
  0xc,0x12,0xff,0xc,0x12,0xff,0xc,0x12,0xff,0xc,0x12,0xff,0xb,0x12,0xbb,0xaa,0x2,0x3,0x0,0x0,0x0,0x0,0x0,0x0,
  0x0,0x0,0x0,0x0,0x0,0x0,0x0,0x0,0x0,0x0,0x0,0x0,0x0,0x0,0x0,0x0,0x0,0x0,0x0,0x0,0x0,0x0,0x0,0x0,
  0x0,0x0,0x0,0x0,0x0,0x0,0x0,0x0,0x0,0x0,0x0,0x0,0x0,0x0,0x0,0x0,0x0,0x0,0x0,0x0,0x0,0x0,0x0,0x0,
  0x0,0x0,0x0,0x0,0x0,0x0,0x0,0x0,0x0,0x0,0x0,0x0,0x0,0x0,0x0,0x0,0x0,0x0,0x0,0x0,0x0,0x0,0x0,0x0,
  0x0,0x0,0x0,0x0,0x0,0x0,0x0,0x0,0x0,0x0,0x0,0x0,0x0,0x0,0x0,0x0,0x0,0x0,0x0,0x0,0x0,0x0,0x0,0x0,
  0x0,0x0,0x0,0x0,0x0,0x0,0x0,0x0,0x0,0x0,0x0,0x0,0x0,0x0,0x0,0x0,0x0,0x0,0x0,0x0,0x0,0x0,0x0,0x0,
  0x0,0x0,0x0,0x0,0x0,0x0,0x0,0x0,0x0,0x0,0x0,0x0,0x0,0x0,0x0,0x0,0x0,0x0,0x0,0x0,0x0,0x0,0x0,0x0,
  0x0,0x0,0x0,0x0,0x0,0x0,0x0,0x0,0x0,0xca,0x9,0x12,0xb,0x12,0xdb,0xc,0x12,0xff,0xc,0x12,0xff,0xc,0x12,0xff,
  0xc,0x12,0xff,0x2c,0x12,0xff,0x52,0x23,0xff,0x94,0x23,0xff,0x94,0x23,0xff,0x94,0x23,0xff,0x94,0x23,0xff,0x94,0x23,0xff,
  0x94,0x23,0xff,0x94,0x23,0xff,0x94,0x23,0xff,0x94,0x23,0xff,0x94,0x23,0xff,0x94,0x23,0xff,0x94,0x23,0xff,0x94,0x23,0xff,
  0x94,0x23,0xff,0x94,0x23,0xff,0x94,0x23,0xff,0x94,0x23,0xff,0x94,0x23,0xff,0x94,0x23,0xff,0x94,0x23,0xff,0x94,0x23,0xff,
  0x94,0x23,0xff,0x94,0x23,0xff,0x94,0x23,0xff,0x94,0x23,0xff,0x94,0x23,0xff,0x94,0x23,0xff,0x94,0x23,0xff,0x94,0x23,0xff,
  0x94,0x23,0xff,0x94,0x23,0xff,0x94,0x23,0xff,0x94,0x23,0xff,0x94,0x23,0xff,0xb3,0x33,0xff,0x6d,0x6c,0xff,0xea,0x8c,0xff,
  0xea,0x8c,0xff,0x6d,0x6c,0xff,0xb3,0x33,0xff,0x94,0x23,0xff,0x94,0x23,0xff,0x94,0x23,0xff,0x94,0x23,0xff,0x94,0x23,0xff,
  0x94,0x23,0xff,0x94,0x23,0xff,0x94,0x23,0xff,0x94,0x23,0xff,0x94,0x23,0xff,0x94,0x23,0xff,0x94,0x23,0xff,0x94,0x23,0xff,
  0x94,0x23,0xff,0x94,0x23,0xff,0x94,0x23,0xff,0x94,0x23,0xff,0x94,0x23,0xff,0x94,0x23,0xff,0x94,0x23,0xff,0x94,0x23,0xff,
  0x94,0x23,0xff,0x94,0x23,0xff,0x94,0x23,0xff,0x94,0x23,0xff,0x94,0x23,0xff,0x94,0x23,0xff,0x94,0x23,0xff,0x94,0x23,0xff,
  0x94,0x23,0xff,0x94,0x23,0xff,0x94,0x23,0xff,0x94,0x23,0xff,0x94,0x23,0xff,0x52,0x23,0xff,0x2c,0x12,0xff,0xc,0x12,0xff,
  0xc,0x12,0xff,0xc,0x12,0xff,0xc,0x12,0xff,0xb,0x12,0xdb,0xca,0x9,0x12,0x0,0x0,0x0,0x0,0x0,0x0,0x0,0x0,0x0,
  0x0,0x0,0x0,0x0,0x0,0x0,0x0,0x0,0x0,0x0,0x0,0x0,0x0,0x0,0x0,0x0,0x0,0x0,0x0,0x0,0x0,0x0,0x0,0x0,
  0x0,0x0,0x0,0x0,0x0,0x0,0x0,0x0,0x0,0x0,0x0,0x0,0x0,0x0,0x0,0x0,0x0,0x0,0x0,0x0,0x0,0x0,0x0,0x0,
  0x0,0x0,0x0,0x0,0x0,0x0,0x0,0x0,0x0,0x0,0x0,0x0,0x0,0x0,0x0,0x0,0x0,0x0,0x0,0x0,0x0,0x0,0x0,0x0,
  0x0,0x0,0x0,0x0,0x0,0x0,0x0,0x0,0x0,0x0,0x0,0x0,0x0,0x0,0x0,0x0,0x0,0x0,0x0,0x0,0x0,0x0,0x0,0x0,
  0x0,0x0,0x0,0x0,0x0,0x0,0x0,0x0,0x0,0x0,0x0,0x0,0x0,0x0,0x0,0x0,0x0,0x0,0x0,0x0,0x0,0x0,0x0,0x0,
  0x0,0x0,0x0,0x0,0x0,0x0,0x0,0x0,0x0,0x0,0x0,0x0,0x0,0x0,0x0,0x0,0x0,0x0,0x0,0x0,0x0,0x0,0x0,0x0,
  0x0,0x0,0x0,0x0,0x0,0x0,0x0,0x0,0x0,0x0,0x0,0x0,0xc,0x12,0x2a,0xb,0x12,0xf1,0xc,0x12,0xff,0xc,0x12,0xff,
  0xc,0x12,0xff,0xc,0x12,0xff,0x4d,0x12,0xff,0x73,0x23,0xff,0x94,0x23,0xff,0x94,0x23,0xff,0x94,0x23,0xff,0x94,0x23,0xff,
  0x94,0x23,0xff,0x94,0x23,0xff,0x94,0x23,0xff,0x94,0x23,0xff,0x94,0x23,0xff,0x94,0x23,0xff,0x94,0x23,0xff,0x94,0x23,0xff,
  0x94,0x23,0xff,0x94,0x23,0xff,0x94,0x23,0xff,0x94,0x23,0xff,0x94,0x23,0xff,0x94,0x23,0xff,0x94,0x23,0xff,0x94,0x23,0xff,
  0x94,0x23,0xff,0x94,0x23,0xff,0x94,0x23,0xff,0x94,0x23,0xff,0x94,0x23,0xff,0x94,0x23,0xff,0x94,0x23,0xff,0x94,0x23,0xff,
  0x94,0x23,0xff,0x94,0x23,0xff,0x94,0x23,0xff,0x94,0x23,0xff,0x94,0x23,0xff,0x94,0x23,0xff,0x94,0x23,0xff,0x94,0x23,0xff,
  0x94,0x23,0xff,0x94,0x23,0xff,0x94,0x23,0xff,0x94,0x23,0xff,0x94,0x23,0xff,0x94,0x23,0xff,0x94,0x23,0xff,0x94,0x23,0xff,
  0x94,0x23,0xff,0x94,0x23,0xff,0x94,0x23,0xff,0x94,0x23,0xff,0x94,0x23,0xff,0x94,0x23,0xff,0x94,0x23,0xff,0x94,0x23,0xff,
  0x94,0x23,0xff,0x94,0x23,0xff,0x94,0x23,0xff,0x94,0x23,0xff,0x94,0x23,0xff,0x94,0x23,0xff,0x94,0x23,0xff,0x94,0x23,0xff,
  0x94,0x23,0xff,0x94,0x23,0xff,0x94,0x23,0xff,0x94,0x23,0xff,0x94,0x23,0xff,0x94,0x23,0xff,0x94,0x23,0xff,0x94,0x23,0xff,
  0x94,0x23,0xff,0x94,0x23,0xff,0x94,0x23,0xff,0x94,0x23,0xff,0x73,0x23,0xff,0x4d,0x12,0xff,0xc,0x12,0xff,0xc,0x12,0xff,
  0xc,0x12,0xff,0xc,0x12,0xff,0xb,0x12,0xf1,0xb,0x12,0x2a,0x0,0x0,0x0,0x0,0x0,0x0,0x0,0x0,0x0,0x0,0x0,0x0,
  0x0,0x0,0x0,0x0,0x0,0x0,0x0,0x0,0x0,0x0,0x0,0x0,0x0,0x0,0x0,0x0,0x0,0x0,0x0,0x0,0x0,0x0,0x0,0x0,
  0x0,0x0,0x0,0x0,0x0,0x0,0x0,0x0,0x0,0x0,0x0,0x0,0x0,0x0,0x0,0x0,0x0,0x0,0x0,0x0,0x0,0x0,0x0,0x0,
  0x0,0x0,0x0,0x0,0x0,0x0,0x0,0x0,0x0,0x0,0x0,0x0,0x0,0x0,0x0,0x0,0x0,0x0,0x0,0x0,0x0,0x0,0x0,0x0,
  0x0,0x0,0x0,0x0,0x0,0x0,0x0,0x0,0x0,0x0,0x0,0x0,0x0,0x0,0x0,0x0,0x0,0x0,0x0,0x0,0x0,0x0,0x0,0x0,
  0x0,0x0,0x0,0x0,0x0,0x0,0x0,0x0,0x0,0x0,0x0,0x0,0x0,0x0,0x0,0x0,0x0,0x0,0x0,0x0,0x0,0x0,0x0,0x0,
  0x0,0x0,0x0,0x0,0x0,0x0,0x0,0x0,0x0,0x0,0x0,0x0,0x0,0x0,0x0,0x0,0x0,0x0,0x0,0x0,0x0,0x0,0x0,0x0,
  0x0,0x0,0x0,0x0,0x0,0x0,0x0,0x0,0x0,0x0,0x0,0x0,0x0,0x0,0x0,0xc,0x12,0x4d,0xc,0x12,0xfd,0xc,0x12,0xff,
  0xc,0x12,0xff,0xc,0x12,0xff,0xc,0x12,0xff,0x6e,0x1a,0xff,0x94,0x23,0xff,0x94,0x23,0xff,0x94,0x23,0xff,0x94,0x23,0xff,
  0x94,0x23,0xff,0x94,0x23,0xff,0x94,0x23,0xff,0x94,0x23,0xff,0x94,0x23,0xff,0x94,0x23,0xff,0x94,0x23,0xff,0x94,0x23,0xff,
  0x94,0x23,0xff,0x94,0x23,0xff,0x94,0x23,0xff,0x94,0x23,0xff,0x94,0x23,0xff,0x94,0x23,0xff,0x94,0x23,0xff,0x94,0x23,0xff,
  0x94,0x23,0xff,0x94,0x23,0xff,0x94,0x23,0xff,0x94,0x23,0xff,0x94,0x23,0xff,0x94,0x23,0xff,0x94,0x23,0xff,0x94,0x23,0xff,
  0x94,0x23,0xff,0x94,0x23,0xff,0x94,0x23,0xff,0x94,0x23,0xff,0x94,0x23,0xff,0x94,0x23,0xff,0x94,0x23,0xff,0x94,0x23,0xff,
  0x94,0x23,0xff,0x94,0x23,0xff,0x94,0x23,0xff,0x94,0x23,0xff,0x94,0x23,0xff,0x94,0x23,0xff,0x94,0x23,0xff,0x94,0x23,0xff,
  0x94,0x23,0xff,0x94,0x23,0xff,0x94,0x23,0xff,0x94,0x23,0xff,0x94,0x23,0xff,0x94,0x23,0xff,0x94,0x23,0xff,0x94,0x23,0xff,
  0x94,0x23,0xff,0x94,0x23,0xff,0x94,0x23,0xff,0x94,0x23,0xff,0x94,0x23,0xff,0x94,0x23,0xff,0x94,0x23,0xff,0x94,0x23,0xff,
  0x94,0x23,0xff,0x94,0x23,0xff,0x94,0x23,0xff,0x94,0x23,0xff,0x94,0x23,0xff,0x94,0x23,0xff,0x94,0x23,0xff,0x94,0x23,0xff,
  0x94,0x23,0xff,0x94,0x23,0xff,0x94,0x23,0xff,0x94,0x23,0xff,0x6e,0x1a,0xff,0xc,0x12,0xff,0xc,0x12,0xff,0xc,0x12,0xff,
  0xc,0x12,0xff,0xc,0x12,0xfd,0xc,0x12,0x4d,0x0,0x0,0x0,0x0,0x0,0x0,0x0,0x0,0x0,0x0,0x0,0x0,0x0,0x0,0x0,
  0x0,0x0,0x0,0x0,0x0,0x0,0x0,0x0,0x0,0x0,0x0,0x0,0x0,0x0,0x0,0x0,0x0,0x0,0x0,0x0,0x0,0x0,0x0,0x0,
  0x0,0x0,0x0,0x0,0x0,0x0,0x0,0x0,0x0,0x0,0x0,0x0,0x0,0x0,0x0,0x0,0x0,0x0,0x0,0x0,0x0,0x0,0x0,0x0,
  0x0,0x0,0x0,0x0,0x0,0x0,0x0,0x0,0x0,0x0,0x0,0x0,0x0,0x0,0x0,0x0,0x0,0x0,0x0,0x0,0x0,0x0,0x0,0x0,
  0x0,0x0,0x0,0x0,0x0,0x0,0x0,0x0,0x0,0x0,0x0,0x0,0x0,0x0,0x0,0x0,0x0,0x0,0x0,0x0,0x0,0x0,0x0,0x0,
  0x0,0x0,0x0,0x0,0x0,0x0,0x0,0x0,0x0,0x0,0x0,0x0,0x0,0x0,0x0,0x0,0x0,0x0,0x0,0x0,0x0,0x0,0x0,0x0,
  0x0,0x0,0x0,0x0,0x0,0x0,0x0,0x0,0x0,0x0,0x0,0x0,0x0,0x0,0x0,0x0,0x0,0x0,0x0,0x0,0x0,0x0,0x0,0x0,
  0x0,0x0,0x0,0x0,0x0,0x0,0x0,0x0,0x0,0x0,0x0,0x0,0x0,0x0,0x0,0x0,0x0,0x0,0xb,0x12,0x79,0xc,0x12,0xff,
  0xc,0x12,0xff,0xc,0x12,0xff,0xc,0x12,0xff,0xc,0x12,0xff,0xaf,0x1a,0xff,0x94,0x23,0xff,0x94,0x23,0xff,0x94,0x23,0xff,
  0x94,0x23,0xff,0x94,0x23,0xff,0x94,0x23,0xff,0x94,0x23,0xff,0x94,0x23,0xff,0x94,0x23,0xff,0x94,0x23,0xff,0x94,0x23,0xff,
  0x94,0x23,0xff,0x94,0x23,0xff,0x94,0x23,0xff,0x94,0x23,0xff,0x94,0x23,0xff,0x94,0x23,0xff,0x94,0x23,0xff,0x94,0x23,0xff,
  0x94,0x23,0xff,0x94,0x23,0xff,0x94,0x23,0xff,0x94,0x23,0xff,0x94,0x23,0xff,0x94,0x23,0xff,0x94,0x23,0xff,0x94,0x23,0xff,
  0x94,0x23,0xff,0x94,0x23,0xff,0x94,0x23,0xff,0x94,0x23,0xff,0x94,0x23,0xff,0x94,0x23,0xff,0x94,0x23,0xff,0x94,0x23,0xff,
  0x94,0x23,0xff,0x94,0x23,0xff,0x94,0x23,0xff,0x94,0x23,0xff,0x94,0x23,0xff,0x94,0x23,0xff,0x94,0x23,0xff,0x94,0x23,0xff,
  0x94,0x23,0xff,0x94,0x23,0xff,0x94,0x23,0xff,0x94,0x23,0xff,0x94,0x23,0xff,0x94,0x23,0xff,0x94,0x23,0xff,0x94,0x23,0xff,
  0x94,0x23,0xff,0x94,0x23,0xff,0x94,0x23,0xff,0x94,0x23,0xff,0x94,0x23,0xff,0x94,0x23,0xff,0x94,0x23,0xff,0x94,0x23,0xff,
  0x94,0x23,0xff,0x94,0x23,0xff,0x94,0x23,0xff,0x94,0x23,0xff,0x94,0x23,0xff,0x94,0x23,0xff,0x94,0x23,0xff,0x94,0x23,0xff,
  0x94,0x23,0xff,0x94,0x23,0xff,0x94,0x23,0xff,0xaf,0x1a,0xff,0xc,0x12,0xff,0xc,0x12,0xff,0xc,0x12,0xff,0xc,0x12,0xff,
  0xc,0x12,0xff,0xb,0x12,0x79,0x0,0x0,0x0,0x0,0x0,0x0,0x0,0x0,0x0,0x0,0x0,0x0,0x0,0x0,0x0,0x0,0x0,0x0,
  0x0,0x0,0x0,0x0,0x0,0x0,0x0,0x0,0x0,0x0,0x0,0x0,0x0,0x0,0x0,0x0,0x0,0x0,0x0,0x0,0x0,0x0,0x0,0x0,
  0x0,0x0,0x0,0x0,0x0,0x0,0x0,0x0,0x0,0x0,0x0,0x0,0x0,0x0,0x0,0x0,0x0,0x0,0x0,0x0,0x0,0x0,0x0,0x0,
  0x0,0x0,0x0,0x0,0x0,0x0,0x0,0x0,0x0,0x0,0x0,0x0,0x0,0x0,0x0,0x0,0x0,0x0,0x0,0x0,0x0,0x0,0x0,0x0,
  0x0,0x0,0x0,0x0,0x0,0x0,0x0,0x0,0x0,0x0,0x0,0x0,0x0,0x0,0x0,0x0,0x0,0x0,0x0,0x0,0x0,0x0,0x0,0x0,
  0x0,0x0,0x0,0x0,0x0,0x0,0x0,0x0,0x0,0x0,0x0,0x0,0x0,0x0,0x0,0x0,0x0,0x0,0x0,0x0,0x0,0x0,0x0,0x0,
  0x0,0x0,0x0,0x0,0x0,0x0,0x0,0x0,0x0,0x0,0x0,0x0,0x0,0x0,0x0,0x0,0x0,0x0,0x0,0x0,0x0,0x0,0x0,0x0,
  0x0,0x0,0x0,0x0,0x0,0x0,0x0,0x0,0x0,0x0,0x0,0x0,0x0,0x0,0x0,0x0,0x0,0x0,0x0,0x0,0x0,0xb,0x12,0xa7,
  0xc,0x12,0xff,0xc,0x12,0xff,0xc,0x12,0xff,0xc,0x12,0xff,0xc,0x12,0xff,0xf0,0x1a,0xff,0x94,0x23,0xff,0x94,0x23,0xff,
  0x94,0x23,0xff,0x94,0x23,0xff,0x94,0x23,0xff,0x94,0x23,0xff,0x94,0x23,0xff,0x94,0x23,0xff,0x94,0x23,0xff,0x94,0x23,0xff,
  0x94,0x23,0xff,0x94,0x23,0xff,0x94,0x23,0xff,0x94,0x23,0xff,0x94,0x23,0xff,0x94,0x23,0xff,0x94,0x23,0xff,0x94,0x23,0xff,
  0x94,0x23,0xff,0x94,0x23,0xff,0x94,0x23,0xff,0x94,0x23,0xff,0x94,0x23,0xff,0x94,0x23,0xff,0x94,0x23,0xff,0x94,0x23,0xff,
  0x94,0x23,0xff,0x94,0x23,0xff,0x94,0x23,0xff,0x94,0x23,0xff,0x94,0x23,0xff,0x94,0x23,0xff,0x94,0x23,0xff,0x94,0x23,0xff,
  0x94,0x23,0xff,0x94,0x23,0xff,0x94,0x23,0xff,0x94,0x23,0xff,0x94,0x23,0xff,0x94,0x23,0xff,0x94,0x23,0xff,0x94,0x23,0xff,
  0x94,0x23,0xff,0x94,0x23,0xff,0x94,0x23,0xff,0x94,0x23,0xff,0x94,0x23,0xff,0x94,0x23,0xff,0x94,0x23,0xff,0x94,0x23,0xff,
  0x94,0x23,0xff,0x94,0x23,0xff,0x94,0x23,0xff,0x94,0x23,0xff,0x94,0x23,0xff,0x94,0x23,0xff,0x94,0x23,0xff,0x94,0x23,0xff,
  0x94,0x23,0xff,0x94,0x23,0xff,0x94,0x23,0xff,0x94,0x23,0xff,0x94,0x23,0xff,0x94,0x23,0xff,0x94,0x23,0xff,0x94,0x23,0xff,
  0x94,0x23,0xff,0x94,0x23,0xff,0xf0,0x1a,0xff,0xc,0x12,0xff,0xc,0x12,0xff,0xc,0x12,0xff,0xc,0x12,0xff,0xc,0x12,0xff,
  0xb,0x12,0xa7,0x0,0x0,0x0,0x0,0x0,0x0,0x0,0x0,0x0,0x0,0x0,0x0,0x0,0x0,0x0,0x0,0x0,0x0,0x0,0x0,0x0,
  0x0,0x0,0x0,0x0,0x0,0x0,0x0,0x0,0x0,0x0,0x0,0x0,0x0,0x0,0x0,0x0,0x0,0x0,0x0,0x0,0x0,0x0,0x0,0x0,
  0x0,0x0,0x0,0x0,0x0,0x0,0x0,0x0,0x0,0x0,0x0,0x0,0x0,0x0,0x0,0x0,0x0,0x0,0x0,0x0,0x0,0x0,0x0,0x0,
  0x0,0x0,0x0,0x0,0x0,0x0,0x0,0x0,0x0,0x0,0x0,0x0,0x0,0x0,0x0,0x0,0x0,0x0,0x0,0x0,0x0,0x0,0x0,0x0,
  0x0,0x0,0x0,0x0,0x0,0x0,0x0,0x0,0x0,0x0,0x0,0x0,0x0,0x0,0x0,0x0,0x0,0x0,0x0,0x0,0x0,0x0,0x0,0x0,
  0x0,0x0,0x0,0x0,0x0,0x0,0x0,0x0,0x0,0x0,0x0,0x0,0x0,0x0,0x0,0x0,0x0,0x0,0x0,0x0,0x0,0x0,0x0,0x0,
  0x0,0x0,0x0,0x0,0x0,0x0,0x0,0x0,0x0,0x0,0x0,0x0,0x0,0x0,0x0,0x0,0x0,0x0,0x0,0x0,0x0,0x0,0x0,0x0,
  0x0,0x0,0x0,0x0,0x0,0x0,0x0,0x0,0x0,0x0,0x0,0x0,0x0,0x0,0x0,0x0,0x0,0x0,0x0,0x0,0x0,0xca,0x1,0x9,
  0xc,0x12,0xcc,0xc,0x12,0xff,0xc,0x12,0xff,0xc,0x12,0xff,0xc,0x12,0xff,0xc,0x12,0xff,0x32,0x23,0xff,0x94,0x23,0xff,
  0x94,0x23,0xff,0x94,0x23,0xff,0x94,0x23,0xff,0x94,0x23,0xff,0x94,0x23,0xff,0x94,0x23,0xff,0x94,0x23,0xff,0x94,0x23,0xff,
  0x94,0x23,0xff,0x94,0x23,0xff,0x94,0x23,0xff,0x94,0x23,0xff,0x94,0x23,0xff,0x94,0x23,0xff,0x94,0x23,0xff,0x94,0x23,0xff,
  0x94,0x23,0xff,0x94,0x23,0xff,0x94,0x23,0xff,0x94,0x23,0xff,0x94,0x23,0xff,0x94,0x23,0xff,0x94,0x23,0xff,0x94,0x23,0xff,
  0x94,0x23,0xff,0x94,0x23,0xff,0x94,0x23,0xff,0x94,0x23,0xff,0x94,0x23,0xff,0x94,0x23,0xff,0x94,0x23,0xff,0x94,0x23,0xff,
  0x94,0x23,0xff,0x94,0x23,0xff,0x94,0x23,0xff,0x94,0x23,0xff,0x94,0x23,0xff,0x94,0x23,0xff,0x94,0x23,0xff,0x94,0x23,0xff,
  0x94,0x23,0xff,0x94,0x23,0xff,0x94,0x23,0xff,0x94,0x23,0xff,0x94,0x23,0xff,0x94,0x23,0xff,0x94,0x23,0xff,0x94,0x23,0xff,
  0x94,0x23,0xff,0x94,0x23,0xff,0x94,0x23,0xff,0x94,0x23,0xff,0x94,0x23,0xff,0x94,0x23,0xff,0x94,0x23,0xff,0x94,0x23,0xff,
  0x94,0x23,0xff,0x94,0x23,0xff,0x94,0x23,0xff,0x94,0x23,0xff,0x94,0x23,0xff,0x94,0x23,0xff,0x94,0x23,0xff,0x94,0x23,0xff,
  0x94,0x23,0xff,0x32,0x23,0xff,0xc,0x12,0xff,0xc,0x12,0xff,0xc,0x12,0xff,0xc,0x12,0xff,0xc,0x12,0xff,0xc,0x12,0xcc,
  0xca,0x1,0x9,0x0,0x0,0x0,0x0,0x0,0x0,0x0,0x0,0x0,0x0,0x0,0x0,0x0,0x0,0x0,0x0,0x0,0x0,0x0,0x0,0x0,
  0x0,0x0,0x0,0x0,0x0,0x0,0x0,0x0,0x0,0x0,0x0,0x0,0x0,0x0,0x0,0x0,0x0,0x0,0x0,0x0,0x0,0x0,0x0,0x0,
  0x0,0x0,0x0,0x0,0x0,0x0,0x0,0x0,0x0,0x0,0x0,0x0,0x0,0x0,0x0,0x0,0x0,0x0,0x0,0x0,0x0,0x0,0x0,0x0,
  0x0,0x0,0x0,0x0,0x0,0x0,0x0,0x0,0x0,0x0,0x0,0x0,0x0,0x0,0x0,0x0,0x0,0x0,0x0,0x0,0x0,0x0,0x0,0x0,
  0x0,0x0,0x0,0x0,0x0,0x0,0x0,0x0,0x0,0x0,0x0,0x0,0x0,0x0,0x0,0x0,0x0,0x0,0x0,0x0,0x0,0x0,0x0,0x0,
  0x0,0x0,0x0,0x0,0x0,0x0,0x0,0x0,0x0,0x0,0x0,0x0,0x0,0x0,0x0,0x0,0x0,0x0,0x0,0x0,0x0,0x0,0x0,0x0,
  0x0,0x0,0x0,0x0,0x0,0x0,0x0,0x0,0x0,0x0,0x0,0x0,0x0,0x0,0x0,0x0,0x0,0x0,0x0,0x0,0x0,0x0,0x0,0x0,
  0x0,0x0,0x0,0x0,0x0,0x0,0x0,0x0,0x0,0x0,0x0,0x0,0x0,0x0,0x0,0x0,0x0,0x0,0x0,0x0,0x0,0x0,0x0,0x0,
  0xec,0x11,0x1d,0xc,0x12,0xe7,0xc,0x12,0xff,0xc,0x12,0xff,0xc,0x12,0xff,0xc,0x12,0xff,0x2c,0x12,0xff,0x53,0x23,0xff,
  0x94,0x23,0xff,0x94,0x23,0xff,0x94,0x23,0xff,0x94,0x23,0xff,0x94,0x23,0xff,0x94,0x23,0xff,0x94,0x23,0xff,0x94,0x23,0xff,
  0x94,0x23,0xff,0x94,0x23,0xff,0x94,0x23,0xff,0x94,0x23,0xff,0x94,0x23,0xff,0x94,0x23,0xff,0x94,0x23,0xff,0x94,0x23,0xff,
  0x94,0x23,0xff,0x94,0x23,0xff,0x94,0x23,0xff,0x94,0x23,0xff,0x94,0x23,0xff,0x94,0x23,0xff,0x94,0x23,0xff,0x94,0x23,0xff,
  0x94,0x23,0xff,0x94,0x23,0xff,0x94,0x23,0xff,0x94,0x23,0xff,0x94,0x23,0xff,0x94,0x23,0xff,0x94,0x23,0xff,0x94,0x23,0xff,
  0x94,0x23,0xff,0x94,0x23,0xff,0x94,0x23,0xff,0x94,0x23,0xff,0x94,0x23,0xff,0x94,0x23,0xff,0x94,0x23,0xff,0x94,0x23,0xff,
  0x94,0x23,0xff,0x94,0x23,0xff,0x94,0x23,0xff,0x94,0x23,0xff,0x94,0x23,0xff,0x94,0x23,0xff,0x94,0x23,0xff,0x94,0x23,0xff,
  0x94,0x23,0xff,0x94,0x23,0xff,0x94,0x23,0xff,0x94,0x23,0xff,0x94,0x23,0xff,0x94,0x23,0xff,0x94,0x23,0xff,0x94,0x23,0xff,
  0x94,0x23,0xff,0x94,0x23,0xff,0x94,0x23,0xff,0x94,0x23,0xff,0x94,0x23,0xff,0x94,0x23,0xff,0x94,0x23,0xff,0x94,0x23,0xff,
  0x53,0x23,0xff,0x2c,0x12,0xff,0xc,0x12,0xff,0xc,0x12,0xff,0xc,0x12,0xff,0xc,0x12,0xff,0xc,0x12,0xe7,0xeb,0x11,0x1d,
  0x0,0x0,0x0,0x0,0x0,0x0,0x0,0x0,0x0,0x0,0x0,0x0,0x0,0x0,0x0,0x0,0x0,0x0,0x0,0x0,0x0,0x0,0x0,0x0,
  0x0,0x0,0x0,0x0,0x0,0x0,0x0,0x0,0x0,0x0,0x0,0x0,0x0,0x0,0x0,0x0,0x0,0x0,0x0,0x0,0x0,0x0,0x0,0x0,
  0x0,0x0,0x0,0x0,0x0,0x0,0x0,0x0,0x0,0x0,0x0,0x0,0x0,0x0,0x0,0x0,0x0,0x0,0x0,0x0,0x0,0x0,0x0,0x0,
  0x0,0x0,0x0,0x0,0x0,0x0,0x0,0x0,0x0,0x0,0x0,0x0,0x0,0x0,0x0,0x0,0x0,0x0,0x0,0x0,0x0,0x0,0x0,0x0,
  0x0,0x0,0x0,0x0,0x0,0x0,0x0,0x0,0x0,0x0,0x0,0x0,0x0,0x0,0x0,0x0,0x0,0x0,0x0,0x0,0x0,0x0,0x0,0x0,
  0x0,0x0,0x0,0x0,0x0,0x0,0x0,0x0,0x0,0x0,0x0,0x0,0x0,0x0,0x0,0x0,0x0,0x0,0x0,0x0,0x0,0x0,0x0,0x0,
  0x0,0x0,0x0,0x0,0x0,0x0,0x0,0x0,0x0,0x0,0x0,0x0,0x0,0x0,0x0,0x0,0x0,0x0,0x0,0x0,0x0,0x0,0x0,0x0,
  0x0,0x0,0x0,0x0,0x0,0x0,0x0,0x0,0x0,0x0,0x0,0x0,0x0,0x0,0x0,0x0,0x0,0x0,0x0,0x0,0x0,0x0,0x0,0x0,
  0x0,0x0,0x0,0xc,0x12,0x3a,0xc,0x12,0xf8,0xc,0x12,0xff,0xc,0x12,0xff,0xc,0x12,0xff,0xc,0x12,0xff,0x4d,0x12,0xff,
  0x74,0x23,0xff,0x94,0x23,0xff,0x94,0x23,0xff,0x94,0x23,0xff,0x94,0x23,0xff,0x94,0x23,0xff,0x94,0x23,0xff,0x94,0x23,0xff,
  0x94,0x23,0xff,0x94,0x23,0xff,0x94,0x23,0xff,0x94,0x23,0xff,0x94,0x23,0xff,0x94,0x23,0xff,0x94,0x23,0xff,0x94,0x23,0xff,
  0x94,0x23,0xff,0x94,0x23,0xff,0x94,0x23,0xff,0x94,0x23,0xff,0x94,0x23,0xff,0x94,0x23,0xff,0x94,0x23,0xff,0x94,0x23,0xff,
  0x94,0x23,0xff,0x94,0x23,0xff,0x94,0x23,0xff,0x94,0x23,0xff,0x94,0x23,0xff,0x94,0x23,0xff,0x94,0x23,0xff,0x94,0x23,0xff,
  0x94,0x23,0xff,0x94,0x23,0xff,0x94,0x23,0xff,0x94,0x23,0xff,0x94,0x23,0xff,0x94,0x23,0xff,0x94,0x23,0xff,0x94,0x23,0xff,
  0x94,0x23,0xff,0x94,0x23,0xff,0x94,0x23,0xff,0x94,0x23,0xff,0x94,0x23,0xff,0x94,0x23,0xff,0x94,0x23,0xff,0x94,0x23,0xff,
  0x94,0x23,0xff,0x94,0x23,0xff,0x94,0x23,0xff,0x94,0x23,0xff,0x94,0x23,0xff,0x94,0x23,0xff,0x94,0x23,0xff,0x94,0x23,0xff,
  0x94,0x23,0xff,0x94,0x23,0xff,0x94,0x23,0xff,0x94,0x23,0xff,0x94,0x23,0xff,0x94,0x23,0xff,0x94,0x23,0xff,0x73,0x23,0xff,
  0x4d,0x12,0xff,0xc,0x12,0xff,0xc,0x12,0xff,0xc,0x12,0xff,0xc,0x12,0xff,0xc,0x12,0xf8,0xc,0x12,0x3a,0x0,0x0,0x0,
  0x0,0x0,0x0,0x0,0x0,0x0,0x0,0x0,0x0,0x0,0x0,0x0,0x0,0x0,0x0,0x0,0x0,0x0,0x0,0x0,0x0,0x0,0x0,0x0,
  0x0,0x0,0x0,0x0,0x0,0x0,0x0,0x0,0x0,0x0,0x0,0x0,0x0,0x0,0x0,0x0,0x0,0x0,0x0,0x0,0x0,0x0,0x0,0x0,
  0x0,0x0,0x0,0x0,0x0,0x0,0x0,0x0,0x0,0x0,0x0,0x0,0x0,0x0,0x0,0x0,0x0,0x0,0x0,0x0,0x0,0x0,0x0,0x0,
  0x0,0x0,0x0,0x0,0x0,0x0,0x0,0x0,0x0,0x0,0x0,0x0,0x0,0x0,0x0,0x0,0x0,0x0,0x0,0x0,0x0,0x0,0x0,0x0,
  0x0,0x0,0x0,0x0,0x0,0x0,0x0,0x0,0x0,0x0,0x0,0x0,0x0,0x0,0x0,0x0,0x0,0x0,0x0,0x0,0x0,0x0,0x0,0x0,
  0x0,0x0,0x0,0x0,0x0,0x0,0x0,0x0,0x0,0x0,0x0,0x0,0x0,0x0,0x0,0x0,0x0,0x0,0x0,0x0,0x0,0x0,0x0,0x0,
  0x0,0x0,0x0,0x0,0x0,0x0,0x0,0x0,0x0,0x0,0x0,0x0,0x0,0x0,0x0,0x0,0x0,0x0,0x0,0x0,0x0,0x0,0x0,0x0,
  0x0,0x0,0x0,0x0,0x0,0x0,0x0,0x0,0x0,0x0,0x0,0x0,0x0,0x0,0x0,0x0,0x0,0x0,0x0,0x0,0x0,0x0,0x0,0x0,
  0x0,0x0,0x0,0x0,0x0,0x0,0xc,0x12,0x62,0xc,0x12,0xff,0xc,0x12,0xff,0xc,0x12,0xff,0xc,0x12,0xff,0xc,0x12,0xff,
  0x8e,0x1a,0xff,0x94,0x23,0xff,0x94,0x23,0xff,0x94,0x23,0xff,0x94,0x23,0xff,0x94,0x23,0xff,0x94,0x23,0xff,0x94,0x23,0xff,
  0x94,0x23,0xff,0x94,0x23,0xff,0x94,0x23,0xff,0x94,0x23,0xff,0x94,0x23,0xff,0x94,0x23,0xff,0x94,0x23,0xff,0x94,0x23,0xff,
  0x94,0x23,0xff,0x94,0x23,0xff,0x94,0x23,0xff,0x94,0x23,0xff,0x94,0x23,0xff,0x94,0x23,0xff,0x94,0x23,0xff,0x94,0x23,0xff,
  0x94,0x23,0xff,0x94,0x23,0xff,0x94,0x23,0xff,0x94,0x23,0xff,0x94,0x23,0xff,0x94,0x23,0xff,0x94,0x23,0xff,0x94,0x23,0xff,
  0x94,0x23,0xff,0x94,0x23,0xff,0x94,0x23,0xff,0x94,0x23,0xff,0x94,0x23,0xff,0x94,0x23,0xff,0x94,0x23,0xff,0x94,0x23,0xff,
  0x94,0x23,0xff,0x94,0x23,0xff,0x94,0x23,0xff,0x94,0x23,0xff,0x94,0x23,0xff,0x94,0x23,0xff,0x94,0x23,0xff,0x94,0x23,0xff,
  0x94,0x23,0xff,0x94,0x23,0xff,0x94,0x23,0xff,0x94,0x23,0xff,0x94,0x23,0xff,0x94,0x23,0xff,0x94,0x23,0xff,0x94,0x23,0xff,
  0x94,0x23,0xff,0x94,0x23,0xff,0x94,0x23,0xff,0x94,0x23,0xff,0x94,0x23,0xff,0x94,0x23,0xff,0x94,0x23,0xff,0x8e,0x1a,0xff,
  0xc,0x12,0xff,0xc,0x12,0xff,0xc,0x12,0xff,0xc,0x12,0xff,0xc,0x12,0xff,0xc,0x12,0x62,0x0,0x0,0x0,0x0,0x0,0x0,
  0x0,0x0,0x0,0x0,0x0,0x0,0x0,0x0,0x0,0x0,0x0,0x0,0x0,0x0,0x0,0x0,0x0,0x0,0x0,0x0,0x0,0x0,0x0,0x0,
  0x0,0x0,0x0,0x0,0x0,0x0,0x0,0x0,0x0,0x0,0x0,0x0,0x0,0x0,0x0,0x0,0x0,0x0,0x0,0x0,0x0,0x0,0x0,0x0,
  0x0,0x0,0x0,0x0,0x0,0x0,0x0,0x0,0x0,0x0,0x0,0x0,0x0,0x0,0x0,0x0,0x0,0x0,0x0,0x0,0x0,0x0,0x0,0x0,
  0x0,0x0,0x0,0x0,0x0,0x0,0x0,0x0,0x0,0x0,0x0,0x0,0x0,0x0,0x0,0x0,0x0,0x0,0x0,0x0,0x0,0x0,0x0,0x0,
  0x0,0x0,0x0,0x0,0x0,0x0,0x0,0x0,0x0,0x0,0x0,0x0,0x0,0x0,0x0,0x0,0x0,0x0,0x0,0x0,0x0,0x0,0x0,0x0,
  0x0,0x0,0x0,0x0,0x0,0x0,0x0,0x0,0x0,0x0,0x0,0x0,0x0,0x0,0x0,0x0,0x0,0x0,0x0,0x0,0x0,0x0,0x0,0x0,
  0x0,0x0,0x0,0x0,0x0,0x0,0x0,0x0,0x0,0x0,0x0,0x0,0x0,0x0,0x0,0x0,0x0,0x0,0x0,0x0,0x0,0x0,0x0,0x0,
  0x0,0x0,0x0,0x0,0x0,0x0,0x0,0x0,0x0,0x0,0x0,0x0,0x0,0x0,0x0,0x0,0x0,0x0,0x0,0x0,0x0,0x0,0x0,0x0,
  0x0,0x0,0x0,0x0,0x0,0x0,0x0,0x0,0x0,0xc,0x12,0x90,0xc,0x12,0xff,0xc,0x12,0xff,0xc,0x12,0xff,0xc,0x12,0xff,
  0xc,0x12,0xff,0xd0,0x1a,0xff,0x94,0x23,0xff,0x94,0x23,0xff,0x94,0x23,0xff,0x94,0x23,0xff,0x94,0x23,0xff,0x94,0x23,0xff,
  0x94,0x23,0xff,0x94,0x23,0xff,0x94,0x23,0xff,0x94,0x23,0xff,0x94,0x23,0xff,0x94,0x23,0xff,0x94,0x23,0xff,0x94,0x23,0xff,
  0x94,0x23,0xff,0x94,0x23,0xff,0x94,0x23,0xff,0x94,0x23,0xff,0x94,0x23,0xff,0x94,0x23,0xff,0x94,0x23,0xff,0x94,0x23,0xff,
  0x94,0x23,0xff,0x94,0x23,0xff,0x94,0x23,0xff,0x94,0x23,0xff,0x94,0x23,0xff,0x94,0x23,0xff,0x94,0x23,0xff,0x94,0x23,0xff,
  0x94,0x23,0xff,0x94,0x23,0xff,0x94,0x23,0xff,0x94,0x23,0xff,0x94,0x23,0xff,0x94,0x23,0xff,0x94,0x23,0xff,0x94,0x23,0xff,
  0x94,0x23,0xff,0x94,0x23,0xff,0x94,0x23,0xff,0x94,0x23,0xff,0x94,0x23,0xff,0x94,0x23,0xff,0x94,0x23,0xff,0x94,0x23,0xff,
  0x94,0x23,0xff,0x94,0x23,0xff,0x94,0x23,0xff,0x94,0x23,0xff,0x94,0x23,0xff,0x94,0x23,0xff,0x94,0x23,0xff,0x94,0x23,0xff,
  0x94,0x23,0xff,0x94,0x23,0xff,0x94,0x23,0xff,0x94,0x23,0xff,0x94,0x23,0xff,0x94,0x23,0xff,0xd0,0x1a,0xff,0xc,0x12,0xff,
  0xc,0x12,0xff,0xc,0x12,0xff,0xc,0x12,0xff,0xc,0x12,0xff,0xc,0x12,0x90,0x0,0x0,0x0,0x0,0x0,0x0,0x0,0x0,0x0,
  0x0,0x0,0x0,0x0,0x0,0x0,0x0,0x0,0x0,0x0,0x0,0x0,0x0,0x0,0x0,0x0,0x0,0x0,0x0,0x0,0x0,0x0,0x0,0x0,
  0x0,0x0,0x0,0x0,0x0,0x0,0x0,0x0,0x0,0x0,0x0,0x0,0x0,0x0,0x0,0x0,0x0,0x0,0x0,0x0,0x0,0x0,0x0,0x0,
  0x0,0x0,0x0,0x0,0x0,0x0,0x0,0x0,0x0,0x0,0x0,0x0,0x0,0x0,0x0,0x0,0x0,0x0,0x0,0x0,0x0,0x0,0x0,0x0,
  0x0,0x0,0x0,0x0,0x0,0x0,0x0,0x0,0x0,0x0,0x0,0x0,0x0,0x0,0x0,0x0,0x0,0x0,0x0,0x0,0x0,0x0,0x0,0x0,
  0x0,0x0,0x0,0x0,0x0,0x0,0x0,0x0,0x0,0x0,0x0,0x0,0x0,0x0,0x0,0x0,0x0,0x0,0x0,0x0,0x0,0x0,0x0,0x0,
  0x0,0x0,0x0,0x0,0x0,0x0,0x0,0x0,0x0,0x0,0x0,0x0,0x0,0x0,0x0,0x0,0x0,0x0,0x0,0x0,0x0,0x0,0x0,0x0,
  0x0,0x0,0x0,0x0,0x0,0x0,0x0,0x0,0x0,0x0,0x0,0x0,0x0,0x0,0x0,0x0,0x0,0x0,0x0,0x0,0x0,0x0,0x0,0x0,
  0x0,0x0,0x0,0x0,0x0,0x0,0x0,0x0,0x0,0x0,0x0,0x0,0x0,0x0,0x0,0x0,0x0,0x0,0x0,0x0,0x0,0x0,0x0,0x0,
  0x0,0x0,0x0,0x0,0x0,0x0,0x0,0x0,0x0,0xaa,0x2,0x3,0xb,0x12,0xbb,0xc,0x12,0xff,0xc,0x12,0xff,0xc,0x12,0xff,
  0xc,0x12,0xff,0xc,0x12,0xff,0x11,0x1b,0xff,0x94,0x23,0xff,0x94,0x23,0xff,0x94,0x23,0xff,0x94,0x23,0xff,0x94,0x23,0xff,
  0x94,0x23,0xff,0x94,0x23,0xff,0x94,0x23,0xff,0x94,0x23,0xff,0x94,0x23,0xff,0x94,0x23,0xff,0x94,0x23,0xff,0x94,0x23,0xff,
  0x94,0x23,0xff,0x94,0x23,0xff,0x94,0x23,0xff,0x94,0x23,0xff,0x94,0x23,0xff,0x94,0x23,0xff,0x94,0x23,0xff,0x94,0x23,0xff,
  0x94,0x23,0xff,0x94,0x23,0xff,0x94,0x23,0xff,0x94,0x23,0xff,0x94,0x23,0xff,0x94,0x23,0xff,0x94,0x23,0xff,0x94,0x23,0xff,
  0x94,0x23,0xff,0x94,0x23,0xff,0x94,0x23,0xff,0x94,0x23,0xff,0x94,0x23,0xff,0x94,0x23,0xff,0x94,0x23,0xff,0x94,0x23,0xff,
  0x94,0x23,0xff,0x94,0x23,0xff,0x94,0x23,0xff,0x94,0x23,0xff,0x94,0x23,0xff,0x94,0x23,0xff,0x94,0x23,0xff,0x94,0x23,0xff,
  0x94,0x23,0xff,0x94,0x23,0xff,0x94,0x23,0xff,0x94,0x23,0xff,0x94,0x23,0xff,0x94,0x23,0xff,0x94,0x23,0xff,0x94,0x23,0xff,
  0x94,0x23,0xff,0x94,0x23,0xff,0x94,0x23,0xff,0x94,0x23,0xff,0x94,0x23,0xff,0x11,0x1b,0xff,0xc,0x12,0xff,0xc,0x12,0xff,
  0xc,0x12,0xff,0xc,0x12,0xff,0xc,0x12,0xff,0xb,0x12,0xbb,0xaa,0x2,0x3,0x0,0x0,0x0,0x0,0x0,0x0,0x0,0x0,0x0,
  0x0,0x0,0x0,0x0,0x0,0x0,0x0,0x0,0x0,0x0,0x0,0x0,0x0,0x0,0x0,0x0,0x0,0x0,0x0,0x0,0x0,0x0,0x0,0x0,
  0x0,0x0,0x0,0x0,0x0,0x0,0x0,0x0,0x0,0x0,0x0,0x0,0x0,0x0,0x0,0x0,0x0,0x0,0x0,0x0,0x0,0x0,0x0,0x0,
  0x0,0x0,0x0,0x0,0x0,0x0,0x0,0x0,0x0,0x0,0x0,0x0,0x0,0x0,0x0,0x0,0x0,0x0,0x0,0x0,0x0,0x0,0x0,0x0,
  0x0,0x0,0x0,0x0,0x0,0x0,0x0,0x0,0x0,0x0,0x0,0x0,0x0,0x0,0x0,0x0,0x0,0x0,0x0,0x0,0x0,0x0,0x0,0x0,
  0x0,0x0,0x0,0x0,0x0,0x0,0x0,0x0,0x0,0x0,0x0,0x0,0x0,0x0,0x0,0x0,0x0,0x0,0x0,0x0,0x0,0x0,0x0,0x0,
  0x0,0x0,0x0,0x0,0x0,0x0,0x0,0x0,0x0,0x0,0x0,0x0,0x0,0x0,0x0,0x0,0x0,0x0,0x0,0x0,0x0,0x0,0x0,0x0,
  0x0,0x0,0x0,0x0,0x0,0x0,0x0,0x0,0x0,0x0,0x0,0x0,0x0,0x0,0x0,0x0,0x0,0x0,0x0,0x0,0x0,0x0,0x0,0x0,
  0x0,0x0,0x0,0x0,0x0,0x0,0x0,0x0,0x0,0x0,0x0,0x0,0x0,0x0,0x0,0x0,0x0,0x0,0x0,0x0,0x0,0x0,0x0,0x0,
  0x0,0x0,0x0,0x0,0x0,0x0,0x0,0x0,0x0,0x0,0x0,0x0,0xca,0x9,0x12,0xb,0x12,0xdb,0xc,0x12,0xff,0xc,0x12,0xff,
  0xc,0x12,0xff,0xc,0x12,0xff,0x2c,0x12,0xff,0x52,0x23,0xff,0x94,0x23,0xff,0x94,0x23,0xff,0x94,0x23,0xff,0x94,0x23,0xff,
  0x94,0x23,0xff,0x94,0x23,0xff,0x94,0x23,0xff,0x94,0x23,0xff,0x94,0x23,0xff,0x94,0x23,0xff,0x94,0x23,0xff,0x94,0x23,0xff,
  0x94,0x23,0xff,0x94,0x23,0xff,0x94,0x23,0xff,0x94,0x23,0xff,0x94,0x23,0xff,0x94,0x23,0xff,0x94,0x23,0xff,0x94,0x23,0xff,
  0x94,0x23,0xff,0x94,0x23,0xff,0x94,0x23,0xff,0x94,0x23,0xff,0x94,0x23,0xff,0x94,0x23,0xff,0x94,0x23,0xff,0x94,0x23,0xff,
  0x94,0x23,0xff,0x94,0x23,0xff,0x94,0x23,0xff,0x94,0x23,0xff,0x94,0x23,0xff,0x94,0x23,0xff,0x94,0x23,0xff,0x94,0x23,0xff,
  0x94,0x23,0xff,0x94,0x23,0xff,0x94,0x23,0xff,0x94,0x23,0xff,0x94,0x23,0xff,0x94,0x23,0xff,0x94,0x23,0xff,0x94,0x23,0xff,
  0x94,0x23,0xff,0x94,0x23,0xff,0x94,0x23,0xff,0x94,0x23,0xff,0x94,0x23,0xff,0x94,0x23,0xff,0x94,0x23,0xff,0x94,0x23,0xff,
  0x94,0x23,0xff,0x94,0x23,0xff,0x94,0x23,0xff,0x94,0x23,0xff,0x52,0x23,0xff,0x2c,0x12,0xff,0xc,0x12,0xff,0xc,0x12,0xff,
  0xc,0x12,0xff,0xc,0x12,0xff,0xb,0x12,0xdb,0xca,0x9,0x12,0x0,0x0,0x0,0x0,0x0,0x0,0x0,0x0,0x0,0x0,0x0,0x0,
  0x0,0x0,0x0,0x0,0x0,0x0,0x0,0x0,0x0,0x0,0x0,0x0,0x0,0x0,0x0,0x0,0x0,0x0,0x0,0x0,0x0,0x0,0x0,0x0,
  0x0,0x0,0x0,0x0,0x0,0x0,0x0,0x0,0x0,0x0,0x0,0x0,0x0,0x0,0x0,0x0,0x0,0x0,0x0,0x0,0x0,0x0,0x0,0x0,
  0x0,0x0,0x0,0x0,0x0,0x0,0x0,0x0,0x0,0x0,0x0,0x0,0x0,0x0,0x0,0x0,0x0,0x0,0x0,0x0,0x0,0x0,0x0,0x0,
  0x0,0x0,0x0,0x0,0x0,0x0,0x0,0x0,0x0,0x0,0x0,0x0,0x0,0x0,0x0,0x0,0x0,0x0,0x0,0x0,0x0,0x0,0x0,0x0,
  0x0,0x0,0x0,0x0,0x0,0x0,0x0,0x0,0x0,0x0,0x0,0x0,0x0,0x0,0x0,0x0,0x0,0x0,0x0,0x0,0x0,0x0,0x0,0x0,
  0x0,0x0,0x0,0x0,0x0,0x0,0x0,0x0,0x0,0x0,0x0,0x0,0x0,0x0,0x0,0x0,0x0,0x0,0x0,0x0,0x0,0x0,0x0,0x0,
  0x0,0x0,0x0,0x0,0x0,0x0,0x0,0x0,0x0,0x0,0x0,0x0,0x0,0x0,0x0,0x0,0x0,0x0,0x0,0x0,0x0,0x0,0x0,0x0,
  0x0,0x0,0x0,0x0,0x0,0x0,0x0,0x0,0x0,0x0,0x0,0x0,0x0,0x0,0x0,0x0,0x0,0x0,0x0,0x0,0x0,0x0,0x0,0x0,
  0x0,0x0,0x0,0x0,0x0,0x0,0x0,0x0,0x0,0x0,0x0,0x0,0x0,0x0,0x0,0xc,0x12,0x2a,0xb,0x12,0xf1,0xc,0x12,0xff,
  0xc,0x12,0xff,0xc,0x12,0xff,0xc,0x12,0xff,0x4d,0x12,0xff,0x73,0x23,0xff,0x94,0x23,0xff,0x94,0x23,0xff,0x94,0x23,0xff,
  0x94,0x23,0xff,0x94,0x23,0xff,0x94,0x23,0xff,0x94,0x23,0xff,0x94,0x23,0xff,0x94,0x23,0xff,0x94,0x23,0xff,0x94,0x23,0xff,
  0x94,0x23,0xff,0x94,0x23,0xff,0x94,0x23,0xff,0x94,0x23,0xff,0x94,0x23,0xff,0x94,0x23,0xff,0x94,0x23,0xff,0x94,0x23,0xff,
  0x94,0x23,0xff,0x94,0x23,0xff,0x94,0x23,0xff,0x94,0x23,0xff,0x94,0x23,0xff,0x94,0x23,0xff,0x94,0x23,0xff,0x94,0x23,0xff,
  0x94,0x23,0xff,0x94,0x23,0xff,0x94,0x23,0xff,0x94,0x23,0xff,0x94,0x23,0xff,0x94,0x23,0xff,0x94,0x23,0xff,0x94,0x23,0xff,
  0x94,0x23,0xff,0x94,0x23,0xff,0x94,0x23,0xff,0x94,0x23,0xff,0x94,0x23,0xff,0x94,0x23,0xff,0x94,0x23,0xff,0x94,0x23,0xff,
  0x94,0x23,0xff,0x94,0x23,0xff,0x94,0x23,0xff,0x94,0x23,0xff,0x94,0x23,0xff,0x94,0x23,0xff,0x94,0x23,0xff,0x94,0x23,0xff,
  0x94,0x23,0xff,0x94,0x23,0xff,0x94,0x23,0xff,0x73,0x23,0xff,0x4d,0x12,0xff,0xc,0x12,0xff,0xc,0x12,0xff,0xc,0x12,0xff,
  0xc,0x12,0xff,0xb,0x12,0xf1,0xc,0x12,0x2a,0x0,0x0,0x0,0x0,0x0,0x0,0x0,0x0,0x0,0x0,0x0,0x0,0x0,0x0,0x0,
  0x0,0x0,0x0,0x0,0x0,0x0,0x0,0x0,0x0,0x0,0x0,0x0,0x0,0x0,0x0,0x0,0x0,0x0,0x0,0x0,0x0,0x0,0x0,0x0,
  0x0,0x0,0x0,0x0,0x0,0x0,0x0,0x0,0x0,0x0,0x0,0x0,0x0,0x0,0x0,0x0,0x0,0x0,0x0,0x0,0x0,0x0,0x0,0x0,
  0x0,0x0,0x0,0x0,0x0,0x0,0x0,0x0,0x0,0x0,0x0,0x0,0x0,0x0,0x0,0x0,0x0,0x0,0x0,0x0,0x0,0x0,0x0,0x0,
  0x0,0x0,0x0,0x0,0x0,0x0,0x0,0x0,0x0,0x0,0x0,0x0,0x0,0x0,0x0,0x0,0x0,0x0,0x0,0x0,0x0,0x0,0x0,0x0,
  0x0,0x0,0x0,0x0,0x0,0x0,0x0,0x0,0x0,0x0,0x0,0x0,0x0,0x0,0x0,0x0,0x0,0x0,0x0,0x0,0x0,0x0,0x0,0x0,
  0x0,0x0,0x0,0x0,0x0,0x0,0x0,0x0,0x0,0x0,0x0,0x0,0x0,0x0,0x0,0x0,0x0,0x0,0x0,0x0,0x0,0x0,0x0,0x0,
  0x0,0x0,0x0,0x0,0x0,0x0,0x0,0x0,0x0,0x0,0x0,0x0,0x0,0x0,0x0,0x0,0x0,0x0,0x0,0x0,0x0,0x0,0x0,0x0,
  0x0,0x0,0x0,0x0,0x0,0x0,0x0,0x0,0x0,0x0,0x0,0x0,0x0,0x0,0x0,0x0,0x0,0x0,0x0,0x0,0x0,0x0,0x0,0x0,
  0x0,0x0,0x0,0x0,0x0,0x0,0x0,0x0,0x0,0x0,0x0,0x0,0x0,0x0,0x0,0x0,0x0,0x0,0xc,0x12,0x4d,0xc,0x12,0xfd,
  0xc,0x12,0xff,0xc,0x12,0xff,0xc,0x12,0xff,0xc,0x12,0xff,0x6e,0x1a,0xff,0x94,0x23,0xff,0x94,0x23,0xff,0x94,0x23,0xff,
  0x94,0x23,0xff,0x94,0x23,0xff,0x94,0x23,0xff,0x94,0x23,0xff,0x94,0x23,0xff,0x94,0x23,0xff,0x94,0x23,0xff,0x94,0x23,0xff,
  0x94,0x23,0xff,0x94,0x23,0xff,0x94,0x23,0xff,0x94,0x23,0xff,0x94,0x23,0xff,0x94,0x23,0xff,0x94,0x23,0xff,0x94,0x23,0xff,
  0x94,0x23,0xff,0x94,0x23,0xff,0x94,0x23,0xff,0x94,0x23,0xff,0x94,0x23,0xff,0x94,0x23,0xff,0x94,0x23,0xff,0x94,0x23,0xff,
  0x94,0x23,0xff,0x94,0x23,0xff,0x94,0x23,0xff,0x94,0x23,0xff,0x94,0x23,0xff,0x94,0x23,0xff,0x94,0x23,0xff,0x94,0x23,0xff,
  0x94,0x23,0xff,0x94,0x23,0xff,0x94,0x23,0xff,0x94,0x23,0xff,0x94,0x23,0xff,0x94,0x23,0xff,0x94,0x23,0xff,0x94,0x23,0xff,
  0x94,0x23,0xff,0x94,0x23,0xff,0x94,0x23,0xff,0x94,0x23,0xff,0x94,0x23,0xff,0x94,0x23,0xff,0x94,0x23,0xff,0x94,0x23,0xff,
  0x94,0x23,0xff,0x94,0x23,0xff,0x94,0x23,0xff,0x6e,0x1a,0xff,0xc,0x12,0xff,0xc,0x12,0xff,0xc,0x12,0xff,0xc,0x12,0xff,
  0xc,0x12,0xfd,0xc,0x12,0x4d,0x0,0x0,0x0,0x0,0x0,0x0,0x0,0x0,0x0,0x0,0x0,0x0,0x0,0x0,0x0,0x0,0x0,0x0,
  0x0,0x0,0x0,0x0,0x0,0x0,0x0,0x0,0x0,0x0,0x0,0x0,0x0,0x0,0x0,0x0,0x0,0x0,0x0,0x0,0x0,0x0,0x0,0x0,
  0x0,0x0,0x0,0x0,0x0,0x0,0x0,0x0,0x0,0x0,0x0,0x0,0x0,0x0,0x0,0x0,0x0,0x0,0x0,0x0,0x0,0x0,0x0,0x0,
  0x0,0x0,0x0,0x0,0x0,0x0,0x0,0x0,0x0,0x0,0x0,0x0,0x0,0x0,0x0,0x0,0x0,0x0,0x0,0x0,0x0,0x0,0x0,0x0,
  0x0,0x0,0x0,0x0,0x0,0x0,0x0,0x0,0x0,0x0,0x0,0x0,0x0,0x0,0x0,0x0,0x0,0x0,0x0,0x0,0x0,0x0,0x0,0x0,
  0x0,0x0,0x0,0x0,0x0,0x0,0x0,0x0,0x0,0x0,0x0,0x0,0x0,0x0,0x0,0x0,0x0,0x0,0x0,0x0,0x0,0x0,0x0,0x0,
  0x0,0x0,0x0,0x0,0x0,0x0,0x0,0x0,0x0,0x0,0x0,0x0,0x0,0x0,0x0,0x0,0x0,0x0,0x0,0x0,0x0,0x0,0x0,0x0,
  0x0,0x0,0x0,0x0,0x0,0x0,0x0,0x0,0x0,0x0,0x0,0x0,0x0,0x0,0x0,0x0,0x0,0x0,0x0,0x0,0x0,0x0,0x0,0x0,
  0x0,0x0,0x0,0x0,0x0,0x0,0x0,0x0,0x0,0x0,0x0,0x0,0x0,0x0,0x0,0x0,0x0,0x0,0x0,0x0,0x0,0x0,0x0,0x0,
  0x0,0x0,0x0,0x0,0x0,0x0,0x0,0x0,0x0,0x0,0x0,0x0,0x0,0x0,0x0,0x0,0x0,0x0,0x0,0x0,0x0,0xb,0x12,0x79,
  0xc,0x12,0xff,0xc,0x12,0xff,0xc,0x12,0xff,0xc,0x12,0xff,0xc,0x12,0xff,0xaf,0x1a,0xff,0x94,0x23,0xff,0x94,0x23,0xff,
  0x94,0x23,0xff,0x94,0x23,0xff,0x94,0x23,0xff,0x94,0x23,0xff,0x94,0x23,0xff,0x94,0x23,0xff,0x94,0x23,0xff,0x94,0x23,0xff,
  0x94,0x23,0xff,0x94,0x23,0xff,0x94,0x23,0xff,0x94,0x23,0xff,0x94,0x23,0xff,0x94,0x23,0xff,0x94,0x23,0xff,0x94,0x23,0xff,
  0x94,0x23,0xff,0x94,0x23,0xff,0x94,0x23,0xff,0x94,0x23,0xff,0x94,0x23,0xff,0x94,0x23,0xff,0x94,0x23,0xff,0x94,0x23,0xff,
  0x94,0x23,0xff,0x94,0x23,0xff,0x94,0x23,0xff,0x94,0x23,0xff,0x94,0x23,0xff,0x94,0x23,0xff,0x94,0x23,0xff,0x94,0x23,0xff,
  0x94,0x23,0xff,0x94,0x23,0xff,0x94,0x23,0xff,0x94,0x23,0xff,0x94,0x23,0xff,0x94,0x23,0xff,0x94,0x23,0xff,0x94,0x23,0xff,
  0x94,0x23,0xff,0x94,0x23,0xff,0x94,0x23,0xff,0x94,0x23,0xff,0x94,0x23,0xff,0x94,0x23,0xff,0x94,0x23,0xff,0x94,0x23,0xff,
  0x94,0x23,0xff,0x94,0x23,0xff,0xaf,0x1a,0xff,0xc,0x12,0xff,0xc,0x12,0xff,0xc,0x12,0xff,0xc,0x12,0xff,0xc,0x12,0xff,
  0xb,0x12,0x79,0x0,0x0,0x0,0x0,0x0,0x0,0x0,0x0,0x0,0x0,0x0,0x0,0x0,0x0,0x0,0x0,0x0,0x0,0x0,0x0,0x0,
  0x0,0x0,0x0,0x0,0x0,0x0,0x0,0x0,0x0,0x0,0x0,0x0,0x0,0x0,0x0,0x0,0x0,0x0,0x0,0x0,0x0,0x0,0x0,0x0,
  0x0,0x0,0x0,0x0,0x0,0x0,0x0,0x0,0x0,0x0,0x0,0x0,0x0,0x0,0x0,0x0,0x0,0x0,0x0,0x0,0x0,0x0,0x0,0x0,
  0x0,0x0,0x0,0x0,0x0,0x0,0x0,0x0,0x0,0x0,0x0,0x0,0x0,0x0,0x0,0x0,0x0,0x0,0x0,0x0,0x0,0x0,0x0,0x0,
  0x0,0x0,0x0,0x0,0x0,0x0,0x0,0x0,0x0,0x0,0x0,0x0,0x0,0x0,0x0,0x0,0x0,0x0,0x0,0x0,0x0,0x0,0x0,0x0,
  0x0,0x0,0x0,0x0,0x0,0x0,0x0,0x0,0x0,0x0,0x0,0x0,0x0,0x0,0x0,0x0,0x0,0x0,0x0,0x0,0x0,0x0,0x0,0x0,
  0x0,0x0,0x0,0x0,0x0,0x0,0x0,0x0,0x0,0x0,0x0,0x0,0x0,0x0,0x0,0x0,0x0,0x0,0x0,0x0,0x0,0x0,0x0,0x0,
  0x0,0x0,0x0,0x0,0x0,0x0,0x0,0x0,0x0,0x0,0x0,0x0,0x0,0x0,0x0,0x0,0x0,0x0,0x0,0x0,0x0,0x0,0x0,0x0,
  0x0,0x0,0x0,0x0,0x0,0x0,0x0,0x0,0x0,0x0,0x0,0x0,0x0,0x0,0x0,0x0,0x0,0x0,0x0,0x0,0x0,0x0,0x0,0x0,
  0x0,0x0,0x0,0x0,0x0,0x0,0x0,0x0,0x0,0x0,0x0,0x0,0x0,0x0,0x0,0x0,0x0,0x0,0x0,0x0,0x0,0x0,0x0,0x0,
  0xc,0x12,0xa7,0xc,0x12,0xff,0xc,0x12,0xff,0xc,0x12,0xff,0xc,0x12,0xff,0xc,0x12,0xff,0xf0,0x1a,0xff,0x94,0x23,0xff,
  0x94,0x23,0xff,0x94,0x23,0xff,0x94,0x23,0xff,0x94,0x23,0xff,0x94,0x23,0xff,0x94,0x23,0xff,0x94,0x23,0xff,0x94,0x23,0xff,
  0x94,0x23,0xff,0x94,0x23,0xff,0x94,0x23,0xff,0x94,0x23,0xff,0x94,0x23,0xff,0x94,0x23,0xff,0x94,0x23,0xff,0x94,0x23,0xff,
  0x94,0x23,0xff,0x94,0x23,0xff,0x94,0x23,0xff,0x94,0x23,0xff,0x94,0x23,0xff,0x94,0x23,0xff,0x94,0x23,0xff,0x94,0x23,0xff,
  0x94,0x23,0xff,0x94,0x23,0xff,0x94,0x23,0xff,0x94,0x23,0xff,0x94,0x23,0xff,0x94,0x23,0xff,0x94,0x23,0xff,0x94,0x23,0xff,
  0x94,0x23,0xff,0x94,0x23,0xff,0x94,0x23,0xff,0x94,0x23,0xff,0x94,0x23,0xff,0x94,0x23,0xff,0x94,0x23,0xff,0x94,0x23,0xff,
  0x94,0x23,0xff,0x94,0x23,0xff,0x94,0x23,0xff,0x94,0x23,0xff,0x94,0x23,0xff,0x94,0x23,0xff,0x94,0x23,0xff,0x94,0x23,0xff,
  0x94,0x23,0xff,0xf0,0x1a,0xff,0xc,0x12,0xff,0xc,0x12,0xff,0xc,0x12,0xff,0xc,0x12,0xff,0xc,0x12,0xff,0xb,0x12,0xa7,
  0x0,0x0,0x0,0x0,0x0,0x0,0x0,0x0,0x0,0x0,0x0,0x0,0x0,0x0,0x0,0x0,0x0,0x0,0x0,0x0,0x0,0x0,0x0,0x0,
  0x0,0x0,0x0,0x0,0x0,0x0,0x0,0x0,0x0,0x0,0x0,0x0,0x0,0x0,0x0,0x0,0x0,0x0,0x0,0x0,0x0,0x0,0x0,0x0,
  0x0,0x0,0x0,0x0,0x0,0x0,0x0,0x0,0x0,0x0,0x0,0x0,0x0,0x0,0x0,0x0,0x0,0x0,0x0,0x0,0x0,0x0,0x0,0x0,
  0x0,0x0,0x0,0x0,0x0,0x0,0x0,0x0,0x0,0x0,0x0,0x0,0x0,0x0,0x0,0x0,0x0,0x0,0x0,0x0,0x0,0x0,0x0,0x0,
  0x0,0x0,0x0,0x0,0x0,0x0,0x0,0x0,0x0,0x0,0x0,0x0,0x0,0x0,0x0,0x0,0x0,0x0,0x0,0x0,0x0,0x0,0x0,0x0,
  0x0,0x0,0x0,0x0,0x0,0x0,0x0,0x0,0x0,0x0,0x0,0x0,0x0,0x0,0x0,0x0,0x0,0x0,0x0,0x0,0x0,0x0,0x0,0x0,
  0x0,0x0,0x0,0x0,0x0,0x0,0x0,0x0,0x0,0x0,0x0,0x0,0x0,0x0,0x0,0x0,0x0,0x0,0x0,0x0,0x0,0x0,0x0,0x0,
  0x0,0x0,0x0,0x0,0x0,0x0,0x0,0x0,0x0,0x0,0x0,0x0,0x0,0x0,0x0,0x0,0x0,0x0,0x0,0x0,0x0,0x0,0x0,0x0,
  0x0,0x0,0x0,0x0,0x0,0x0,0x0,0x0,0x0,0x0,0x0,0x0,0x0,0x0,0x0,0x0,0x0,0x0,0x0,0x0,0x0,0x0,0x0,0x0,
  0x0,0x0,0x0,0x0,0x0,0x0,0x0,0x0,0x0,0x0,0x0,0x0,0x0,0x0,0x0,0x0,0x0,0x0,0x0,0x0,0x0,0x0,0x0,0x0,
  0xca,0x1,0x9,0xc,0x12,0xcc,0xc,0x12,0xff,0xc,0x12,0xff,0xc,0x12,0xff,0xc,0x12,0xff,0xc,0x12,0xff,0xf0,0x1a,0xff,
  0x94,0x23,0xff,0x94,0x23,0xff,0x94,0x23,0xff,0x94,0x23,0xff,0x94,0x23,0xff,0x94,0x23,0xff,0x94,0x23,0xff,0x94,0x23,0xff,
  0x94,0x23,0xff,0x94,0x23,0xff,0x94,0x23,0xff,0x94,0x23,0xff,0x94,0x23,0xff,0x94,0x23,0xff,0x94,0x23,0xff,0x94,0x23,0xff,
  0x94,0x23,0xff,0x94,0x23,0xff,0x94,0x23,0xff,0x94,0x23,0xff,0x94,0x23,0xff,0x94,0x23,0xff,0x94,0x23,0xff,0x94,0x23,0xff,
  0x94,0x23,0xff,0x94,0x23,0xff,0x94,0x23,0xff,0x94,0x23,0xff,0x94,0x23,0xff,0x94,0x23,0xff,0x94,0x23,0xff,0x94,0x23,0xff,
  0x94,0x23,0xff,0x94,0x23,0xff,0x94,0x23,0xff,0x94,0x23,0xff,0x94,0x23,0xff,0x94,0x23,0xff,0x94,0x23,0xff,0x94,0x23,0xff,
  0x94,0x23,0xff,0x94,0x23,0xff,0x94,0x23,0xff,0x94,0x23,0xff,0x94,0x23,0xff,0x94,0x23,0xff,0x94,0x23,0xff,0x94,0x23,0xff,
  0xf0,0x1a,0xff,0xc,0x12,0xff,0xc,0x12,0xff,0xc,0x12,0xff,0xc,0x12,0xff,0xc,0x12,0xff,0xc,0x12,0xcc,0xca,0x1,0x9,
  0x0,0x0,0x0,0x0,0x0,0x0,0x0,0x0,0x0,0x0,0x0,0x0,0x0,0x0,0x0,0x0,0x0,0x0,0x0,0x0,0x0,0x0,0x0,0x0,
  0x0,0x0,0x0,0x0,0x0,0x0,0x0,0x0,0x0,0x0,0x0,0x0,0x0,0x0,0x0,0x0,0x0,0x0,0x0,0x0,0x0,0x0,0x0,0x0,
  0x0,0x0,0x0,0x0,0x0,0x0,0x0,0x0,0x0,0x0,0x0,0x0,0x0,0x0,0x0,0x0,0x0,0x0,0x0,0x0,0x0,0x0,0x0,0x0,
  0x0,0x0,0x0,0x0,0x0,0x0,0x0,0x0,0x0,0x0,0x0,0x0,0x0,0x0,0x0,0x0,0x0,0x0,0x0,0x0,0x0,0x0,0x0,0x0,
  0x0,0x0,0x0,0x0,0x0,0x0,0x0,0x0,0x0,0x0,0x0,0x0,0x0,0x0,0x0,0x0,0x0,0x0,0x0,0x0,0x0,0x0,0x0,0x0,
  0x0,0x0,0x0,0x0,0x0,0x0,0x0,0x0,0x0,0x0,0x0,0x0,0x0,0x0,0x0,0x0,0x0,0x0,0x0,0x0,0x0,0x0,0x0,0x0,
  0x0,0x0,0x0,0x0,0x0,0x0,0x0,0x0,0x0,0x0,0x0,0x0,0x0,0x0,0x0,0x0,0x0,0x0,0x0,0x0,0x0,0x0,0x0,0x0,
  0x0,0x0,0x0,0x0,0x0,0x0,0x0,0x0,0x0,0x0,0x0,0x0,0x0,0x0,0x0,0x0,0x0,0x0,0x0,0x0,0x0,0x0,0x0,0x0,
  0x0,0x0,0x0,0x0,0x0,0x0,0x0,0x0,0x0,0x0,0x0,0x0,0x0,0x0,0x0,0x0,0x0,0x0,0x0,0x0,0x0,0x0,0x0,0x0,
  0x0,0x0,0x0,0x0,0x0,0x0,0x0,0x0,0x0,0x0,0x0,0x0,0x0,0x0,0x0,0x0,0x0,0x0,0x0,0x0,0x0,0x0,0x0,0x0,
  0x0,0x0,0x0,0xec,0x11,0x1d,0xc,0x12,0xe7,0xc,0x12,0xff,0xc,0x12,0xff,0xc,0x12,0xff,0xc,0x12,0xff,0xc,0x12,0xff,
  0xf0,0x1a,0xff,0x94,0x23,0xff,0x94,0x23,0xff,0x94,0x23,0xff,0x94,0x23,0xff,0x94,0x23,0xff,0x94,0x23,0xff,0x94,0x23,0xff,
  0x94,0x23,0xff,0x94,0x23,0xff,0x94,0x23,0xff,0x94,0x23,0xff,0x94,0x23,0xff,0x94,0x23,0xff,0x94,0x23,0xff,0x94,0x23,0xff,
  0x94,0x23,0xff,0x94,0x23,0xff,0x94,0x23,0xff,0x94,0x23,0xff,0x94,0x23,0xff,0x94,0x23,0xff,0x94,0x23,0xff,0x94,0x23,0xff,
  0x94,0x23,0xff,0x94,0x23,0xff,0x94,0x23,0xff,0x94,0x23,0xff,0x94,0x23,0xff,0x94,0x23,0xff,0x94,0x23,0xff,0x94,0x23,0xff,
  0x94,0x23,0xff,0x94,0x23,0xff,0x94,0x23,0xff,0x94,0x23,0xff,0x94,0x23,0xff,0x94,0x23,0xff,0x94,0x23,0xff,0x94,0x23,0xff,
  0x94,0x23,0xff,0x94,0x23,0xff,0x94,0x23,0xff,0x94,0x23,0xff,0x94,0x23,0xff,0x94,0x23,0xff,0x94,0x23,0xff,0xf0,0x1a,0xff,
  0xc,0x12,0xff,0xc,0x12,0xff,0xc,0x12,0xff,0xc,0x12,0xff,0xc,0x12,0xff,0xc,0x12,0xe7,0xeb,0x11,0x1d,0x0,0x0,0x0,
  0x0,0x0,0x0,0x0,0x0,0x0,0x0,0x0,0x0,0x0,0x0,0x0,0x0,0x0,0x0,0x0,0x0,0x0,0x0,0x0,0x0,0x0,0x0,0x0,
  0x0,0x0,0x0,0x0,0x0,0x0,0x0,0x0,0x0,0x0,0x0,0x0,0x0,0x0,0x0,0x0,0x0,0x0,0x0,0x0,0x0,0x0,0x0,0x0,
  0x0,0x0,0x0,0x0,0x0,0x0,0x0,0x0,0x0,0x0,0x0,0x0,0x0,0x0,0x0,0x0,0x0,0x0,0x0,0x0,0x0,0x0,0x0,0x0,
  0x0,0x0,0x0,0x0,0x0,0x0,0x0,0x0,0x0,0x0,0x0,0x0,0x0,0x0,0x0,0x0,0x0,0x0,0x0,0x0,0x0,0x0,0x0,0x0,
  0x0,0x0,0x0,0x0,0x0,0x0,0x0,0x0,0x0,0x0,0x0,0x0,0x0,0x0,0x0,0x0,0x0,0x0,0x0,0x0,0x0,0x0,0x0,0x0,
  0x0,0x0,0x0,0x0,0x0,0x0,0x0,0x0,0x0,0x0,0x0,0x0,0x0,0x0,0x0,0x0,0x0,0x0,0x0,0x0,0x0,0x0,0x0,0x0,
  0x0,0x0,0x0,0x0,0x0,0x0,0x0,0x0,0x0,0x0,0x0,0x0,0x0,0x0,0x0,0x0,0x0,0x0,0x0,0x0,0x0,0x0,0x0,0x0,
  0x0,0x0,0x0,0x0,0x0,0x0,0x0,0x0,0x0,0x0,0x0,0x0,0x0,0x0,0x0,0x0,0x0,0x0,0x0,0x0,0x0,0x0,0x0,0x0,
  0x0,0x0,0x0,0x0,0x0,0x0,0x0,0x0,0x0,0x0,0x0,0x0,0x0,0x0,0x0,0x0,0x0,0x0,0x0,0x0,0x0,0x0,0x0,0x0,
  0x0,0x0,0x0,0x0,0x0,0x0,0x0,0x0,0x0,0x0,0x0,0x0,0x0,0x0,0x0,0x0,0x0,0x0,0x0,0x0,0x0,0x0,0x0,0x0,
  0x0,0x0,0x0,0x0,0x0,0x0,0xc,0x12,0x3a,0xc,0x12,0xf8,0xc,0x12,0xff,0xc,0x12,0xff,0xc,0x12,0xff,0xc,0x12,0xff,
  0xc,0x12,0xff,0xf0,0x1a,0xff,0x94,0x23,0xff,0x94,0x23,0xff,0x94,0x23,0xff,0x94,0x23,0xff,0x94,0x23,0xff,0x94,0x23,0xff,
  0x94,0x23,0xff,0x94,0x23,0xff,0x94,0x23,0xff,0x94,0x23,0xff,0x94,0x23,0xff,0x94,0x23,0xff,0x94,0x23,0xff,0x94,0x23,0xff,
  0x94,0x23,0xff,0x94,0x23,0xff,0x94,0x23,0xff,0x94,0x23,0xff,0x94,0x23,0xff,0x94,0x23,0xff,0x94,0x23,0xff,0x94,0x23,0xff,
  0x94,0x23,0xff,0x94,0x23,0xff,0x94,0x23,0xff,0x94,0x23,0xff,0x94,0x23,0xff,0x94,0x23,0xff,0x94,0x23,0xff,0x94,0x23,0xff,
  0x94,0x23,0xff,0x94,0x23,0xff,0x94,0x23,0xff,0x94,0x23,0xff,0x94,0x23,0xff,0x94,0x23,0xff,0x94,0x23,0xff,0x94,0x23,0xff,
  0x94,0x23,0xff,0x94,0x23,0xff,0x94,0x23,0xff,0x94,0x23,0xff,0x94,0x23,0xff,0x94,0x23,0xff,0xf0,0x1a,0xff,0xc,0x12,0xff,
  0xc,0x12,0xff,0xc,0x12,0xff,0xc,0x12,0xff,0xc,0x12,0xff,0xc,0x12,0xf8,0xc,0x12,0x3a,0x0,0x0,0x0,0x0,0x0,0x0,
  0x0,0x0,0x0,0x0,0x0,0x0,0x0,0x0,0x0,0x0,0x0,0x0,0x0,0x0,0x0,0x0,0x0,0x0,0x0,0x0,0x0,0x0,0x0,0x0,
  0x0,0x0,0x0,0x0,0x0,0x0,0x0,0x0,0x0,0x0,0x0,0x0,0x0,0x0,0x0,0x0,0x0,0x0,0x0,0x0,0x0,0x0,0x0,0x0,
  0x0,0x0,0x0,0x0,0x0,0x0,0x0,0x0,0x0,0x0,0x0,0x0,0x0,0x0,0x0,0x0,0x0,0x0,0x0,0x0,0x0,0x0,0x0,0x0,
  0x0,0x0,0x0,0x0,0x0,0x0,0x0,0x0,0x0,0x0,0x0,0x0,0x0,0x0,0x0,0x0,0x0,0x0,0x0,0x0,0x0,0x0,0x0,0x0,
  0x0,0x0,0x0,0x0,0x0,0x0,0x0,0x0,0x0,0x0,0x0,0x0,0x0,0x0,0x0,0x0,0x0,0x0,0x0,0x0,0x0,0x0,0x0,0x0,
  0x0,0x0,0x0,0x0,0x0,0x0,0x0,0x0,0x0,0x0,0x0,0x0,0x0,0x0,0x0,0x0,0x0,0x0,0x0,0x0,0x0,0x0,0x0,0x0,
  0x0,0x0,0x0,0x0,0x0,0x0,0x0,0x0,0x0,0x0,0x0,0x0,0x0,0x0,0x0,0x0,0x0,0x0,0x0,0x0,0x0,0x0,0x0,0x0,
  0x0,0x0,0x0,0x0,0x0,0x0,0x0,0x0,0x0,0x0,0x0,0x0,0x0,0x0,0x0,0x0,0x0,0x0,0x0,0x0,0x0,0x0,0x0,0x0,
  0x0,0x0,0x0,0x0,0x0,0x0,0x0,0x0,0x0,0x0,0x0,0x0,0x0,0x0,0x0,0x0,0x0,0x0,0x0,0x0,0x0,0x0,0x0,0x0,
  0x0,0x0,0x0,0x0,0x0,0x0,0x0,0x0,0x0,0x0,0x0,0x0,0x0,0x0,0x0,0x0,0x0,0x0,0x0,0x0,0x0,0x0,0x0,0x0,
  0x0,0x0,0x0,0x0,0x0,0x0,0x0,0x0,0x0,0xb,0x12,0x5a,0xb,0x12,0xfc,0xc,0x12,0xff,0xc,0x12,0xff,0xc,0x12,0xff,
  0xc,0x12,0xff,0xc,0x12,0xff,0xf0,0x1a,0xff,0x94,0x23,0xff,0x94,0x23,0xff,0x94,0x23,0xff,0x94,0x23,0xff,0x94,0x23,0xff,
  0x94,0x23,0xff,0x94,0x23,0xff,0x94,0x23,0xff,0x94,0x23,0xff,0x94,0x23,0xff,0x94,0x23,0xff,0x94,0x23,0xff,0x94,0x23,0xff,
  0x94,0x23,0xff,0x94,0x23,0xff,0x94,0x23,0xff,0x94,0x23,0xff,0x94,0x23,0xff,0x94,0x23,0xff,0x94,0x23,0xff,0x94,0x23,0xff,
  0x94,0x23,0xff,0x94,0x23,0xff,0x94,0x23,0xff,0x94,0x23,0xff,0x94,0x23,0xff,0x94,0x23,0xff,0x94,0x23,0xff,0x94,0x23,0xff,
  0x94,0x23,0xff,0x94,0x23,0xff,0x94,0x23,0xff,0x94,0x23,0xff,0x94,0x23,0xff,0x94,0x23,0xff,0x94,0x23,0xff,0x94,0x23,0xff,
  0x94,0x23,0xff,0x94,0x23,0xff,0x94,0x23,0xff,0x94,0x23,0xff,0x94,0x23,0xff,0xf0,0x1a,0xff,0xc,0x12,0xff,0xc,0x12,0xff,
  0xc,0x12,0xff,0xc,0x12,0xff,0xc,0x12,0xff,0xb,0x12,0xfc,0xb,0x12,0x59,0x0,0x0,0x0,0x0,0x0,0x0,0x0,0x0,0x0,
  0x0,0x0,0x0,0x0,0x0,0x0,0x0,0x0,0x0,0x0,0x0,0x0,0x0,0x0,0x0,0x0,0x0,0x0,0x0,0x0,0x0,0x0,0x0,0x0,
  0x0,0x0,0x0,0x0,0x0,0x0,0x0,0x0,0x0,0x0,0x0,0x0,0x0,0x0,0x0,0x0,0x0,0x0,0x0,0x0,0x0,0x0,0x0,0x0,
  0x0,0x0,0x0,0x0,0x0,0x0,0x0,0x0,0x0,0x0,0x0,0x0,0x0,0x0,0x0,0x0,0x0,0x0,0x0,0x0,0x0,0x0,0x0,0x0,
  0x0,0x0,0x0,0x0,0x0,0x0,0x0,0x0,0x0,0x0,0x0,0x0,0x0,0x0,0x0,0x0,0x0,0x0,0x0,0x0,0x0,0x0,0x0,0x0,
  0x0,0x0,0x0,0x0,0x0,0x0,0x0,0x0,0x0,0x0,0x0,0x0,0x0,0x0,0x0,0x0,0x0,0x0,0x0,0x0,0x0,0x0,0x0,0x0,
  0x0,0x0,0x0,0x0,0x0,0x0,0x0,0x0,0x0,0x0,0x0,0x0,0x0,0x0,0x0,0x0,0x0,0x0,0x0,0x0,0x0,0x0,0x0,0x0,
  0x0,0x0,0x0,0x0,0x0,0x0,0x0,0x0,0x0,0x0,0x0,0x0,0x0,0x0,0x0,0x0,0x0,0x0,0x0,0x0,0x0,0x0,0x0,0x0,
  0x0,0x0,0x0,0x0,0x0,0x0,0x0,0x0,0x0,0x0,0x0,0x0,0x0,0x0,0x0,0x0,0x0,0x0,0x0,0x0,0x0,0x0,0x0,0x0,
  0x0,0x0,0x0,0x0,0x0,0x0,0x0,0x0,0x0,0x0,0x0,0x0,0x0,0x0,0x0,0x0,0x0,0x0,0x0,0x0,0x0,0x0,0x0,0x0,
  0x0,0x0,0x0,0x0,0x0,0x0,0x0,0x0,0x0,0x0,0x0,0x0,0x0,0x0,0x0,0x0,0x0,0x0,0x0,0x0,0x0,0x0,0x0,0x0,
  0x0,0x0,0x0,0x0,0x0,0x0,0x0,0x0,0x0,0x0,0x0,0x0,0xb,0x12,0x5c,0xb,0x12,0xfc,0xc,0x12,0xff,0xc,0x12,0xff,
  0xc,0x12,0xff,0xc,0x12,0xff,0xc,0x12,0xff,0xf0,0x1a,0xff,0x94,0x23,0xff,0x94,0x23,0xff,0x94,0x23,0xff,0x94,0x23,0xff,
  0x94,0x23,0xff,0x94,0x23,0xff,0x94,0x23,0xff,0x94,0x23,0xff,0x94,0x23,0xff,0x94,0x23,0xff,0x94,0x23,0xff,0x94,0x23,0xff,
  0x94,0x23,0xff,0x94,0x23,0xff,0x94,0x23,0xff,0x94,0x23,0xff,0x94,0x23,0xff,0x94,0x23,0xff,0x94,0x23,0xff,0x94,0x23,0xff,
  0x94,0x23,0xff,0x94,0x23,0xff,0x94,0x23,0xff,0x94,0x23,0xff,0x94,0x23,0xff,0x94,0x23,0xff,0x94,0x23,0xff,0x94,0x23,0xff,
  0x94,0x23,0xff,0x94,0x23,0xff,0x94,0x23,0xff,0x94,0x23,0xff,0x94,0x23,0xff,0x94,0x23,0xff,0x94,0x23,0xff,0x94,0x23,0xff,
  0x94,0x23,0xff,0x94,0x23,0xff,0x94,0x23,0xff,0x94,0x23,0xff,0xf0,0x1a,0xff,0xc,0x12,0xff,0xc,0x12,0xff,0xc,0x12,0xff,
  0xc,0x12,0xff,0xc,0x12,0xff,0xb,0x12,0xfc,0xb,0x12,0x5c,0x0,0x0,0x0,0x0,0x0,0x0,0x0,0x0,0x0,0x0,0x0,0x0,
  0x0,0x0,0x0,0x0,0x0,0x0,0x0,0x0,0x0,0x0,0x0,0x0,0x0,0x0,0x0,0x0,0x0,0x0,0x0,0x0,0x0,0x0,0x0,0x0,
  0x0,0x0,0x0,0x0,0x0,0x0,0x0,0x0,0x0,0x0,0x0,0x0,0x0,0x0,0x0,0x0,0x0,0x0,0x0,0x0,0x0,0x0,0x0,0x0,
  0x0,0x0,0x0,0x0,0x0,0x0,0x0,0x0,0x0,0x0,0x0,0x0,0x0,0x0,0x0,0x0,0x0,0x0,0x0,0x0,0x0,0x0,0x0,0x0,
  0x0,0x0,0x0,0x0,0x0,0x0,0x0,0x0,0x0,0x0,0x0,0x0,0x0,0x0,0x0,0x0,0x0,0x0,0x0,0x0,0x0,0x0,0x0,0x0,
  0x0,0x0,0x0,0x0,0x0,0x0,0x0,0x0,0x0,0x0,0x0,0x0,0x0,0x0,0x0,0x0,0x0,0x0,0x0,0x0,0x0,0x0,0x0,0x0,
  0x0,0x0,0x0,0x0,0x0,0x0,0x0,0x0,0x0,0x0,0x0,0x0,0x0,0x0,0x0,0x0,0x0,0x0,0x0,0x0,0x0,0x0,0x0,0x0,
  0x0,0x0,0x0,0x0,0x0,0x0,0x0,0x0,0x0,0x0,0x0,0x0,0x0,0x0,0x0,0x0,0x0,0x0,0x0,0x0,0x0,0x0,0x0,0x0,
  0x0,0x0,0x0,0x0,0x0,0x0,0x0,0x0,0x0,0x0,0x0,0x0,0x0,0x0,0x0,0x0,0x0,0x0,0x0,0x0,0x0,0x0,0x0,0x0,
  0x0,0x0,0x0,0x0,0x0,0x0,0x0,0x0,0x0,0x0,0x0,0x0,0x0,0x0,0x0,0x0,0x0,0x0,0x0,0x0,0x0,0x0,0x0,0x0,
  0x0,0x0,0x0,0x0,0x0,0x0,0x0,0x0,0x0,0x0,0x0,0x0,0x0,0x0,0x0,0x0,0x0,0x0,0x0,0x0,0x0,0x0,0x0,0x0,
  0x0,0x0,0x0,0x0,0x0,0x0,0x0,0x0,0x0,0x0,0x0,0x0,0x0,0x0,0x0,0xb,0x12,0x5c,0xb,0x12,0xfc,0xc,0x12,0xff,
  0xc,0x12,0xff,0xc,0x12,0xff,0xc,0x12,0xff,0xc,0x12,0xff,0xf0,0x1a,0xff,0x94,0x23,0xff,0x94,0x23,0xff,0x94,0x23,0xff,
  0x94,0x23,0xff,0x94,0x23,0xff,0x94,0x23,0xff,0x94,0x23,0xff,0x94,0x23,0xff,0x94,0x23,0xff,0x94,0x23,0xff,0x94,0x23,0xff,
  0x94,0x23,0xff,0x94,0x23,0xff,0x94,0x23,0xff,0x94,0x23,0xff,0x94,0x23,0xff,0x94,0x23,0xff,0x94,0x23,0xff,0x94,0x23,0xff,
  0x94,0x23,0xff,0x94,0x23,0xff,0x94,0x23,0xff,0x94,0x23,0xff,0x94,0x23,0xff,0x94,0x23,0xff,0x94,0x23,0xff,0x94,0x23,0xff,
  0x94,0x23,0xff,0x94,0x23,0xff,0x94,0x23,0xff,0x94,0x23,0xff,0x94,0x23,0xff,0x94,0x23,0xff,0x94,0x23,0xff,0x94,0x23,0xff,
  0x94,0x23,0xff,0x94,0x23,0xff,0x94,0x23,0xff,0xf0,0x1a,0xff,0xc,0x12,0xff,0xc,0x12,0xff,0xc,0x12,0xff,0xc,0x12,0xff,
  0xc,0x12,0xff,0xb,0x12,0xfc,0xb,0x12,0x5c,0x0,0x0,0x0,0x0,0x0,0x0,0x0,0x0,0x0,0x0,0x0,0x0,0x0,0x0,0x0,
  0x0,0x0,0x0,0x0,0x0,0x0,0x0,0x0,0x0,0x0,0x0,0x0,0x0,0x0,0x0,0x0,0x0,0x0,0x0,0x0,0x0,0x0,0x0,0x0,
  0x0,0x0,0x0,0x0,0x0,0x0,0x0,0x0,0x0,0x0,0x0,0x0,0x0,0x0,0x0,0x0,0x0,0x0,0x0,0x0,0x0,0x0,0x0,0x0,
  0x0,0x0,0x0,0x0,0x0,0x0,0x0,0x0,0x0,0x0,0x0,0x0,0x0,0x0,0x0,0x0,0x0,0x0,0x0,0x0,0x0,0x0,0x0,0x0,
  0x0,0x0,0x0,0x0,0x0,0x0,0x0,0x0,0x0,0x0,0x0,0x0,0x0,0x0,0x0,0x0,0x0,0x0,0x0,0x0,0x0,0x0,0x0,0x0,
  0x0,0x0,0x0,0x0,0x0,0x0,0x0,0x0,0x0,0x0,0x0,0x0,0x0,0x0,0x0,0x0,0x0,0x0,0x0,0x0,0x0,0x0,0x0,0x0,
  0x0,0x0,0x0,0x0,0x0,0x0,0x0,0x0,0x0,0x0,0x0,0x0,0x0,0x0,0x0,0x0,0x0,0x0,0x0,0x0,0x0,0x0,0x0,0x0,
  0x0,0x0,0x0,0x0,0x0,0x0,0x0,0x0,0x0,0x0,0x0,0x0,0x0,0x0,0x0,0x0,0x0,0x0,0x0,0x0,0x0,0x0,0x0,0x0,
  0x0,0x0,0x0,0x0,0x0,0x0,0x0,0x0,0x0,0x0,0x0,0x0,0x0,0x0,0x0,0x0,0x0,0x0,0x0,0x0,0x0,0x0,0x0,0x0,
  0x0,0x0,0x0,0x0,0x0,0x0,0x0,0x0,0x0,0x0,0x0,0x0,0x0,0x0,0x0,0x0,0x0,0x0,0x0,0x0,0x0,0x0,0x0,0x0,
  0x0,0x0,0x0,0x0,0x0,0x0,0x0,0x0,0x0,0x0,0x0,0x0,0x0,0x0,0x0,0x0,0x0,0x0,0x0,0x0,0x0,0x0,0x0,0x0,
  0x0,0x0,0x0,0x0,0x0,0x0,0x0,0x0,0x0,0x0,0x0,0x0,0x0,0x0,0x0,0x0,0x0,0x0,0xb,0x12,0x5c,0xb,0x12,0xfc,
  0xc,0x12,0xff,0xc,0x12,0xff,0xc,0x12,0xff,0xc,0x12,0xff,0xc,0x12,0xff,0xf0,0x1a,0xff,0x94,0x23,0xff,0x94,0x23,0xff,
  0x94,0x23,0xff,0x94,0x23,0xff,0x94,0x23,0xff,0x94,0x23,0xff,0x94,0x23,0xff,0x94,0x23,0xff,0x94,0x23,0xff,0x94,0x23,0xff,
  0x94,0x23,0xff,0x94,0x23,0xff,0x94,0x23,0xff,0x94,0x23,0xff,0x94,0x23,0xff,0x94,0x23,0xff,0x94,0x23,0xff,0x94,0x23,0xff,
  0x94,0x23,0xff,0x94,0x23,0xff,0x94,0x23,0xff,0x94,0x23,0xff,0x94,0x23,0xff,0x94,0x23,0xff,0x94,0x23,0xff,0x94,0x23,0xff,
  0x94,0x23,0xff,0x94,0x23,0xff,0x94,0x23,0xff,0x94,0x23,0xff,0x94,0x23,0xff,0x94,0x23,0xff,0x94,0x23,0xff,0x94,0x23,0xff,
  0x94,0x23,0xff,0x94,0x23,0xff,0xf0,0x1a,0xff,0xc,0x12,0xff,0xc,0x12,0xff,0xc,0x12,0xff,0xc,0x12,0xff,0xc,0x12,0xff,
  0xb,0x12,0xfc,0xb,0x12,0x5c,0x0,0x0,0x0,0x0,0x0,0x0,0x0,0x0,0x0,0x0,0x0,0x0,0x0,0x0,0x0,0x0,0x0,0x0,
  0x0,0x0,0x0,0x0,0x0,0x0,0x0,0x0,0x0,0x0,0x0,0x0,0x0,0x0,0x0,0x0,0x0,0x0,0x0,0x0,0x0,0x0,0x0,0x0,
  0x0,0x0,0x0,0x0,0x0,0x0,0x0,0x0,0x0,0x0,0x0,0x0,0x0,0x0,0x0,0x0,0x0,0x0,0x0,0x0,0x0,0x0,0x0,0x0,
  0x0,0x0,0x0,0x0,0x0,0x0,0x0,0x0,0x0,0x0,0x0,0x0,0x0,0x0,0x0,0x0,0x0,0x0,0x0,0x0,0x0,0x0,0x0,0x0,
  0x0,0x0,0x0,0x0,0x0,0x0,0x0,0x0,0x0,0x0,0x0,0x0,0x0,0x0,0x0,0x0,0x0,0x0,0x0,0x0,0x0,0x0,0x0,0x0,
  0x0,0x0,0x0,0x0,0x0,0x0,0x0,0x0,0x0,0x0,0x0,0x0,0x0,0x0,0x0,0x0,0x0,0x0,0x0,0x0,0x0,0x0,0x0,0x0,
  0x0,0x0,0x0,0x0,0x0,0x0,0x0,0x0,0x0,0x0,0x0,0x0,0x0,0x0,0x0,0x0,0x0,0x0,0x0,0x0,0x0,0x0,0x0,0x0,
  0x0,0x0,0x0,0x0,0x0,0x0,0x0,0x0,0x0,0x0,0x0,0x0,0x0,0x0,0x0,0x0,0x0,0x0,0x0,0x0,0x0,0x0,0x0,0x0,
  0x0,0x0,0x0,0x0,0x0,0x0,0x0,0x0,0x0,0x0,0x0,0x0,0x0,0x0,0x0,0x0,0x0,0x0,0x0,0x0,0x0,0x0,0x0,0x0,
  0x0,0x0,0x0,0x0,0x0,0x0,0x0,0x0,0x0,0x0,0x0,0x0,0x0,0x0,0x0,0x0,0x0,0x0,0x0,0x0,0x0,0x0,0x0,0x0,
  0x0,0x0,0x0,0x0,0x0,0x0,0x0,0x0,0x0,0x0,0x0,0x0,0x0,0x0,0x0,0x0,0x0,0x0,0x0,0x0,0x0,0x0,0x0,0x0,
  0x0,0x0,0x0,0x0,0x0,0x0,0x0,0x0,0x0,0x0,0x0,0x0,0x0,0x0,0x0,0x0,0x0,0x0,0x0,0x0,0x0,0xb,0x12,0x5c,
  0xb,0x12,0xfc,0xc,0x12,0xff,0xc,0x12,0xff,0xc,0x12,0xff,0xc,0x12,0xff,0xc,0x12,0xff,0xf0,0x1a,0xff,0x94,0x23,0xff,
  0x94,0x23,0xff,0x94,0x23,0xff,0x94,0x23,0xff,0x94,0x23,0xff,0x94,0x23,0xff,0x94,0x23,0xff,0x94,0x23,0xff,0x94,0x23,0xff,
  0x94,0x23,0xff,0x94,0x23,0xff,0x94,0x23,0xff,0x94,0x23,0xff,0x94,0x23,0xff,0x94,0x23,0xff,0x94,0x23,0xff,0x94,0x23,0xff,
  0x94,0x23,0xff,0x94,0x23,0xff,0x94,0x23,0xff,0x94,0x23,0xff,0x94,0x23,0xff,0x94,0x23,0xff,0x94,0x23,0xff,0x94,0x23,0xff,
  0x94,0x23,0xff,0x94,0x23,0xff,0x94,0x23,0xff,0x94,0x23,0xff,0x94,0x23,0xff,0x94,0x23,0xff,0x94,0x23,0xff,0x94,0x23,0xff,
  0x94,0x23,0xff,0xf0,0x1a,0xff,0xc,0x12,0xff,0xc,0x12,0xff,0xc,0x12,0xff,0xc,0x12,0xff,0xc,0x12,0xff,0xb,0x12,0xfc,
  0xb,0x12,0x5c,0x0,0x0,0x0,0x0,0x0,0x0,0x0,0x0,0x0,0x0,0x0,0x0,0x0,0x0,0x0,0x0,0x0,0x0,0x0,0x0,0x0,
  0x0,0x0,0x0,0x0,0x0,0x0,0x0,0x0,0x0,0x0,0x0,0x0,0x0,0x0,0x0,0x0,0x0,0x0,0x0,0x0,0x0,0x0,0x0,0x0,
  0x0,0x0,0x0,0x0,0x0,0x0,0x0,0x0,0x0,0x0,0x0,0x0,0x0,0x0,0x0,0x0,0x0,0x0,0x0,0x0,0x0,0x0,0x0,0x0,
  0x0,0x0,0x0,0x0,0x0,0x0,0x0,0x0,0x0,0x0,0x0,0x0,0x0,0x0,0x0,0x0,0x0,0x0,0x0,0x0,0x0,0x0,0x0,0x0,
  0x0,0x0,0x0,0x0,0x0,0x0,0x0,0x0,0x0,0x0,0x0,0x0,0x0,0x0,0x0,0x0,0x0,0x0,0x0,0x0,0x0,0x0,0x0,0x0,
  0x0,0x0,0x0,0x0,0x0,0x0,0x0,0x0,0x0,0x0,0x0,0x0,0x0,0x0,0x0,0x0,0x0,0x0,0x0,0x0,0x0,0x0,0x0,0x0,
  0x0,0x0,0x0,0x0,0x0,0x0,0x0,0x0,0x0,0x0,0x0,0x0,0x0,0x0,0x0,0x0,0x0,0x0,0x0,0x0,0x0,0x0,0x0,0x0,
  0x0,0x0,0x0,0x0,0x0,0x0,0x0,0x0,0x0,0x0,0x0,0x0,0x0,0x0,0x0,0x0,0x0,0x0,0x0,0x0,0x0,0x0,0x0,0x0,
  0x0,0x0,0x0,0x0,0x0,0x0,0x0,0x0,0x0,0x0,0x0,0x0,0x0,0x0,0x0,0x0,0x0,0x0,0x0,0x0,0x0,0x0,0x0,0x0,
  0x0,0x0,0x0,0x0,0x0,0x0,0x0,0x0,0x0,0x0,0x0,0x0,0x0,0x0,0x0,0x0,0x0,0x0,0x0,0x0,0x0,0x0,0x0,0x0,
  0x0,0x0,0x0,0x0,0x0,0x0,0x0,0x0,0x0,0x0,0x0,0x0,0x0,0x0,0x0,0x0,0x0,0x0,0x0,0x0,0x0,0x0,0x0,0x0,
  0x0,0x0,0x0,0x0,0x0,0x0,0x0,0x0,0x0,0x0,0x0,0x0,0x0,0x0,0x0,0x0,0x0,0x0,0x0,0x0,0x0,0x0,0x0,0x0,
  0xb,0x12,0x5c,0xb,0x12,0xfc,0xc,0x12,0xff,0xc,0x12,0xff,0xc,0x12,0xff,0xc,0x12,0xff,0xc,0x12,0xff,0xf0,0x1a,0xff,
  0x94,0x23,0xff,0x94,0x23,0xff,0x94,0x23,0xff,0x94,0x23,0xff,0x94,0x23,0xff,0x94,0x23,0xff,0x94,0x23,0xff,0x94,0x23,0xff,
  0x94,0x23,0xff,0x94,0x23,0xff,0x94,0x23,0xff,0x94,0x23,0xff,0x94,0x23,0xff,0x94,0x23,0xff,0x94,0x23,0xff,0x94,0x23,0xff,
  0x94,0x23,0xff,0x94,0x23,0xff,0x94,0x23,0xff,0x94,0x23,0xff,0x94,0x23,0xff,0x94,0x23,0xff,0x94,0x23,0xff,0x94,0x23,0xff,
  0x94,0x23,0xff,0x94,0x23,0xff,0x94,0x23,0xff,0x94,0x23,0xff,0x94,0x23,0xff,0x94,0x23,0xff,0x94,0x23,0xff,0x94,0x23,0xff,
  0xf0,0x1a,0xff,0xc,0x12,0xff,0xc,0x12,0xff,0xc,0x12,0xff,0xc,0x12,0xff,0xc,0x12,0xff,0xb,0x12,0xfc,0xb,0x12,0x5c,
  0x0,0x0,0x0,0x0,0x0,0x0,0x0,0x0,0x0,0x0,0x0,0x0,0x0,0x0,0x0,0x0,0x0,0x0,0x0,0x0,0x0,0x0,0x0,0x0,
  0x0,0x0,0x0,0x0,0x0,0x0,0x0,0x0,0x0,0x0,0x0,0x0,0x0,0x0,0x0,0x0,0x0,0x0,0x0,0x0,0x0,0x0,0x0,0x0,
  0x0,0x0,0x0,0x0,0x0,0x0,0x0,0x0,0x0,0x0,0x0,0x0,0x0,0x0,0x0,0x0,0x0,0x0,0x0,0x0,0x0,0x0,0x0,0x0,
  0x0,0x0,0x0,0x0,0x0,0x0,0x0,0x0,0x0,0x0,0x0,0x0,0x0,0x0,0x0,0x0,0x0,0x0,0x0,0x0,0x0,0x0,0x0,0x0,
  0x0,0x0,0x0,0x0,0x0,0x0,0x0,0x0,0x0,0x0,0x0,0x0,0x0,0x0,0x0,0x0,0x0,0x0,0x0,0x0,0x0,0x0,0x0,0x0,
  0x0,0x0,0x0,0x0,0x0,0x0,0x0,0x0,0x0,0x0,0x0,0x0,0x0,0x0,0x0,0x0,0x0,0x0,0x0,0x0,0x0,0x0,0x0,0x0,
  0x0,0x0,0x0,0x0,0x0,0x0,0x0,0x0,0x0,0x0,0x0,0x0,0x0,0x0,0x0,0x0,0x0,0x0,0x0,0x0,0x0,0x0,0x0,0x0,
  0x0,0x0,0x0,0x0,0x0,0x0,0x0,0x0,0x0,0x0,0x0,0x0,0x0,0x0,0x0,0x0,0x0,0x0,0x0,0x0,0x0,0x0,0x0,0x0,
  0x0,0x0,0x0,0x0,0x0,0x0,0x0,0x0,0x0,0x0,0x0,0x0,0x0,0x0,0x0,0x0,0x0,0x0,0x0,0x0,0x0,0x0,0x0,0x0,
  0x0,0x0,0x0,0x0,0x0,0x0,0x0,0x0,0x0,0x0,0x0,0x0,0x0,0x0,0x0,0x0,0x0,0x0,0x0,0x0,0x0,0x0,0x0,0x0,
  0x0,0x0,0x0,0x0,0x0,0x0,0x0,0x0,0x0,0x0,0x0,0x0,0x0,0x0,0x0,0x0,0x0,0x0,0x0,0x0,0x0,0x0,0x0,0x0,
  0x0,0x0,0x0,0x0,0x0,0x0,0x0,0x0,0x0,0x0,0x0,0x0,0x0,0x0,0x0,0x0,0x0,0x0,0x0,0x0,0x0,0x0,0x0,0x0,
  0x0,0x0,0x0,0xb,0x12,0x5c,0xb,0x12,0xfc,0xc,0x12,0xff,0xc,0x12,0xff,0xc,0x12,0xff,0xc,0x12,0xff,0xc,0x12,0xff,
  0xf0,0x1a,0xff,0x94,0x23,0xff,0x94,0x23,0xff,0x94,0x23,0xff,0x94,0x23,0xff,0x94,0x23,0xff,0x94,0x23,0xff,0x94,0x23,0xff,
  0x94,0x23,0xff,0x94,0x23,0xff,0x94,0x23,0xff,0x94,0x23,0xff,0x94,0x23,0xff,0x94,0x23,0xff,0x94,0x23,0xff,0x94,0x23,0xff,
  0x94,0x23,0xff,0x94,0x23,0xff,0x94,0x23,0xff,0x94,0x23,0xff,0x94,0x23,0xff,0x94,0x23,0xff,0x94,0x23,0xff,0x94,0x23,0xff,
  0x94,0x23,0xff,0x94,0x23,0xff,0x94,0x23,0xff,0x94,0x23,0xff,0x94,0x23,0xff,0x94,0x23,0xff,0x94,0x23,0xff,0xf0,0x1a,0xff,
  0xc,0x12,0xff,0xc,0x12,0xff,0xc,0x12,0xff,0xc,0x12,0xff,0xc,0x12,0xff,0xb,0x12,0xfc,0xb,0x12,0x5c,0x0,0x0,0x0,
  0x0,0x0,0x0,0x0,0x0,0x0,0x0,0x0,0x0,0x0,0x0,0x0,0x0,0x0,0x0,0x0,0x0,0x0,0x0,0x0,0x0,0x0,0x0,0x0,
  0x0,0x0,0x0,0x0,0x0,0x0,0x0,0x0,0x0,0x0,0x0,0x0,0x0,0x0,0x0,0x0,0x0,0x0,0x0,0x0,0x0,0x0,0x0,0x0,
  0x0,0x0,0x0,0x0,0x0,0x0,0x0,0x0,0x0,0x0,0x0,0x0,0x0,0x0,0x0,0x0,0x0,0x0,0x0,0x0,0x0,0x0,0x0,0x0,
  0x0,0x0,0x0,0x0,0x0,0x0,0x0,0x0,0x0,0x0,0x0,0x0,0x0,0x0,0x0,0x0,0x0,0x0,0x0,0x0,0x0,0x0,0x0,0x0,
  0x0,0x0,0x0,0x0,0x0,0x0,0x0,0x0,0x0,0x0,0x0,0x0,0x0,0x0,0x0,0x0,0x0,0x0,0x0,0x0,0x0,0x0,0x0,0x0,
  0x0,0x0,0x0,0x0,0x0,0x0,0x0,0x0,0x0,0x0,0x0,0x0,0x0,0x0,0x0,0x0,0x0,0x0,0x0,0x0,0x0,0x0,0x0,0x0,
  0x0,0x0,0x0,0x0,0x0,0x0,0x0,0x0,0x0,0x0,0x0,0x0,0x0,0x0,0x0,0x0,0x0,0x0,0x0,0x0,0x0,0x0,0x0,0x0,
  0x0,0x0,0x0,0x0,0x0,0x0,0x0,0x0,0x0,0x0,0x0,0x0,0x0,0x0,0x0,0x0,0x0,0x0,0x0,0x0,0x0,0x0,0x0,0x0,
  0x0,0x0,0x0,0x0,0x0,0x0,0x0,0x0,0x0,0x0,0x0,0x0,0x0,0x0,0x0,0x0,0x0,0x0,0x0,0x0,0x0,0x0,0x0,0x0,
  0x0,0x0,0x0,0x0,0x0,0x0,0x0,0x0,0x0,0x0,0x0,0x0,0x0,0x0,0x0,0x0,0x0,0x0,0x0,0x0,0x0,0x0,0x0,0x0,
  0x0,0x0,0x0,0x0,0x0,0x0,0x0,0x0,0x0,0x0,0x0,0x0,0x0,0x0,0x0,0x0,0x0,0x0,0x0,0x0,0x0,0x0,0x0,0x0,
  0x0,0x0,0x0,0x0,0x0,0x0,0x0,0x0,0x0,0x0,0x0,0x0,0x0,0x0,0x0,0x0,0x0,0x0,0x0,0x0,0x0,0x0,0x0,0x0,
  0x0,0x0,0x0,0x0,0x0,0x0,0xb,0x12,0x5c,0xb,0x12,0xfc,0xc,0x12,0xff,0xc,0x12,0xff,0xc,0x12,0xff,0xc,0x12,0xff,
  0xc,0x12,0xff,0xf0,0x1a,0xff,0x94,0x23,0xff,0x94,0x23,0xff,0x94,0x23,0xff,0x94,0x23,0xff,0x94,0x23,0xff,0x94,0x23,0xff,
  0x94,0x23,0xff,0x94,0x23,0xff,0x94,0x23,0xff,0x94,0x23,0xff,0x94,0x23,0xff,0x94,0x23,0xff,0x94,0x23,0xff,0x94,0x23,0xff,
  0x94,0x23,0xff,0x94,0x23,0xff,0x94,0x23,0xff,0x94,0x23,0xff,0x94,0x23,0xff,0x94,0x23,0xff,0x94,0x23,0xff,0x94,0x23,0xff,
  0x94,0x23,0xff,0x94,0x23,0xff,0x94,0x23,0xff,0x94,0x23,0xff,0x94,0x23,0xff,0x94,0x23,0xff,0xf0,0x1a,0xff,0xc,0x12,0xff,
  0xc,0x12,0xff,0xc,0x12,0xff,0xc,0x12,0xff,0xc,0x12,0xff,0xb,0x12,0xfc,0xb,0x12,0x5c,0x0,0x0,0x0,0x0,0x0,0x0,
  0x0,0x0,0x0,0x0,0x0,0x0,0x0,0x0,0x0,0x0,0x0,0x0,0x0,0x0,0x0,0x0,0x0,0x0,0x0,0x0,0x0,0x0,0x0,0x0,
  0x0,0x0,0x0,0x0,0x0,0x0,0x0,0x0,0x0,0x0,0x0,0x0,0x0,0x0,0x0,0x0,0x0,0x0,0x0,0x0,0x0,0x0,0x0,0x0,
  0x0,0x0,0x0,0x0,0x0,0x0,0x0,0x0,0x0,0x0,0x0,0x0,0x0,0x0,0x0,0x0,0x0,0x0,0x0,0x0,0x0,0x0,0x0,0x0,
  0x0,0x0,0x0,0x0,0x0,0x0,0x0,0x0,0x0,0x0,0x0,0x0,0x0,0x0,0x0,0x0,0x0,0x0,0x0,0x0,0x0,0x0,0x0,0x0,
  0x0,0x0,0x0,0x0,0x0,0x0,0x0,0x0,0x0,0x0,0x0,0x0,0x0,0x0,0x0,0x0,0x0,0x0,0x0,0x0,0x0,0x0,0x0,0x0,
  0x0,0x0,0x0,0x0,0x0,0x0,0x0,0x0,0x0,0x0,0x0,0x0,0x0,0x0,0x0,0x0,0x0,0x0,0x0,0x0,0x0,0x0,0x0,0x0,
  0x0,0x0,0x0,0x0,0x0,0x0,0x0,0x0,0x0,0x0,0x0,0x0,0x0,0x0,0x0,0x0,0x0,0x0,0x0,0x0,0x0,0x0,0x0,0x0,
  0x0,0x0,0x0,0x0,0x0,0x0,0x0,0x0,0x0,0x0,0x0,0x0,0x0,0x0,0x0,0x0,0x0,0x0,0x0,0x0,0x0,0x0,0x0,0x0,
  0x0,0x0,0x0,0x0,0x0,0x0,0x0,0x0,0x0,0x0,0x0,0x0,0x0,0x0,0x0,0x0,0x0,0x0,0x0,0x0,0x0,0x0,0x0,0x0,
  0x0,0x0,0x0,0x0,0x0,0x0,0x0,0x0,0x0,0x0,0x0,0x0,0x0,0x0,0x0,0x0,0x0,0x0,0x0,0x0,0x0,0x0,0x0,0x0,
  0x0,0x0,0x0,0x0,0x0,0x0,0x0,0x0,0x0,0x0,0x0,0x0,0x0,0x0,0x0,0x0,0x0,0x0,0x0,0x0,0x0,0x0,0x0,0x0,
  0x0,0x0,0x0,0x0,0x0,0x0,0x0,0x0,0x0,0x0,0x0,0x0,0x0,0x0,0x0,0x0,0x0,0x0,0x0,0x0,0x0,0x0,0x0,0x0,
  0x0,0x0,0x0,0x0,0x0,0x0,0x0,0x0,0x0,0xb,0x12,0x5c,0xb,0x12,0xfc,0xc,0x12,0xff,0xc,0x12,0xff,0xc,0x12,0xff,
  0xc,0x12,0xff,0xc,0x12,0xff,0xf0,0x1a,0xff,0x94,0x23,0xff,0x94,0x23,0xff,0x94,0x23,0xff,0x94,0x23,0xff,0x94,0x23,0xff,
  0x94,0x23,0xff,0x94,0x23,0xff,0x94,0x23,0xff,0x94,0x23,0xff,0x94,0x23,0xff,0x94,0x23,0xff,0x94,0x23,0xff,0x94,0x23,0xff,
  0x94,0x23,0xff,0x94,0x23,0xff,0x94,0x23,0xff,0x94,0x23,0xff,0x94,0x23,0xff,0x94,0x23,0xff,0x94,0x23,0xff,0x94,0x23,0xff,
  0x94,0x23,0xff,0x94,0x23,0xff,0x94,0x23,0xff,0x94,0x23,0xff,0x94,0x23,0xff,0xf0,0x1a,0xff,0xc,0x12,0xff,0xc,0x12,0xff,
  0xc,0x12,0xff,0xc,0x12,0xff,0xc,0x12,0xff,0xb,0x12,0xfc,0xb,0x12,0x5c,0x0,0x0,0x0,0x0,0x0,0x0,0x0,0x0,0x0,
  0x0,0x0,0x0,0x0,0x0,0x0,0x0,0x0,0x0,0x0,0x0,0x0,0x0,0x0,0x0,0x0,0x0,0x0,0x0,0x0,0x0,0x0,0x0,0x0,
  0x0,0x0,0x0,0x0,0x0,0x0,0x0,0x0,0x0,0x0,0x0,0x0,0x0,0x0,0x0,0x0,0x0,0x0,0x0,0x0,0x0,0x0,0x0,0x0,
  0x0,0x0,0x0,0x0,0x0,0x0,0x0,0x0,0x0,0x0,0x0,0x0,0x0,0x0,0x0,0x0,0x0,0x0,0x0,0x0,0x0,0x0,0x0,0x0,
  0x0,0x0,0x0,0x0,0x0,0x0,0x0,0x0,0x0,0x0,0x0,0x0,0x0,0x0,0x0,0x0,0x0,0x0,0x0,0x0,0x0,0x0,0x0,0x0,
  0x0,0x0,0x0,0x0,0x0,0x0,0x0,0x0,0x0,0x0,0x0,0x0,0x0,0x0,0x0,0x0,0x0,0x0,0x0,0x0,0x0,0x0,0x0,0x0,
  0x0,0x0,0x0,0x0,0x0,0x0,0x0,0x0,0x0,0x0,0x0,0x0,0x0,0x0,0x0,0x0,0x0,0x0,0x0,0x0,0x0,0x0,0x0,0x0,
  0x0,0x0,0x0,0x0,0x0,0x0,0x0,0x0,0x0,0x0,0x0,0x0,0x0,0x0,0x0,0x0,0x0,0x0,0x0,0x0,0x0,0x0,0x0,0x0,
  0x0,0x0,0x0,0x0,0x0,0x0,0x0,0x0,0x0,0x0,0x0,0x0,0x0,0x0,0x0,0x0,0x0,0x0,0x0,0x0,0x0,0x0,0x0,0x0,
  0x0,0x0,0x0,0x0,0x0,0x0,0x0,0x0,0x0,0x0,0x0,0x0,0x0,0x0,0x0,0x0,0x0,0x0,0x0,0x0,0x0,0x0,0x0,0x0,
  0x0,0x0,0x0,0x0,0x0,0x0,0x0,0x0,0x0,0x0,0x0,0x0,0x0,0x0,0x0,0x0,0x0,0x0,0x0,0x0,0x0,0x0,0x0,0x0,
  0x0,0x0,0x0,0x0,0x0,0x0,0x0,0x0,0x0,0x0,0x0,0x0,0x0,0x0,0x0,0x0,0x0,0x0,0x0,0x0,0x0,0x0,0x0,0x0,
  0x0,0x0,0x0,0x0,0x0,0x0,0x0,0x0,0x0,0x0,0x0,0x0,0x0,0x0,0x0,0x0,0x0,0x0,0x0,0x0,0x0,0x0,0x0,0x0,
  0x0,0x0,0x0,0x0,0x0,0x0,0x0,0x0,0x0,0x0,0x0,0x0,0xb,0x12,0x5c,0xb,0x12,0xfc,0xc,0x12,0xff,0xc,0x12,0xff,
  0xc,0x12,0xff,0xc,0x12,0xff,0xc,0x12,0xff,0xf0,0x1a,0xff,0x94,0x23,0xff,0x94,0x23,0xff,0x94,0x23,0xff,0x94,0x23,0xff,
  0x94,0x23,0xff,0x94,0x23,0xff,0x94,0x23,0xff,0x94,0x23,0xff,0x94,0x23,0xff,0x94,0x23,0xff,0x94,0x23,0xff,0x94,0x23,0xff,
  0x94,0x23,0xff,0x94,0x23,0xff,0x94,0x23,0xff,0x94,0x23,0xff,0x94,0x23,0xff,0x94,0x23,0xff,0x94,0x23,0xff,0x94,0x23,0xff,
  0x94,0x23,0xff,0x94,0x23,0xff,0x94,0x23,0xff,0x94,0x23,0xff,0xf0,0x1a,0xff,0xc,0x12,0xff,0xc,0x12,0xff,0xc,0x12,0xff,
  0xc,0x12,0xff,0xc,0x12,0xff,0xb,0x12,0xfc,0xb,0x12,0x5c,0x0,0x0,0x0,0x0,0x0,0x0,0x0,0x0,0x0,0x0,0x0,0x0,
  0x0,0x0,0x0,0x0,0x0,0x0,0x0,0x0,0x0,0x0,0x0,0x0,0x0,0x0,0x0,0x0,0x0,0x0,0x0,0x0,0x0,0x0,0x0,0x0,
  0x0,0x0,0x0,0x0,0x0,0x0,0x0,0x0,0x0,0x0,0x0,0x0,0x0,0x0,0x0,0x0,0x0,0x0,0x0,0x0,0x0,0x0,0x0,0x0,
  0x0,0x0,0x0,0x0,0x0,0x0,0x0,0x0,0x0,0x0,0x0,0x0,0x0,0x0,0x0,0x0,0x0,0x0,0x0,0x0,0x0,0x0,0x0,0x0,
  0x0,0x0,0x0,0x0,0x0,0x0,0x0,0x0,0x0,0x0,0x0,0x0,0x0,0x0,0x0,0x0,0x0,0x0,0x0,0x0,0x0,0x0,0x0,0x0,
  0x0,0x0,0x0,0x0,0x0,0x0,0x0,0x0,0x0,0x0,0x0,0x0,0x0,0x0,0x0,0x0,0x0,0x0,0x0,0x0,0x0,0x0,0x0,0x0,
  0x0,0x0,0x0,0x0,0x0,0x0,0x0,0x0,0x0,0x0,0x0,0x0,0x0,0x0,0x0,0x0,0x0,0x0,0x0,0x0,0x0,0x0,0x0,0x0,
  0x0,0x0,0x0,0x0,0x0,0x0,0x0,0x0,0x0,0x0,0x0,0x0,0x0,0x0,0x0,0x0,0x0,0x0,0x0,0x0,0x0,0x0,0x0,0x0,
  0x0,0x0,0x0,0x0,0x0,0x0,0x0,0x0,0x0,0x0,0x0,0x0,0x0,0x0,0x0,0x0,0x0,0x0,0x0,0x0,0x0,0x0,0x0,0x0,
  0x0,0x0,0x0,0x0,0x0,0x0,0x0,0x0,0x0,0x0,0x0,0x0,0x0,0x0,0x0,0x0,0x0,0x0,0x0,0x0,0x0,0x0,0x0,0x0,
  0x0,0x0,0x0,0x0,0x0,0x0,0x0,0x0,0x0,0x0,0x0,0x0,0x0,0x0,0x0,0x0,0x0,0x0,0x0,0x0,0x0,0x0,0x0,0x0,
  0x0,0x0,0x0,0x0,0x0,0x0,0x0,0x0,0x0,0x0,0x0,0x0,0x0,0x0,0x0,0x0,0x0,0x0,0x0,0x0,0x0,0x0,0x0,0x0,
  0x0,0x0,0x0,0x0,0x0,0x0,0x0,0x0,0x0,0x0,0x0,0x0,0x0,0x0,0x0,0x0,0x0,0x0,0x0,0x0,0x0,0x0,0x0,0x0,
  0x0,0x0,0x0,0x0,0x0,0x0,0x0,0x0,0x0,0x0,0x0,0x0,0x0,0x0,0x0,0xb,0x12,0x5c,0xb,0x12,0xfc,0xc,0x12,0xff,
  0xc,0x12,0xff,0xc,0x12,0xff,0xc,0x12,0xff,0xc,0x12,0xff,0xf0,0x1a,0xff,0x94,0x23,0xff,0x94,0x23,0xff,0x94,0x23,0xff,
  0x94,0x23,0xff,0x94,0x23,0xff,0x94,0x23,0xff,0x94,0x23,0xff,0x94,0x23,0xff,0x94,0x23,0xff,0x94,0x23,0xff,0x94,0x23,0xff,
  0x94,0x23,0xff,0x94,0x23,0xff,0x94,0x23,0xff,0x94,0x23,0xff,0x94,0x23,0xff,0x94,0x23,0xff,0x94,0x23,0xff,0x94,0x23,0xff,
  0x94,0x23,0xff,0x94,0x23,0xff,0x94,0x23,0xff,0xf0,0x1a,0xff,0xc,0x12,0xff,0xc,0x12,0xff,0xc,0x12,0xff,0xc,0x12,0xff,
  0xc,0x12,0xff,0xb,0x12,0xfc,0xb,0x12,0x5c,0x0,0x0,0x0,0x0,0x0,0x0,0x0,0x0,0x0,0x0,0x0,0x0,0x0,0x0,0x0,
  0x0,0x0,0x0,0x0,0x0,0x0,0x0,0x0,0x0,0x0,0x0,0x0,0x0,0x0,0x0,0x0,0x0,0x0,0x0,0x0,0x0,0x0,0x0,0x0,
  0x0,0x0,0x0,0x0,0x0,0x0,0x0,0x0,0x0,0x0,0x0,0x0,0x0,0x0,0x0,0x0,0x0,0x0,0x0,0x0,0x0,0x0,0x0,0x0,
  0x0,0x0,0x0,0x0,0x0,0x0,0x0,0x0,0x0,0x0,0x0,0x0,0x0,0x0,0x0,0x0,0x0,0x0,0x0,0x0,0x0,0x0,0x0,0x0,
  0x0,0x0,0x0,0x0,0x0,0x0,0x0,0x0,0x0,0x0,0x0,0x0,0x0,0x0,0x0,0x0,0x0,0x0,0x0,0x0,0x0,0x0,0x0,0x0,
  0x0,0x0,0x0,0x0,0x0,0x0,0x0,0x0,0x0,0x0,0x0,0x0,0x0,0x0,0x0,0x0,0x0,0x0,0x0,0x0,0x0,0x0,0x0,0x0,
  0x0,0x0,0x0,0x0,0x0,0x0,0x0,0x0,0x0,0x0,0x0,0x0,0x0,0x0,0x0,0x0,0x0,0x0,0x0,0x0,0x0,0x0,0x0,0x0,
  0x0,0x0,0x0,0x0,0x0,0x0,0x0,0x0,0x0,0x0,0x0,0x0,0x0,0x0,0x0,0x0,0x0,0x0,0x0,0x0,0x0,0x0,0x0,0x0,
  0x0,0x0,0x0,0x0,0x0,0x0,0x0,0x0,0x0,0x0,0x0,0x0,0x0,0x0,0x0,0x0,0x0,0x0,0x0,0x0,0x0,0x0,0x0,0x0,
  0x0,0x0,0x0,0x0,0x0,0x0,0x0,0x0,0x0,0x0,0x0,0x0,0x0,0x0,0x0,0x0,0x0,0x0,0x0,0x0,0x0,0x0,0x0,0x0,
  0x0,0x0,0x0,0x0,0x0,0x0,0x0,0x0,0x0,0x0,0x0,0x0,0x0,0x0,0x0,0x0,0x0,0x0,0x0,0x0,0x0,0x0,0x0,0x0,
  0x0,0x0,0x0,0x0,0x0,0x0,0x0,0x0,0x0,0x0,0x0,0x0,0x0,0x0,0x0,0x0,0x0,0x0,0x0,0x0,0x0,0x0,0x0,0x0,
  0x0,0x0,0x0,0x0,0x0,0x0,0x0,0x0,0x0,0x0,0x0,0x0,0x0,0x0,0x0,0x0,0x0,0x0,0x0,0x0,0x0,0x0,0x0,0x0,
  0x0,0x0,0x0,0x0,0x0,0x0,0x0,0x0,0x0,0x0,0x0,0x0,0x0,0x0,0x0,0x0,0x0,0x0,0xb,0x12,0x5c,0xb,0x12,0xfc,
  0xc,0x12,0xff,0xc,0x12,0xff,0xc,0x12,0xff,0xc,0x12,0xff,0xc,0x12,0xff,0xf0,0x1a,0xff,0x94,0x23,0xff,0x94,0x23,0xff,
  0x94,0x23,0xff,0x94,0x23,0xff,0x94,0x23,0xff,0x94,0x23,0xff,0x94,0x23,0xff,0x94,0x23,0xff,0x94,0x23,0xff,0x94,0x23,0xff,
  0x94,0x23,0xff,0x94,0x23,0xff,0x94,0x23,0xff,0x94,0x23,0xff,0x94,0x23,0xff,0x94,0x23,0xff,0x94,0x23,0xff,0x94,0x23,0xff,
  0x94,0x23,0xff,0x94,0x23,0xff,0xf0,0x1a,0xff,0xc,0x12,0xff,0xc,0x12,0xff,0xc,0x12,0xff,0xc,0x12,0xff,0xc,0x12,0xff,
  0xb,0x12,0xfc,0xb,0x12,0x5c,0x0,0x0,0x0,0x0,0x0,0x0,0x0,0x0,0x0,0x0,0x0,0x0,0x0,0x0,0x0,0x0,0x0,0x0,
  0x0,0x0,0x0,0x0,0x0,0x0,0x0,0x0,0x0,0x0,0x0,0x0,0x0,0x0,0x0,0x0,0x0,0x0,0x0,0x0,0x0,0x0,0x0,0x0,
  0x0,0x0,0x0,0x0,0x0,0x0,0x0,0x0,0x0,0x0,0x0,0x0,0x0,0x0,0x0,0x0,0x0,0x0,0x0,0x0,0x0,0x0,0x0,0x0,
  0x0,0x0,0x0,0x0,0x0,0x0,0x0,0x0,0x0,0x0,0x0,0x0,0x0,0x0,0x0,0x0,0x0,0x0,0x0,0x0,0x0,0x0,0x0,0x0,
  0x0,0x0,0x0,0x0,0x0,0x0,0x0,0x0,0x0,0x0,0x0,0x0,0x0,0x0,0x0,0x0,0x0,0x0,0x0,0x0,0x0,0x0,0x0,0x0,
  0x0,0x0,0x0,0x0,0x0,0x0,0x0,0x0,0x0,0x0,0x0,0x0,0x0,0x0,0x0,0x0,0x0,0x0,0x0,0x0,0x0,0x0,0x0,0x0,
  0x0,0x0,0x0,0x0,0x0,0x0,0x0,0x0,0x0,0x0,0x0,0x0,0x0,0x0,0x0,0x0,0x0,0x0,0x0,0x0,0x0,0x0,0x0,0x0,
  0x0,0x0,0x0,0x0,0x0,0x0,0x0,0x0,0x0,0x0,0x0,0x0,0x0,0x0,0x0,0x0,0x0,0x0,0x0,0x0,0x0,0x0,0x0,0x0,
  0x0,0x0,0x0,0x0,0x0,0x0,0x0,0x0,0x0,0x0,0x0,0x0,0x0,0x0,0x0,0x0,0x0,0x0,0x0,0x0,0x0,0x0,0x0,0x0,
  0x0,0x0,0x0,0x0,0x0,0x0,0x0,0x0,0x0,0x0,0x0,0x0,0x0,0x0,0x0,0x0,0x0,0x0,0x0,0x0,0x0,0x0,0x0,0x0,
  0x0,0x0,0x0,0x0,0x0,0x0,0x0,0x0,0x0,0x0,0x0,0x0,0x0,0x0,0x0,0x0,0x0,0x0,0x0,0x0,0x0,0x0,0x0,0x0,
  0x0,0x0,0x0,0x0,0x0,0x0,0x0,0x0,0x0,0x0,0x0,0x0,0x0,0x0,0x0,0x0,0x0,0x0,0x0,0x0,0x0,0x0,0x0,0x0,
  0x0,0x0,0x0,0x0,0x0,0x0,0x0,0x0,0x0,0x0,0x0,0x0,0x0,0x0,0x0,0x0,0x0,0x0,0x0,0x0,0x0,0x0,0x0,0x0,
  0x0,0x0,0x0,0x0,0x0,0x0,0x0,0x0,0x0,0x0,0x0,0x0,0x0,0x0,0x0,0x0,0x0,0x0,0x0,0x0,0x0,0xb,0x12,0x5c,
  0xb,0x12,0xfc,0xc,0x12,0xff,0xc,0x12,0xff,0xc,0x12,0xff,0xc,0x12,0xff,0xc,0x12,0xff,0xf0,0x1a,0xff,0x94,0x23,0xff,
  0x94,0x23,0xff,0x94,0x23,0xff,0x94,0x23,0xff,0x94,0x23,0xff,0x94,0x23,0xff,0x94,0x23,0xff,0x94,0x23,0xff,0x94,0x23,0xff,
  0x94,0x23,0xff,0x94,0x23,0xff,0x94,0x23,0xff,0x94,0x23,0xff,0x94,0x23,0xff,0x94,0x23,0xff,0x94,0x23,0xff,0x94,0x23,0xff,
  0x94,0x23,0xff,0xf0,0x1a,0xff,0xc,0x12,0xff,0xc,0x12,0xff,0xc,0x12,0xff,0xc,0x12,0xff,0xc,0x12,0xff,0xb,0x12,0xfc,
  0xb,0x12,0x5c,0x0,0x0,0x0,0x0,0x0,0x0,0x0,0x0,0x0,0x0,0x0,0x0,0x0,0x0,0x0,0x0,0x0,0x0,0x0,0x0,0x0,
  0x0,0x0,0x0,0x0,0x0,0x0,0x0,0x0,0x0,0x0,0x0,0x0,0x0,0x0,0x0,0x0,0x0,0x0,0x0,0x0,0x0,0x0,0x0,0x0,
  0x0,0x0,0x0,0x0,0x0,0x0,0x0,0x0,0x0,0x0,0x0,0x0,0x0,0x0,0x0,0x0,0x0,0x0,0x0,0x0,0x0,0x0,0x0,0x0,
  0x0,0x0,0x0,0x0,0x0,0x0,0x0,0x0,0x0,0x0,0x0,0x0,0x0,0x0,0x0,0x0,0x0,0x0,0x0,0x0,0x0,0x0,0x0,0x0,
  0x0,0x0,0x0,0x0,0x0,0x0,0x0,0x0,0x0,0x0,0x0,0x0,0x0,0x0,0x0,0x0,0x0,0x0,0x0,0x0,0x0,0x0,0x0,0x0,
  0x0,0x0,0x0,0x0,0x0,0x0,0x0,0x0,0x0,0x0,0x0,0x0,0x0,0x0,0x0,0x0,0x0,0x0,0x0,0x0,0x0,0x0,0x0,0x0,
  0x0,0x0,0x0,0x0,0x0,0x0,0x0,0x0,0x0,0x0,0x0,0x0,0x0,0x0,0x0,0x0,0x0,0x0,0x0,0x0,0x0,0x0,0x0,0x0,
  0x0,0x0,0x0,0x0,0x0,0x0,0x0,0x0,0x0,0x0,0x0,0x0,0x0,0x0,0x0,0x0,0x0,0x0,0x0,0x0,0x0,0x0,0x0,0x0,
  0x0,0x0,0x0,0x0,0x0,0x0,0x0,0x0,0x0,0x0,0x0,0x0,0x0,0x0,0x0,0x0,0x0,0x0,0x0,0x0,0x0,0x0,0x0,0x0,
  0x0,0x0,0x0,0x0,0x0,0x0,0x0,0x0,0x0,0x0,0x0,0x0,0x0,0x0,0x0,0x0,0x0,0x0,0x0,0x0,0x0,0x0,0x0,0x0,
  0x0,0x0,0x0,0x0,0x0,0x0,0x0,0x0,0x0,0x0,0x0,0x0,0x0,0x0,0x0,0x0,0x0,0x0,0x0,0x0,0x0,0x0,0x0,0x0,
  0x0,0x0,0x0,0x0,0x0,0x0,0x0,0x0,0x0,0x0,0x0,0x0,0x0,0x0,0x0,0x0,0x0,0x0,0x0,0x0,0x0,0x0,0x0,0x0,
  0x0,0x0,0x0,0x0,0x0,0x0,0x0,0x0,0x0,0x0,0x0,0x0,0x0,0x0,0x0,0x0,0x0,0x0,0x0,0x0,0x0,0x0,0x0,0x0,
  0x0,0x0,0x0,0x0,0x0,0x0,0x0,0x0,0x0,0x0,0x0,0x0,0x0,0x0,0x0,0x0,0x0,0x0,0x0,0x0,0x0,0x0,0x0,0x0,
  0xb,0x12,0x5c,0xb,0x12,0xfc,0xc,0x12,0xff,0xc,0x12,0xff,0xc,0x12,0xff,0xc,0x12,0xff,0xc,0x12,0xff,0xf0,0x1a,0xff,
  0x94,0x23,0xff,0x94,0x23,0xff,0x94,0x23,0xff,0x94,0x23,0xff,0x94,0x23,0xff,0x94,0x23,0xff,0x94,0x23,0xff,0x94,0x23,0xff,
  0x94,0x23,0xff,0x94,0x23,0xff,0x94,0x23,0xff,0x94,0x23,0xff,0x94,0x23,0xff,0x94,0x23,0xff,0x94,0x23,0xff,0x94,0x23,0xff,
  0xf0,0x1a,0xff,0xc,0x12,0xff,0xc,0x12,0xff,0xc,0x12,0xff,0xc,0x12,0xff,0xc,0x12,0xff,0xb,0x12,0xfc,0xb,0x12,0x5c,
  0x0,0x0,0x0,0x0,0x0,0x0,0x0,0x0,0x0,0x0,0x0,0x0,0x0,0x0,0x0,0x0,0x0,0x0,0x0,0x0,0x0,0x0,0x0,0x0,
  0x0,0x0,0x0,0x0,0x0,0x0,0x0,0x0,0x0,0x0,0x0,0x0,0x0,0x0,0x0,0x0,0x0,0x0,0x0,0x0,0x0,0x0,0x0,0x0,
  0x0,0x0,0x0,0x0,0x0,0x0,0x0,0x0,0x0,0x0,0x0,0x0,0x0,0x0,0x0,0x0,0x0,0x0,0x0,0x0,0x0,0x0,0x0,0x0,
  0x0,0x0,0x0,0x0,0x0,0x0,0x0,0x0,0x0,0x0,0x0,0x0,0x0,0x0,0x0,0x0,0x0,0x0,0x0,0x0,0x0,0x0,0x0,0x0,
  0x0,0x0,0x0,0x0,0x0,0x0,0x0,0x0,0x0,0x0,0x0,0x0,0x0,0x0,0x0,0x0,0x0,0x0,0x0,0x0,0x0,0x0,0x0,0x0,
  0x0,0x0,0x0,0x0,0x0,0x0,0x0,0x0,0x0,0x0,0x0,0x0,0x0,0x0,0x0,0x0,0x0,0x0,0x0,0x0,0x0,0x0,0x0,0x0,
  0x0,0x0,0x0,0x0,0x0,0x0,0x0,0x0,0x0,0x0,0x0,0x0,0x0,0x0,0x0,0x0,0x0,0x0,0x0,0x0,0x0,0x0,0x0,0x0,
  0x0,0x0,0x0,0x0,0x0,0x0,0x0,0x0,0x0,0x0,0x0,0x0,0x0,0x0,0x0,0x0,0x0,0x0,0x0,0x0,0x0,0x0,0x0,0x0,
  0x0,0x0,0x0,0x0,0x0,0x0,0x0,0x0,0x0,0x0,0x0,0x0,0x0,0x0,0x0,0x0,0x0,0x0,0x0,0x0,0x0,0x0,0x0,0x0,
  0x0,0x0,0x0,0x0,0x0,0x0,0x0,0x0,0x0,0x0,0x0,0x0,0x0,0x0,0x0,0x0,0x0,0x0,0x0,0x0,0x0,0x0,0x0,0x0,
  0x0,0x0,0x0,0x0,0x0,0x0,0x0,0x0,0x0,0x0,0x0,0x0,0x0,0x0,0x0,0x0,0x0,0x0,0x0,0x0,0x0,0x0,0x0,0x0,
  0x0,0x0,0x0,0x0,0x0,0x0,0x0,0x0,0x0,0x0,0x0,0x0,0x0,0x0,0x0,0x0,0x0,0x0,0x0,0x0,0x0,0x0,0x0,0x0,
  0x0,0x0,0x0,0x0,0x0,0x0,0x0,0x0,0x0,0x0,0x0,0x0,0x0,0x0,0x0,0x0,0x0,0x0,0x0,0x0,0x0,0x0,0x0,0x0,
  0x0,0x0,0x0,0x0,0x0,0x0,0x0,0x0,0x0,0x0,0x0,0x0,0x0,0x0,0x0,0x0,0x0,0x0,0x0,0x0,0x0,0x0,0x0,0x0,
  0x0,0x0,0x0,0xb,0x12,0x5c,0xb,0x12,0xfc,0xc,0x12,0xff,0xc,0x12,0xff,0xc,0x12,0xff,0xc,0x12,0xff,0xc,0x12,0xff,
  0xf0,0x1a,0xff,0x94,0x23,0xff,0x94,0x23,0xff,0x94,0x23,0xff,0x94,0x23,0xff,0x94,0x23,0xff,0x94,0x23,0xff,0x94,0x23,0xff,
  0x94,0x23,0xff,0x94,0x23,0xff,0x94,0x23,0xff,0x94,0x23,0xff,0x94,0x23,0xff,0x94,0x23,0xff,0x94,0x23,0xff,0xf0,0x1a,0xff,
  0xc,0x12,0xff,0xc,0x12,0xff,0xc,0x12,0xff,0xc,0x12,0xff,0xc,0x12,0xff,0xb,0x12,0xfc,0xb,0x12,0x5c,0x0,0x0,0x0,
  0x0,0x0,0x0,0x0,0x0,0x0,0x0,0x0,0x0,0x0,0x0,0x0,0x0,0x0,0x0,0x0,0x0,0x0,0x0,0x0,0x0,0x0,0x0,0x0,
  0x0,0x0,0x0,0x0,0x0,0x0,0x0,0x0,0x0,0x0,0x0,0x0,0x0,0x0,0x0,0x0,0x0,0x0,0x0,0x0,0x0,0x0,0x0,0x0,
  0x0,0x0,0x0,0x0,0x0,0x0,0x0,0x0,0x0,0x0,0x0,0x0,0x0,0x0,0x0,0x0,0x0,0x0,0x0,0x0,0x0,0x0,0x0,0x0,
  0x0,0x0,0x0,0x0,0x0,0x0,0x0,0x0,0x0,0x0,0x0,0x0,0x0,0x0,0x0,0x0,0x0,0x0,0x0,0x0,0x0,0x0,0x0,0x0,
  0x0,0x0,0x0,0x0,0x0,0x0,0x0,0x0,0x0,0x0,0x0,0x0,0x0,0x0,0x0,0x0,0x0,0x0,0x0,0x0,0x0,0x0,0x0,0x0,
  0x0,0x0,0x0,0x0,0x0,0x0,0x0,0x0,0x0,0x0,0x0,0x0,0x0,0x0,0x0,0x0,0x0,0x0,0x0,0x0,0x0,0x0,0x0,0x0,
  0x0,0x0,0x0,0x0,0x0,0x0,0x0,0x0,0x0,0x0,0x0,0x0,0x0,0x0,0x0,0x0,0x0,0x0,0x0,0x0,0x0,0x0,0x0,0x0,
  0x0,0x0,0x0,0x0,0x0,0x0,0x0,0x0,0x0,0x0,0x0,0x0,0x0,0x0,0x0,0x0,0x0,0x0,0x0,0x0,0x0,0x0,0x0,0x0,
  0x0,0x0,0x0,0x0,0x0,0x0,0x0,0x0,0x0,0x0,0x0,0x0,0x0,0x0,0x0,0x0,0x0,0x0,0x0,0x0,0x0,0x0,0x0,0x0,
  0x0,0x0,0x0,0x0,0x0,0x0,0x0,0x0,0x0,0x0,0x0,0x0,0x0,0x0,0x0,0x0,0x0,0x0,0x0,0x0,0x0,0x0,0x0,0x0,
  0x0,0x0,0x0,0x0,0x0,0x0,0x0,0x0,0x0,0x0,0x0,0x0,0x0,0x0,0x0,0x0,0x0,0x0,0x0,0x0,0x0,0x0,0x0,0x0,
  0x0,0x0,0x0,0x0,0x0,0x0,0x0,0x0,0x0,0x0,0x0,0x0,0x0,0x0,0x0,0x0,0x0,0x0,0x0,0x0,0x0,0x0,0x0,0x0,
  0x0,0x0,0x0,0x0,0x0,0x0,0x0,0x0,0x0,0x0,0x0,0x0,0x0,0x0,0x0,0x0,0x0,0x0,0x0,0x0,0x0,0x0,0x0,0x0,
  0x0,0x0,0x0,0x0,0x0,0x0,0x0,0x0,0x0,0x0,0x0,0x0,0x0,0x0,0x0,0x0,0x0,0x0,0x0,0x0,0x0,0x0,0x0,0x0,
  0x0,0x0,0x0,0x0,0x0,0x0,0xb,0x12,0x5c,0xb,0x12,0xfc,0xc,0x12,0xff,0xc,0x12,0xff,0xc,0x12,0xff,0xc,0x12,0xff,
  0xc,0x12,0xff,0xf0,0x1a,0xff,0x94,0x23,0xff,0x94,0x23,0xff,0x94,0x23,0xff,0x94,0x23,0xff,0x94,0x23,0xff,0x94,0x23,0xff,
  0x94,0x23,0xff,0x94,0x23,0xff,0x94,0x23,0xff,0x94,0x23,0xff,0x94,0x23,0xff,0x94,0x23,0xff,0xf0,0x1a,0xff,0xc,0x12,0xff,
  0xc,0x12,0xff,0xc,0x12,0xff,0xc,0x12,0xff,0xc,0x12,0xff,0xb,0x12,0xfc,0xb,0x12,0x5c,0x0,0x0,0x0,0x0,0x0,0x0,
  0x0,0x0,0x0,0x0,0x0,0x0,0x0,0x0,0x0,0x0,0x0,0x0,0x0,0x0,0x0,0x0,0x0,0x0,0x0,0x0,0x0,0x0,0x0,0x0,
  0x0,0x0,0x0,0x0,0x0,0x0,0x0,0x0,0x0,0x0,0x0,0x0,0x0,0x0,0x0,0x0,0x0,0x0,0x0,0x0,0x0,0x0,0x0,0x0,
  0x0,0x0,0x0,0x0,0x0,0x0,0x0,0x0,0x0,0x0,0x0,0x0,0x0,0x0,0x0,0x0,0x0,0x0,0x0,0x0,0x0,0x0,0x0,0x0,
  0x0,0x0,0x0,0x0,0x0,0x0,0x0,0x0,0x0,0x0,0x0,0x0,0x0,0x0,0x0,0x0,0x0,0x0,0x0,0x0,0x0,0x0,0x0,0x0,
  0x0,0x0,0x0,0x0,0x0,0x0,0x0,0x0,0x0,0x0,0x0,0x0,0x0,0x0,0x0,0x0,0x0,0x0,0x0,0x0,0x0,0x0,0x0,0x0,
  0x0,0x0,0x0,0x0,0x0,0x0,0x0,0x0,0x0,0x0,0x0,0x0,0x0,0x0,0x0,0x0,0x0,0x0,0x0,0x0,0x0,0x0,0x0,0x0,
  0x0,0x0,0x0,0x0,0x0,0x0,0x0,0x0,0x0,0x0,0x0,0x0,0x0,0x0,0x0,0x0,0x0,0x0,0x0,0x0,0x0,0x0,0x0,0x0,
  0x0,0x0,0x0,0x0,0x0,0x0,0x0,0x0,0x0,0x0,0x0,0x0,0x0,0x0,0x0,0x0,0x0,0x0,0x0,0x0,0x0,0x0,0x0,0x0,
  0x0,0x0,0x0,0x0,0x0,0x0,0x0,0x0,0x0,0x0,0x0,0x0,0x0,0x0,0x0,0x0,0x0,0x0,0x0,0x0,0x0,0x0,0x0,0x0,
  0x0,0x0,0x0,0x0,0x0,0x0,0x0,0x0,0x0,0x0,0x0,0x0,0x0,0x0,0x0,0x0,0x0,0x0,0x0,0x0,0x0,0x0,0x0,0x0,
  0x0,0x0,0x0,0x0,0x0,0x0,0x0,0x0,0x0,0x0,0x0,0x0,0x0,0x0,0x0,0x0,0x0,0x0,0x0,0x0,0x0,0x0,0x0,0x0,
  0x0,0x0,0x0,0x0,0x0,0x0,0x0,0x0,0x0,0x0,0x0,0x0,0x0,0x0,0x0,0x0,0x0,0x0,0x0,0x0,0x0,0x0,0x0,0x0,
  0x0,0x0,0x0,0x0,0x0,0x0,0x0,0x0,0x0,0x0,0x0,0x0,0x0,0x0,0x0,0x0,0x0,0x0,0x0,0x0,0x0,0x0,0x0,0x0,
  0x0,0x0,0x0,0x0,0x0,0x0,0x0,0x0,0x0,0x0,0x0,0x0,0x0,0x0,0x0,0x0,0x0,0x0,0x0,0x0,0x0,0x0,0x0,0x0,
  0x0,0x0,0x0,0x0,0x0,0x0,0x0,0x0,0x0,0xb,0x12,0x5c,0xb,0x12,0xfc,0xc,0x12,0xff,0xc,0x12,0xff,0xc,0x12,0xff,
  0xc,0x12,0xff,0xc,0x12,0xff,0xf0,0x1a,0xff,0x94,0x23,0xff,0x94,0x23,0xff,0x94,0x23,0xff,0x94,0x23,0xff,0x94,0x23,0xff,
  0x94,0x23,0xff,0x94,0x23,0xff,0x94,0x23,0xff,0x94,0x23,0xff,0x94,0x23,0xff,0xf0,0x1a,0xff,0xc,0x12,0xff,0xc,0x12,0xff,
  0xc,0x12,0xff,0xc,0x12,0xff,0xc,0x12,0xff,0xb,0x12,0xfc,0xb,0x12,0x5c,0x0,0x0,0x0,0x0,0x0,0x0,0x0,0x0,0x0,
  0x0,0x0,0x0,0x0,0x0,0x0,0x0,0x0,0x0,0x0,0x0,0x0,0x0,0x0,0x0,0x0,0x0,0x0,0x0,0x0,0x0,0x0,0x0,0x0,
  0x0,0x0,0x0,0x0,0x0,0x0,0x0,0x0,0x0,0x0,0x0,0x0,0x0,0x0,0x0,0x0,0x0,0x0,0x0,0x0,0x0,0x0,0x0,0x0,
  0x0,0x0,0x0,0x0,0x0,0x0,0x0,0x0,0x0,0x0,0x0,0x0,0x0,0x0,0x0,0x0,0x0,0x0,0x0,0x0,0x0,0x0,0x0,0x0,
  0x0,0x0,0x0,0x0,0x0,0x0,0x0,0x0,0x0,0x0,0x0,0x0,0x0,0x0,0x0,0x0,0x0,0x0,0x0,0x0,0x0,0x0,0x0,0x0,
  0x0,0x0,0x0,0x0,0x0,0x0,0x0,0x0,0x0,0x0,0x0,0x0,0x0,0x0,0x0,0x0,0x0,0x0,0x0,0x0,0x0,0x0,0x0,0x0,
  0x0,0x0,0x0,0x0,0x0,0x0,0x0,0x0,0x0,0x0,0x0,0x0,0x0,0x0,0x0,0x0,0x0,0x0,0x0,0x0,0x0,0x0,0x0,0x0,
  0x0,0x0,0x0,0x0,0x0,0x0,0x0,0x0,0x0,0x0,0x0,0x0,0x0,0x0,0x0,0x0,0x0,0x0,0x0,0x0,0x0,0x0,0x0,0x0,
  0x0,0x0,0x0,0x0,0x0,0x0,0x0,0x0,0x0,0x0,0x0,0x0,0x0,0x0,0x0,0x0,0x0,0x0,0x0,0x0,0x0,0x0,0x0,0x0,
  0x0,0x0,0x0,0x0,0x0,0x0,0x0,0x0,0x0,0x0,0x0,0x0,0x0,0x0,0x0,0x0,0x0,0x0,0x0,0x0,0x0,0x0,0x0,0x0,
  0x0,0x0,0x0,0x0,0x0,0x0,0x0,0x0,0x0,0x0,0x0,0x0,0x0,0x0,0x0,0x0,0x0,0x0,0x0,0x0,0x0,0x0,0x0,0x0,
  0x0,0x0,0x0,0x0,0x0,0x0,0x0,0x0,0x0,0x0,0x0,0x0,0x0,0x0,0x0,0x0,0x0,0x0,0x0,0x0,0x0,0x0,0x0,0x0,
  0x0,0x0,0x0,0x0,0x0,0x0,0x0,0x0,0x0,0x0,0x0,0x0,0x0,0x0,0x0,0x0,0x0,0x0,0x0,0x0,0x0,0x0,0x0,0x0,
  0x0,0x0,0x0,0x0,0x0,0x0,0x0,0x0,0x0,0x0,0x0,0x0,0x0,0x0,0x0,0x0,0x0,0x0,0x0,0x0,0x0,0x0,0x0,0x0,
  0x0,0x0,0x0,0x0,0x0,0x0,0x0,0x0,0x0,0x0,0x0,0x0,0x0,0x0,0x0,0x0,0x0,0x0,0x0,0x0,0x0,0x0,0x0,0x0,
  0x0,0x0,0x0,0x0,0x0,0x0,0x0,0x0,0x0,0x0,0x0,0x0,0xb,0x12,0x5c,0xb,0x12,0xfc,0xc,0x12,0xff,0xc,0x12,0xff,
  0xc,0x12,0xff,0xc,0x12,0xff,0xc,0x12,0xff,0xf0,0x1a,0xff,0x94,0x23,0xff,0x94,0x23,0xff,0x94,0x23,0xff,0x94,0x23,0xff,
  0x94,0x23,0xff,0x94,0x23,0xff,0x94,0x23,0xff,0x94,0x23,0xff,0xf0,0x1a,0xff,0xc,0x12,0xff,0xc,0x12,0xff,0xc,0x12,0xff,
  0xc,0x12,0xff,0xc,0x12,0xff,0xb,0x12,0xfc,0xb,0x12,0x5c,0x0,0x0,0x0,0x0,0x0,0x0,0x0,0x0,0x0,0x0,0x0,0x0,
  0x0,0x0,0x0,0x0,0x0,0x0,0x0,0x0,0x0,0x0,0x0,0x0,0x0,0x0,0x0,0x0,0x0,0x0,0x0,0x0,0x0,0x0,0x0,0x0,
  0x0,0x0,0x0,0x0,0x0,0x0,0x0,0x0,0x0,0x0,0x0,0x0,0x0,0x0,0x0,0x0,0x0,0x0,0x0,0x0,0x0,0x0,0x0,0x0,
  0x0,0x0,0x0,0x0,0x0,0x0,0x0,0x0,0x0,0x0,0x0,0x0,0x0,0x0,0x0,0x0,0x0,0x0,0x0,0x0,0x0,0x0,0x0,0x0,
  0x0,0x0,0x0,0x0,0x0,0x0,0x0,0x0,0x0,0x0,0x0,0x0,0x0,0x0,0x0,0x0,0x0,0x0,0x0,0x0,0x0,0x0,0x0,0x0,
  0x0,0x0,0x0,0x0,0x0,0x0,0x0,0x0,0x0,0x0,0x0,0x0,0x0,0x0,0x0,0x0,0x0,0x0,0x0,0x0,0x0,0x0,0x0,0x0,
  0x0,0x0,0x0,0x0,0x0,0x0,0x0,0x0,0x0,0x0,0x0,0x0,0x0,0x0,0x0,0x0,0x0,0x0,0x0,0x0,0x0,0x0,0x0,0x0,
  0x0,0x0,0x0,0x0,0x0,0x0,0x0,0x0,0x0,0x0,0x0,0x0,0x0,0x0,0x0,0x0,0x0,0x0,0x0,0x0,0x0,0x0,0x0,0x0,
  0x0,0x0,0x0,0x0,0x0,0x0,0x0,0x0,0x0,0x0,0x0,0x0,0x0,0x0,0x0,0x0,0x0,0x0,0x0,0x0,0x0,0x0,0x0,0x0,
  0x0,0x0,0x0,0x0,0x0,0x0,0x0,0x0,0x0,0x0,0x0,0x0,0x0,0x0,0x0,0x0,0x0,0x0,0x0,0x0,0x0,0x0,0x0,0x0,
  0x0,0x0,0x0,0x0,0x0,0x0,0x0,0x0,0x0,0x0,0x0,0x0,0x0,0x0,0x0,0x0,0x0,0x0,0x0,0x0,0x0,0x0,0x0,0x0,
  0x0,0x0,0x0,0x0,0x0,0x0,0x0,0x0,0x0,0x0,0x0,0x0,0x0,0x0,0x0,0x0,0x0,0x0,0x0,0x0,0x0,0x0,0x0,0x0,
  0x0,0x0,0x0,0x0,0x0,0x0,0x0,0x0,0x0,0x0,0x0,0x0,0x0,0x0,0x0,0x0,0x0,0x0,0x0,0x0,0x0,0x0,0x0,0x0,
  0x0,0x0,0x0,0x0,0x0,0x0,0x0,0x0,0x0,0x0,0x0,0x0,0x0,0x0,0x0,0x0,0x0,0x0,0x0,0x0,0x0,0x0,0x0,0x0,
  0x0,0x0,0x0,0x0,0x0,0x0,0x0,0x0,0x0,0x0,0x0,0x0,0x0,0x0,0x0,0x0,0x0,0x0,0x0,0x0,0x0,0x0,0x0,0x0,
  0x0,0x0,0x0,0x0,0x0,0x0,0x0,0x0,0x0,0x0,0x0,0x0,0x0,0x0,0x0,0xb,0x12,0x5c,0xb,0x12,0xfc,0xc,0x12,0xff,
  0xc,0x12,0xff,0xc,0x12,0xff,0xc,0x12,0xff,0xc,0x12,0xff,0xf0,0x1a,0xff,0x94,0x23,0xff,0x94,0x23,0xff,0x94,0x23,0xff,
  0x94,0x23,0xff,0x94,0x23,0xff,0x94,0x23,0xff,0xf0,0x1a,0xff,0xc,0x12,0xff,0xc,0x12,0xff,0xc,0x12,0xff,0xc,0x12,0xff,
  0xc,0x12,0xff,0xb,0x12,0xfc,0xb,0x12,0x5c,0x0,0x0,0x0,0x0,0x0,0x0,0x0,0x0,0x0,0x0,0x0,0x0,0x0,0x0,0x0,
  0x0,0x0,0x0,0x0,0x0,0x0,0x0,0x0,0x0,0x0,0x0,0x0,0x0,0x0,0x0,0x0,0x0,0x0,0x0,0x0,0x0,0x0,0x0,0x0,
  0x0,0x0,0x0,0x0,0x0,0x0,0x0,0x0,0x0,0x0,0x0,0x0,0x0,0x0,0x0,0x0,0x0,0x0,0x0,0x0,0x0,0x0,0x0,0x0,
  0x0,0x0,0x0,0x0,0x0,0x0,0x0,0x0,0x0,0x0,0x0,0x0,0x0,0x0,0x0,0x0,0x0,0x0,0x0,0x0,0x0,0x0,0x0,0x0,
  0x0,0x0,0x0,0x0,0x0,0x0,0x0,0x0,0x0,0x0,0x0,0x0,0x0,0x0,0x0,0x0,0x0,0x0,0x0,0x0,0x0,0x0,0x0,0x0,
  0x0,0x0,0x0,0x0,0x0,0x0,0x0,0x0,0x0,0x0,0x0,0x0,0x0,0x0,0x0,0x0,0x0,0x0,0x0,0x0,0x0,0x0,0x0,0x0,
  0x0,0x0,0x0,0x0,0x0,0x0,0x0,0x0,0x0,0x0,0x0,0x0,0x0,0x0,0x0,0x0,0x0,0x0,0x0,0x0,0x0,0x0,0x0,0x0,
  0x0,0x0,0x0,0x0,0x0,0x0,0x0,0x0,0x0,0x0,0x0,0x0,0x0,0x0,0x0,0x0,0x0,0x0,0x0,0x0,0x0,0x0,0x0,0x0,
  0x0,0x0,0x0,0x0,0x0,0x0,0x0,0x0,0x0,0x0,0x0,0x0,0x0,0x0,0x0,0x0,0x0,0x0,0x0,0x0,0x0,0x0,0x0,0x0,
  0x0,0x0,0x0,0x0,0x0,0x0,0x0,0x0,0x0,0x0,0x0,0x0,0x0,0x0,0x0,0x0,0x0,0x0,0x0,0x0,0x0,0x0,0x0,0x0,
  0x0,0x0,0x0,0x0,0x0,0x0,0x0,0x0,0x0,0x0,0x0,0x0,0x0,0x0,0x0,0x0,0x0,0x0,0x0,0x0,0x0,0x0,0x0,0x0,
  0x0,0x0,0x0,0x0,0x0,0x0,0x0,0x0,0x0,0x0,0x0,0x0,0x0,0x0,0x0,0x0,0x0,0x0,0x0,0x0,0x0,0x0,0x0,0x0,
  0x0,0x0,0x0,0x0,0x0,0x0,0x0,0x0,0x0,0x0,0x0,0x0,0x0,0x0,0x0,0x0,0x0,0x0,0x0,0x0,0x0,0x0,0x0,0x0,
  0x0,0x0,0x0,0x0,0x0,0x0,0x0,0x0,0x0,0x0,0x0,0x0,0x0,0x0,0x0,0x0,0x0,0x0,0x0,0x0,0x0,0x0,0x0,0x0,
  0x0,0x0,0x0,0x0,0x0,0x0,0x0,0x0,0x0,0x0,0x0,0x0,0x0,0x0,0x0,0x0,0x0,0x0,0x0,0x0,0x0,0x0,0x0,0x0,
  0x0,0x0,0x0,0x0,0x0,0x0,0x0,0x0,0x0,0x0,0x0,0x0,0x0,0x0,0x0,0x0,0x0,0x0,0xb,0x12,0x5c,0xb,0x12,0xfc,
  0xc,0x12,0xff,0xc,0x12,0xff,0xc,0x12,0xff,0xc,0x12,0xff,0xc,0x12,0xff,0xf0,0x1a,0xff,0x94,0x23,0xff,0x94,0x23,0xff,
  0x94,0x23,0xff,0x94,0x23,0xff,0xf0,0x1a,0xff,0xc,0x12,0xff,0xc,0x12,0xff,0xc,0x12,0xff,0xc,0x12,0xff,0xc,0x12,0xff,
  0xb,0x12,0xfc,0xb,0x12,0x5c,0x0,0x0,0x0,0x0,0x0,0x0,0x0,0x0,0x0,0x0,0x0,0x0,0x0,0x0,0x0,0x0,0x0,0x0,
  0x0,0x0,0x0,0x0,0x0,0x0,0x0,0x0,0x0,0x0,0x0,0x0,0x0,0x0,0x0,0x0,0x0,0x0,0x0,0x0,0x0,0x0,0x0,0x0,
  0x0,0x0,0x0,0x0,0x0,0x0,0x0,0x0,0x0,0x0,0x0,0x0,0x0,0x0,0x0,0x0,0x0,0x0,0x0,0x0,0x0,0x0,0x0,0x0,
  0x0,0x0,0x0,0x0,0x0,0x0,0x0,0x0,0x0,0x0,0x0,0x0,0x0,0x0,0x0,0x0,0x0,0x0,0x0,0x0,0x0,0x0,0x0,0x0,
  0x0,0x0,0x0,0x0,0x0,0x0,0x0,0x0,0x0,0x0,0x0,0x0,0x0,0x0,0x0,0x0,0x0,0x0,0x0,0x0,0x0,0x0,0x0,0x0,
  0x0,0x0,0x0,0x0,0x0,0x0,0x0,0x0,0x0,0x0,0x0,0x0,0x0,0x0,0x0,0x0,0x0,0x0,0x0,0x0,0x0,0x0,0x0,0x0,
  0x0,0x0,0x0,0x0,0x0,0x0,0x0,0x0,0x0,0x0,0x0,0x0,0x0,0x0,0x0,0x0,0x0,0x0,0x0,0x0,0x0,0x0,0x0,0x0,
  0x0,0x0,0x0,0x0,0x0,0x0,0x0,0x0,0x0,0x0,0x0,0x0,0x0,0x0,0x0,0x0,0x0,0x0,0x0,0x0,0x0,0x0,0x0,0x0,
  0x0,0x0,0x0,0x0,0x0,0x0,0x0,0x0,0x0,0x0,0x0,0x0,0x0,0x0,0x0,0x0,0x0,0x0,0x0,0x0,0x0,0x0,0x0,0x0,
  0x0,0x0,0x0,0x0,0x0,0x0,0x0,0x0,0x0,0x0,0x0,0x0,0x0,0x0,0x0,0x0,0x0,0x0,0x0,0x0,0x0,0x0,0x0,0x0,
  0x0,0x0,0x0,0x0,0x0,0x0,0x0,0x0,0x0,0x0,0x0,0x0,0x0,0x0,0x0,0x0,0x0,0x0,0x0,0x0,0x0,0x0,0x0,0x0,
  0x0,0x0,0x0,0x0,0x0,0x0,0x0,0x0,0x0,0x0,0x0,0x0,0x0,0x0,0x0,0x0,0x0,0x0,0x0,0x0,0x0,0x0,0x0,0x0,
  0x0,0x0,0x0,0x0,0x0,0x0,0x0,0x0,0x0,0x0,0x0,0x0,0x0,0x0,0x0,0x0,0x0,0x0,0x0,0x0,0x0,0x0,0x0,0x0,
  0x0,0x0,0x0,0x0,0x0,0x0,0x0,0x0,0x0,0x0,0x0,0x0,0x0,0x0,0x0,0x0,0x0,0x0,0x0,0x0,0x0,0x0,0x0,0x0,
  0x0,0x0,0x0,0x0,0x0,0x0,0x0,0x0,0x0,0x0,0x0,0x0,0x0,0x0,0x0,0x0,0x0,0x0,0x0,0x0,0x0,0x0,0x0,0x0,
  0x0,0x0,0x0,0x0,0x0,0x0,0x0,0x0,0x0,0x0,0x0,0x0,0x0,0x0,0x0,0x0,0x0,0x0,0x0,0x0,0x0,0xb,0x12,0x5c,
  0xb,0x12,0xfc,0xc,0x12,0xff,0xc,0x12,0xff,0xc,0x12,0xff,0xc,0x12,0xff,0xc,0x12,0xff,0xf0,0x1a,0xff,0x94,0x23,0xff,
  0x94,0x23,0xff,0xf0,0x1a,0xff,0xc,0x12,0xff,0xc,0x12,0xff,0xc,0x12,0xff,0xc,0x12,0xff,0xc,0x12,0xff,0xb,0x12,0xfc,
  0xb,0x12,0x5c,0x0,0x0,0x0,0x0,0x0,0x0,0x0,0x0,0x0,0x0,0x0,0x0,0x0,0x0,0x0,0x0,0x0,0x0,0x0,0x0,0x0,
  0x0,0x0,0x0,0x0,0x0,0x0,0x0,0x0,0x0,0x0,0x0,0x0,0x0,0x0,0x0,0x0,0x0,0x0,0x0,0x0,0x0,0x0,0x0,0x0,
  0x0,0x0,0x0,0x0,0x0,0x0,0x0,0x0,0x0,0x0,0x0,0x0,0x0,0x0,0x0,0x0,0x0,0x0,0x0,0x0,0x0,0x0,0x0,0x0,
  0x0,0x0,0x0,0x0,0x0,0x0,0x0,0x0,0x0,0x0,0x0,0x0,0x0,0x0,0x0,0x0,0x0,0x0,0x0,0x0,0x0,0x0,0x0,0x0,
  0x0,0x0,0x0,0x0,0x0,0x0,0x0,0x0,0x0,0x0,0x0,0x0,0x0,0x0,0x0,0x0,0x0,0x0,0x0,0x0,0x0,0x0,0x0,0x0,
  0x0,0x0,0x0,0x0,0x0,0x0,0x0,0x0,0x0,0x0,0x0,0x0,0x0,0x0,0x0,0x0,0x0,0x0,0x0,0x0,0x0,0x0,0x0,0x0,
  0x0,0x0,0x0,0x0,0x0,0x0,0x0,0x0,0x0,0x0,0x0,0x0,0x0,0x0,0x0,0x0,0x0,0x0,0x0,0x0,0x0,0x0,0x0,0x0,
  0x0,0x0,0x0,0x0,0x0,0x0,0x0,0x0,0x0,0x0,0x0,0x0,0x0,0x0,0x0,0x0,0x0,0x0,0x0,0x0,0x0,0x0,0x0,0x0,
  0x0,0x0,0x0,0x0,0x0,0x0,0x0,0x0,0x0,0x0,0x0,0x0,0x0,0x0,0x0,0x0,0x0,0x0,0x0,0x0,0x0,0x0,0x0,0x0,
  0x0,0x0,0x0,0x0,0x0,0x0,0x0,0x0,0x0,0x0,0x0,0x0,0x0,0x0,0x0,0x0,0x0,0x0,0x0,0x0,0x0,0x0,0x0,0x0,
  0x0,0x0,0x0,0x0,0x0,0x0,0x0,0x0,0x0,0x0,0x0,0x0,0x0,0x0,0x0,0x0,0x0,0x0,0x0,0x0,0x0,0x0,0x0,0x0,
  0x0,0x0,0x0,0x0,0x0,0x0,0x0,0x0,0x0,0x0,0x0,0x0,0x0,0x0,0x0,0x0,0x0,0x0,0x0,0x0,0x0,0x0,0x0,0x0,
  0x0,0x0,0x0,0x0,0x0,0x0,0x0,0x0,0x0,0x0,0x0,0x0,0x0,0x0,0x0,0x0,0x0,0x0,0x0,0x0,0x0,0x0,0x0,0x0,
  0x0,0x0,0x0,0x0,0x0,0x0,0x0,0x0,0x0,0x0,0x0,0x0,0x0,0x0,0x0,0x0,0x0,0x0,0x0,0x0,0x0,0x0,0x0,0x0,
  0x0,0x0,0x0,0x0,0x0,0x0,0x0,0x0,0x0,0x0,0x0,0x0,0x0,0x0,0x0,0x0,0x0,0x0,0x0,0x0,0x0,0x0,0x0,0x0,
  0x0,0x0,0x0,0x0,0x0,0x0,0x0,0x0,0x0,0x0,0x0,0x0,0x0,0x0,0x0,0x0,0x0,0x0,0x0,0x0,0x0,0x0,0x0,0x0,
  0xb,0x12,0x5c,0xb,0x12,0xfc,0xc,0x12,0xff,0xc,0x12,0xff,0xc,0x12,0xff,0xc,0x12,0xff,0xc,0x12,0xff,0xf0,0x1a,0xff,
  0xf0,0x1a,0xff,0xc,0x12,0xff,0xc,0x12,0xff,0xc,0x12,0xff,0xc,0x12,0xff,0xc,0x12,0xff,0xb,0x12,0xfc,0xb,0x12,0x5c,
  0x0,0x0,0x0,0x0,0x0,0x0,0x0,0x0,0x0,0x0,0x0,0x0,0x0,0x0,0x0,0x0,0x0,0x0,0x0,0x0,0x0,0x0,0x0,0x0,
  0x0,0x0,0x0,0x0,0x0,0x0,0x0,0x0,0x0,0x0,0x0,0x0,0x0,0x0,0x0,0x0,0x0,0x0,0x0,0x0,0x0,0x0,0x0,0x0,
  0x0,0x0,0x0,0x0,0x0,0x0,0x0,0x0,0x0,0x0,0x0,0x0,0x0,0x0,0x0,0x0,0x0,0x0,0x0,0x0,0x0,0x0,0x0,0x0,
  0x0,0x0,0x0,0x0,0x0,0x0,0x0,0x0,0x0,0x0,0x0,0x0,0x0,0x0,0x0,0x0,0x0,0x0,0x0,0x0,0x0,0x0,0x0,0x0,
  0x0,0x0,0x0,0x0,0x0,0x0,0x0,0x0,0x0,0x0,0x0,0x0,0x0,0x0,0x0,0x0,0x0,0x0,0x0,0x0,0x0,0x0,0x0,0x0,
  0x0,0x0,0x0,0x0,0x0,0x0,0x0,0x0,0x0,0x0,0x0,0x0,0x0,0x0,0x0,0x0,0x0,0x0,0x0,0x0,0x0,0x0,0x0,0x0,
  0x0,0x0,0x0,0x0,0x0,0x0,0x0,0x0,0x0,0x0,0x0,0x0,0x0,0x0,0x0,0x0,0x0,0x0,0x0,0x0,0x0,0x0,0x0,0x0,
  0x0,0x0,0x0,0x0,0x0,0x0,0x0,0x0,0x0,0x0,0x0,0x0,0x0,0x0,0x0,0x0,0x0,0x0,0x0,0x0,0x0,0x0,0x0,0x0,
  0x0,0x0,0x0,0x0,0x0,0x0,0x0,0x0,0x0,0x0,0x0,0x0,0x0,0x0,0x0,0x0,0x0,0x0,0x0,0x0,0x0,0x0,0x0,0x0,
  0x0,0x0,0x0,0x0,0x0,0x0,0x0,0x0,0x0,0x0,0x0,0x0,0x0,0x0,0x0,0x0,0x0,0x0,0x0,0x0,0x0,0x0,0x0,0x0,
  0x0,0x0,0x0,0x0,0x0,0x0,0x0,0x0,0x0,0x0,0x0,0x0,0x0,0x0,0x0,0x0,0x0,0x0,0x0,0x0,0x0,0x0,0x0,0x0,
  0x0,0x0,0x0,0x0,0x0,0x0,0x0,0x0,0x0,0x0,0x0,0x0,0x0,0x0,0x0,0x0,0x0,0x0,0x0,0x0,0x0,0x0,0x0,0x0,
  0x0,0x0,0x0,0x0,0x0,0x0,0x0,0x0,0x0,0x0,0x0,0x0,0x0,0x0,0x0,0x0,0x0,0x0,0x0,0x0,0x0,0x0,0x0,0x0,
  0x0,0x0,0x0,0x0,0x0,0x0,0x0,0x0,0x0,0x0,0x0,0x0,0x0,0x0,0x0,0x0,0x0,0x0,0x0,0x0,0x0,0x0,0x0,0x0,
  0x0,0x0,0x0,0x0,0x0,0x0,0x0,0x0,0x0,0x0,0x0,0x0,0x0,0x0,0x0,0x0,0x0,0x0,0x0,0x0,0x0,0x0,0x0,0x0,
  0x0,0x0,0x0,0x0,0x0,0x0,0x0,0x0,0x0,0x0,0x0,0x0,0x0,0x0,0x0,0x0,0x0,0x0,0x0,0x0,0x0,0x0,0x0,0x0,
  0x0,0x0,0x0,0xb,0x12,0x5c,0xb,0x12,0xfc,0xc,0x12,0xff,0xc,0x12,0xff,0xc,0x12,0xff,0xc,0x12,0xff,0xc,0x12,0xff,
  0xc,0x12,0xff,0xc,0x12,0xff,0xc,0x12,0xff,0xc,0x12,0xff,0xc,0x12,0xff,0xb,0x12,0xfc,0xb,0x12,0x5c,0x0,0x0,0x0,
  0x0,0x0,0x0,0x0,0x0,0x0,0x0,0x0,0x0,0x0,0x0,0x0,0x0,0x0,0x0,0x0,0x0,0x0,0x0,0x0,0x0,0x0,0x0,0x0,
  0x0,0x0,0x0,0x0,0x0,0x0,0x0,0x0,0x0,0x0,0x0,0x0,0x0,0x0,0x0,0x0,0x0,0x0,0x0,0x0,0x0,0x0,0x0,0x0,
  0x0,0x0,0x0,0x0,0x0,0x0,0x0,0x0,0x0,0x0,0x0,0x0,0x0,0x0,0x0,0x0,0x0,0x0,0x0,0x0,0x0,0x0,0x0,0x0,
  0x0,0x0,0x0,0x0,0x0,0x0,0x0,0x0,0x0,0x0,0x0,0x0,0x0,0x0,0x0,0x0,0x0,0x0,0x0,0x0,0x0,0x0,0x0,0x0,
  0x0,0x0,0x0,0x0,0x0,0x0,0x0,0x0,0x0,0x0,0x0,0x0,0x0,0x0,0x0,0x0,0x0,0x0,0x0,0x0,0x0,0x0,0x0,0x0,
  0x0,0x0,0x0,0x0,0x0,0x0,0x0,0x0,0x0,0x0,0x0,0x0,0x0,0x0,0x0,0x0,0x0,0x0,0x0,0x0,0x0,0x0,0x0,0x0,
  0x0,0x0,0x0,0x0,0x0,0x0,0x0,0x0,0x0,0x0,0x0,0x0,0x0,0x0,0x0,0x0,0x0,0x0,0x0,0x0,0x0,0x0,0x0,0x0,
  0x0,0x0,0x0,0x0,0x0,0x0,0x0,0x0,0x0,0x0,0x0,0x0,0x0,0x0,0x0,0x0,0x0,0x0,0x0,0x0,0x0,0x0,0x0,0x0,
  0x0,0x0,0x0,0x0,0x0,0x0,0x0,0x0,0x0,0x0,0x0,0x0,0x0,0x0,0x0,0x0,0x0,0x0,0x0,0x0,0x0,0x0,0x0,0x0,
  0x0,0x0,0x0,0x0,0x0,0x0,0x0,0x0,0x0,0x0,0x0,0x0,0x0,0x0,0x0,0x0,0x0,0x0,0x0,0x0,0x0,0x0,0x0,0x0,
  0x0,0x0,0x0,0x0,0x0,0x0,0x0,0x0,0x0,0x0,0x0,0x0,0x0,0x0,0x0,0x0,0x0,0x0,0x0,0x0,0x0,0x0,0x0,0x0,
  0x0,0x0,0x0,0x0,0x0,0x0,0x0,0x0,0x0,0x0,0x0,0x0,0x0,0x0,0x0,0x0,0x0,0x0,0x0,0x0,0x0,0x0,0x0,0x0,
  0x0,0x0,0x0,0x0,0x0,0x0,0x0,0x0,0x0,0x0,0x0,0x0,0x0,0x0,0x0,0x0,0x0,0x0,0x0,0x0,0x0,0x0,0x0,0x0,
  0x0,0x0,0x0,0x0,0x0,0x0,0x0,0x0,0x0,0x0,0x0,0x0,0x0,0x0,0x0,0x0,0x0,0x0,0x0,0x0,0x0,0x0,0x0,0x0,
  0x0,0x0,0x0,0x0,0x0,0x0,0x0,0x0,0x0,0x0,0x0,0x0,0x0,0x0,0x0,0x0,0x0,0x0,0x0,0x0,0x0,0x0,0x0,0x0,
  0x0,0x0,0x0,0x0,0x0,0x0,0x0,0x0,0x0,0x0,0x0,0x0,0x0,0x0,0x0,0x0,0x0,0x0,0x0,0x0,0x0,0x0,0x0,0x0,
  0x0,0x0,0x0,0x0,0x0,0x0,0xb,0x12,0x5c,0xb,0x12,0xfc,0xc,0x12,0xff,0xc,0x12,0xff,0xc,0x12,0xff,0xc,0x12,0xff,
  0xc,0x12,0xff,0xc,0x12,0xff,0xc,0x12,0xff,0xc,0x12,0xff,0xb,0x12,0xfc,0xb,0x12,0x5c,0x0,0x0,0x0,0x0,0x0,0x0,
  0x0,0x0,0x0,0x0,0x0,0x0,0x0,0x0,0x0,0x0,0x0,0x0,0x0,0x0,0x0,0x0,0x0,0x0,0x0,0x0,0x0,0x0,0x0,0x0,
  0x0,0x0,0x0,0x0,0x0,0x0,0x0,0x0,0x0,0x0,0x0,0x0,0x0,0x0,0x0,0x0,0x0,0x0,0x0,0x0,0x0,0x0,0x0,0x0,
  0x0,0x0,0x0,0x0,0x0,0x0,0x0,0x0,0x0,0x0,0x0,0x0,0x0,0x0,0x0,0x0,0x0,0x0,0x0,0x0,0x0,0x0,0x0,0x0,
  0x0,0x0,0x0,0x0,0x0,0x0,0x0,0x0,0x0,0x0,0x0,0x0,0x0,0x0,0x0,0x0,0x0,0x0,0x0,0x0,0x0,0x0,0x0,0x0,
  0x0,0x0,0x0,0x0,0x0,0x0,0x0,0x0,0x0,0x0,0x0,0x0,0x0,0x0,0x0,0x0,0x0,0x0,0x0,0x0,0x0,0x0,0x0,0x0,
  0x0,0x0,0x0,0x0,0x0,0x0,0x0,0x0,0x0,0x0,0x0,0x0,0x0,0x0,0x0,0x0,0x0,0x0,0x0,0x0,0x0,0x0,0x0,0x0,
  0x0,0x0,0x0,0x0,0x0,0x0,0x0,0x0,0x0,0x0,0x0,0x0,0x0,0x0,0x0,0x0,0x0,0x0,0x0,0x0,0x0,0x0,0x0,0x0,
  0x0,0x0,0x0,0x0,0x0,0x0,0x0,0x0,0x0,0x0,0x0,0x0,0x0,0x0,0x0,0x0,0x0,0x0,0x0,0x0,0x0,0x0,0x0,0x0,
  0x0,0x0,0x0,0x0,0x0,0x0,0x0,0x0,0x0,0x0,0x0,0x0,0x0,0x0,0x0,0x0,0x0,0x0,0x0,0x0,0x0,0x0,0x0,0x0,
  0x0,0x0,0x0,0x0,0x0,0x0,0x0,0x0,0x0,0x0,0x0,0x0,0x0,0x0,0x0,0x0,0x0,0x0,0x0,0x0,0x0,0x0,0x0,0x0,
  0x0,0x0,0x0,0x0,0x0,0x0,0x0,0x0,0x0,0x0,0x0,0x0,0x0,0x0,0x0,0x0,0x0,0x0,0x0,0x0,0x0,0x0,0x0,0x0,
  0x0,0x0,0x0,0x0,0x0,0x0,0x0,0x0,0x0,0x0,0x0,0x0,0x0,0x0,0x0,0x0,0x0,0x0,0x0,0x0,0x0,0x0,0x0,0x0,
  0x0,0x0,0x0,0x0,0x0,0x0,0x0,0x0,0x0,0x0,0x0,0x0,0x0,0x0,0x0,0x0,0x0,0x0,0x0,0x0,0x0,0x0,0x0,0x0,
  0x0,0x0,0x0,0x0,0x0,0x0,0x0,0x0,0x0,0x0,0x0,0x0,0x0,0x0,0x0,0x0,0x0,0x0,0x0,0x0,0x0,0x0,0x0,0x0,
  0x0,0x0,0x0,0x0,0x0,0x0,0x0,0x0,0x0,0x0,0x0,0x0,0x0,0x0,0x0,0x0,0x0,0x0,0x0,0x0,0x0,0x0,0x0,0x0,
  0x0,0x0,0x0,0x0,0x0,0x0,0x0,0x0,0x0,0x0,0x0,0x0,0x0,0x0,0x0,0x0,0x0,0x0,0x0,0x0,0x0,0x0,0x0,0x0,
  0x0,0x0,0x0,0x0,0x0,0x0,0x0,0x0,0x0,0xb,0x12,0x5c,0xb,0x12,0xfc,0xc,0x12,0xff,0xc,0x12,0xff,0xc,0x12,0xff,
  0xc,0x12,0xff,0xc,0x12,0xff,0xc,0x12,0xff,0xb,0x12,0xfc,0xb,0x12,0x5c,0x0,0x0,0x0,0x0,0x0,0x0,0x0,0x0,0x0,
  0x0,0x0,0x0,0x0,0x0,0x0,0x0,0x0,0x0,0x0,0x0,0x0,0x0,0x0,0x0,0x0,0x0,0x0,0x0,0x0,0x0,0x0,0x0,0x0,
  0x0,0x0,0x0,0x0,0x0,0x0,0x0,0x0,0x0,0x0,0x0,0x0,0x0,0x0,0x0,0x0,0x0,0x0,0x0,0x0,0x0,0x0,0x0,0x0,
  0x0,0x0,0x0,0x0,0x0,0x0,0x0,0x0,0x0,0x0,0x0,0x0,0x0,0x0,0x0,0x0,0x0,0x0,0x0,0x0,0x0,0x0,0x0,0x0,
  0x0,0x0,0x0,0x0,0x0,0x0,0x0,0x0,0x0,0x0,0x0,0x0,0x0,0x0,0x0,0x0,0x0,0x0,0x0,0x0,0x0,0x0,0x0,0x0,
  0x0,0x0,0x0,0x0,0x0,0x0,0x0,0x0,0x0,0x0,0x0,0x0,0x0,0x0,0x0,0x0,0x0,0x0,0x0,0x0,0x0,0x0,0x0,0x0,
  0x0,0x0,0x0,0x0,0x0,0x0,0x0,0x0,0x0,0x0,0x0,0x0,0x0,0x0,0x0,0x0,0x0,0x0,0x0,0x0,0x0,0x0,0x0,0x0,
  0x0,0x0,0x0,0x0,0x0,0x0,0x0,0x0,0x0,0x0,0x0,0x0,0x0,0x0,0x0,0x0,0x0,0x0,0x0,0x0,0x0,0x0,0x0,0x0,
  0x0,0x0,0x0,0x0,0x0,0x0,0x0,0x0,0x0,0x0,0x0,0x0,0x0,0x0,0x0,0x0,0x0,0x0,0x0,0x0,0x0,0x0,0x0,0x0,
  0x0,0x0,0x0,0x0,0x0,0x0,0x0,0x0,0x0,0x0,0x0,0x0,0x0,0x0,0x0,0x0,0x0,0x0,0x0,0x0,0x0,0x0,0x0,0x0,
  0x0,0x0,0x0,0x0,0x0,0x0,0x0,0x0,0x0,0x0,0x0,0x0,0x0,0x0,0x0,0x0,0x0,0x0,0x0,0x0,0x0,0x0,0x0,0x0,
  0x0,0x0,0x0,0x0,0x0,0x0,0x0,0x0,0x0,0x0,0x0,0x0,0x0,0x0,0x0,0x0,0x0,0x0,0x0,0x0,0x0,0x0,0x0,0x0,
  0x0,0x0,0x0,0x0,0x0,0x0,0x0,0x0,0x0,0x0,0x0,0x0,0x0,0x0,0x0,0x0,0x0,0x0,0x0,0x0,0x0,0x0,0x0,0x0,
  0x0,0x0,0x0,0x0,0x0,0x0,0x0,0x0,0x0,0x0,0x0,0x0,0x0,0x0,0x0,0x0,0x0,0x0,0x0,0x0,0x0,0x0,0x0,0x0,
  0x0,0x0,0x0,0x0,0x0,0x0,0x0,0x0,0x0,0x0,0x0,0x0,0x0,0x0,0x0,0x0,0x0,0x0,0x0,0x0,0x0,0x0,0x0,0x0,
  0x0,0x0,0x0,0x0,0x0,0x0,0x0,0x0,0x0,0x0,0x0,0x0,0x0,0x0,0x0,0x0,0x0,0x0,0x0,0x0,0x0,0x0,0x0,0x0,
  0x0,0x0,0x0,0x0,0x0,0x0,0x0,0x0,0x0,0x0,0x0,0x0,0x0,0x0,0x0,0x0,0x0,0x0,0x0,0x0,0x0,0x0,0x0,0x0,
  0x0,0x0,0x0,0x0,0x0,0x0,0x0,0x0,0x0,0x0,0x0,0x0,0xb,0x12,0x5c,0xb,0x12,0xfc,0xc,0x12,0xff,0xc,0x12,0xff,
  0xc,0x12,0xff,0xc,0x12,0xff,0xb,0x12,0xfc,0xb,0x12,0x5c,0x0,0x0,0x0,0x0,0x0,0x0,0x0,0x0,0x0,0x0,0x0,0x0,
  0x0,0x0,0x0,0x0,0x0,0x0,0x0,0x0,0x0,0x0,0x0,0x0,0x0,0x0,0x0,0x0,0x0,0x0,0x0,0x0,0x0,0x0,0x0,0x0,
  0x0,0x0,0x0,0x0,0x0,0x0,0x0,0x0,0x0,0x0,0x0,0x0,0x0,0x0,0x0,0x0,0x0,0x0,0x0,0x0,0x0,0x0,0x0,0x0,
  0x0,0x0,0x0,0x0,0x0,0x0,0x0,0x0,0x0,0x0,0x0,0x0,0x0,0x0,0x0,0x0,0x0,0x0,0x0,0x0,0x0,0x0,0x0,0x0,
  0x0,0x0,0x0,0x0,0x0,0x0,0x0,0x0,0x0,0x0,0x0,0x0,0x0,0x0,0x0,0x0,0x0,0x0,0x0,0x0,0x0,0x0,0x0,0x0,
  0x0,0x0,0x0,0x0,0x0,0x0,0x0,0x0,0x0,0x0,0x0,0x0,0x0,0x0,0x0,0x0,0x0,0x0,0x0,0x0,0x0,0x0,0x0,0x0,
  0x0,0x0,0x0,0x0,0x0,0x0,0x0,0x0,0x0,0x0,0x0,0x0,0x0,0x0,0x0,0x0,0x0,0x0,0x0,0x0,0x0,0x0,0x0,0x0,
  0x0,0x0,0x0,0x0,0x0,0x0,0x0,0x0,0x0,0x0,0x0,0x0,0x0,0x0,0x0,0x0,0x0,0x0,0x0,0x0,0x0,0x0,0x0,0x0,
  0x0,0x0,0x0,0x0,0x0,0x0,0x0,0x0,0x0,0x0,0x0,0x0,0x0,0x0,0x0,0x0,0x0,0x0,0x0,0x0,0x0,0x0,0x0,0x0,
  0x0,0x0,0x0,0x0,0x0,0x0,0x0,0x0,0x0,0x0,0x0,0x0,0x0,0x0,0x0,0x0,0x0,0x0,0x0,0x0,0x0,0x0,0x0,0x0,
  0x0,0x0,0x0,0x0,0x0,0x0,0x0,0x0,0x0,0x0,0x0,0x0,0x0,0x0,0x0,0x0,0x0,0x0,0x0,0x0,0x0,0x0,0x0,0x0,
  0x0,0x0,0x0,0x0,0x0,0x0,0x0,0x0,0x0,0x0,0x0,0x0,0x0,0x0,0x0,0x0,0x0,0x0,0x0,0x0,0x0,0x0,0x0,0x0,
  0x0,0x0,0x0,0x0,0x0,0x0,0x0,0x0,0x0,0x0,0x0,0x0,0x0,0x0,0x0,0x0,0x0,0x0,0x0,0x0,0x0,0x0,0x0,0x0,
  0x0,0x0,0x0,0x0,0x0,0x0,0x0,0x0,0x0,0x0,0x0,0x0,0x0,0x0,0x0,0x0,0x0,0x0,0x0,0x0,0x0,0x0,0x0,0x0,
  0x0,0x0,0x0,0x0,0x0,0x0,0x0,0x0,0x0,0x0,0x0,0x0,0x0,0x0,0x0,0x0,0x0,0x0,0x0,0x0,0x0,0x0,0x0,0x0,
  0x0,0x0,0x0,0x0,0x0,0x0,0x0,0x0,0x0,0x0,0x0,0x0,0x0,0x0,0x0,0x0,0x0,0x0,0x0,0x0,0x0,0x0,0x0,0x0,
  0x0,0x0,0x0,0x0,0x0,0x0,0x0,0x0,0x0,0x0,0x0,0x0,0x0,0x0,0x0,0x0,0x0,0x0,0x0,0x0,0x0,0x0,0x0,0x0,
  0x0,0x0,0x0,0x0,0x0,0x0,0x0,0x0,0x0,0x0,0x0,0x0,0x0,0x0,0x0,0xb,0x12,0x5c,0xb,0x12,0xfc,0xc,0x12,0xff,
  0xc,0x12,0xff,0xb,0x12,0xfc,0xb,0x12,0x5c,0x0,0x0,0x0,0x0,0x0,0x0,0x0,0x0,0x0,0x0,0x0,0x0,0x0,0x0,0x0,
  0x0,0x0,0x0,0x0,0x0,0x0,0x0,0x0,0x0,0x0,0x0,0x0,0x0,0x0,0x0,0x0,0x0,0x0,0x0,0x0,0x0,0x0,0x0,0x0,
  0x0,0x0,0x0,0x0,0x0,0x0,0x0,0x0,0x0,0x0,0x0,0x0,0x0,0x0,0x0,0x0,0x0,0x0,0x0,0x0,0x0,0x0,0x0,0x0,
  0x0,0x0,0x0,0x0,0x0,0x0,0x0,0x0,0x0,0x0,0x0,0x0,0x0,0x0,0x0,0x0,0x0,0x0,0x0,0x0,0x0,0x0,0x0,0x0,
  0x0,0x0,0x0,0x0,0x0,0x0,0x0,0x0,0x0,0x0,0x0,0x0,0x0,0x0,0x0,0x0,0x0,0x0,0x0,0x0,0x0,0x0,0x0,0x0,
  0x0,0x0,0x0,0x0,0x0,0x0,0x0,0x0,0x0,0x0,0x0,0x0,0x0,0x0,0x0,0x0,0x0,0x0,0x0,0x0,0x0,0x0,0x0,0x0,
  0x0,0x0,0x0,0x0,0x0,0x0,0x0,0x0,0x0,0x0,0x0,0x0,0x0,0x0,0x0,0x0,0x0,0x0,0x0,0x0,0x0,0x0,0x0,0x0,
  0x0,0x0,0x0,0x0,0x0,0x0,0x0,0x0,0x0,0x0,0x0,0x0,0x0,0x0,0x0,0x0,0x0,0x0,0x0,0x0,0x0,0x0,0x0,0x0,
  0x0,0x0,0x0,0x0,0x0,0x0,0x0,0x0,0x0,0x0,0x0,0x0,0x0,0x0,0x0,0x0,0x0,0x0,0x0,0x0,0x0,0x0,0x0,0x0,
  0x0,0x0,0x0,0x0,0x0,0x0,0x0,0x0,0x0,0x0,0x0,0x0,0x0,0x0,0x0,0x0,0x0,0x0,0x0,0x0,0x0,0x0,0x0,0x0,
  0x0,0x0,0x0,0x0,0x0,0x0,0x0,0x0,0x0,0x0,0x0,0x0,0x0,0x0,0x0,0x0,0x0,0x0,0x0,0x0,0x0,0x0,0x0,0x0,
  0x0,0x0,0x0,0x0,0x0,0x0,0x0,0x0,0x0,0x0,0x0,0x0,0x0,0x0,0x0,0x0,0x0,0x0,0x0,0x0,0x0,0x0,0x0,0x0,
  0x0,0x0,0x0,0x0,0x0,0x0,0x0,0x0,0x0,0x0,0x0,0x0,0x0,0x0,0x0,0x0,0x0,0x0,0x0,0x0,0x0,0x0,0x0,0x0,
  0x0,0x0,0x0,0x0,0x0,0x0,0x0,0x0,0x0,0x0,0x0,0x0,0x0,0x0,0x0,0x0,0x0,0x0,0x0,0x0,0x0,0x0,0x0,0x0,
  0x0,0x0,0x0,0x0,0x0,0x0,0x0,0x0,0x0,0x0,0x0,0x0,0x0,0x0,0x0,0x0,0x0,0x0,0x0,0x0,0x0,0x0,0x0,0x0,
  0x0,0x0,0x0,0x0,0x0,0x0,0x0,0x0,0x0,0x0,0x0,0x0,0x0,0x0,0x0,0x0,0x0,0x0,0x0,0x0,0x0,0x0,0x0,0x0,
  0x0,0x0,0x0,0x0,0x0,0x0,0x0,0x0,0x0,0x0,0x0,0x0,0x0,0x0,0x0,0x0,0x0,0x0,0x0,0x0,0x0,0x0,0x0,0x0,
  0x0,0x0,0x0,0x0,0x0,0x0,0x0,0x0,0x0,0x0,0x0,0x0,0x0,0x0,0x0,0x0,0x0,0x0,0xb,0x12,0x5c,0xb,0x12,0xfc,
  0xb,0x12,0xfc,0xb,0x12,0x5c,0x0,0x0,0x0,0x0,0x0,0x0,0x0,0x0,0x0,0x0,0x0,0x0,0x0,0x0,0x0,0x0,0x0,0x0,
  0x0,0x0,0x0,0x0,0x0,0x0,0x0,0x0,0x0,0x0,0x0,0x0,0x0,0x0,0x0,0x0,0x0,0x0,0x0,0x0,0x0,0x0,0x0,0x0,
  0x0,0x0,0x0,0x0,0x0,0x0,0x0,0x0,0x0,0x0,0x0,0x0,0x0,0x0,0x0,0x0,0x0,0x0,0x0,0x0,0x0,0x0,0x0,0x0,
  0x0,0x0,0x0,0x0,0x0,0x0,0x0,0x0,0x0,0x0,0x0,0x0,0x0,0x0,0x0,0x0,0x0,0x0,0x0,0x0,0x0,0x0,0x0,0x0,
  0x0,0x0,0x0,0x0,0x0,0x0,0x0,0x0,0x0,0x0,0x0,0x0,0x0,0x0,0x0,0x0,0x0,0x0,0x0,0x0,0x0,0x0,0x0,0x0,
  0x0,0x0,0x0,0x0,0x0,0x0,0x0,0x0,0x0,0x0,0x0,0x0,0x0,0x0,0x0,0x0,0x0,0x0,0x0,0x0,0x0,0x0,0x0,0x0,
  0x0,0x0,0x0,0x0,0x0,0x0,0x0,0x0,0x0,0x0,0x0,0x0,0x0,0x0,0x0,0x0,0x0,0x0,0x0,0x0,0x0,0x0,0x0,0x0,
  0x0,0x0,0x0,0x0,0x0,0x0,0x0,0x0,0x0,0x0,0x0,0x0,0x0,0x0,0x0,0x0,0x0,0x0,0x0,0x0,0x0,0x0,0x0,0x0,
  0x0,0x0,0x0,0x0,0x0,0x0,0x0,0x0,0x0,0x0,0x0,0x0,0x0,0x0,0x0,0x0,0x0,0x0,0x0,0x0,0x0,0x0,0x0,0x0,
  0x0,0x0,0x0,0x0,0x0,0x0,0x0,0x0,0x0,0x0,0x0,0x0,0x0,0x0,0x0,0x0,0x0,0x0,0x0,0x0,0x0,0x0,0x0,0x0,
  0x0,0x0,0x0,0x0,0x0,0x0,0x0,0x0,0x0,0x0,0x0,0x0,0x0,0x0,0x0,0x0,0x0,0x0,0x0,0x0,0x0,0x0,0x0,0x0,
  0x0,0x0,0x0,0x0,0x0,0x0,0x0,0x0,0x0,0x0,0x0,0x0,0x0,0x0,0x0,0x0,0x0,0x0,0x0,0x0,0x0,0x0,0x0,0x0,
  0x0,0x0,0x0,0x0,0x0,0x0,0x0,0x0,0x0,0x0,0x0,0x0,0x0,0x0,0x0,0x0,0x0,0x0,0x0,0x0,0x0,0x0,0x0,0x0,
  0x0,0x0,0x0,0x0,0x0,0x0,0x0,0x0,0x0,0x0,0x0,0x0,0x0,0x0,0x0,0x0,0x0,0x0,0x0,0x0,0x0,0x0,0x0,0x0,
  0x0,0x0,0x0,0x0,0x0,0x0,0x0,0x0,0x0,0x0,0x0,0x0,0x0,0x0,0x0,0x0,0x0,0x0,0x0,0x0,0x0,0x0,0x0,0x0,
  0x0,0x0,0x0,0x0,0x0,0x0,0x0,0x0,0x0,0x0,0x0,0x0,0x0,0x0,0x0,0x0,0x0,0x0,0x0,0x0,0x0,0x0,0x0,0x0,
  0x0,0x0,0x0,0x0,0x0,0x0,0x0,0x0,0x0,0x0,0x0,0x0,0x0,0x0,0x0,0x0,0x0,0x0,0x0,0x0,0x0,0x0,0x0,0x0,
  0x0,0x0,0x0,0x0,0x0,0x0,0x0,0x0,0x0,0x0,0x0,0x0,0x0,0x0,0x0,0x0,0x0,0x0,0x0,0x0,0x0,0xb,0x12,0x5c,
  0xb,0x12,0x5c,0x0,0x0,0x0,0x0,0x0,0x0,0x0,0x0,0x0,0x0,0x0,0x0,0x0,0x0,0x0,0x0,0x0,0x0,0x0,0x0,0x0,
  0x0,0x0,0x0,0x0,0x0,0x0,0x0,0x0,0x0,0x0,0x0,0x0,0x0,0x0,0x0,0x0,0x0,0x0,0x0,0x0,0x0,0x0,0x0,0x0,
  0x0,0x0,0x0,0x0,0x0,0x0,0x0,0x0,0x0,0x0,0x0,0x0,0x0,0x0,0x0,0x0,0x0,0x0,0x0,0x0,0x0,0x0,0x0,0x0,
  0x0,0x0,0x0,0x0,0x0,0x0,0x0,0x0,0x0,0x0,0x0,0x0,0x0,0x0,0x0,0x0,0x0,0x0,0x0,0x0,0x0,0x0,0x0,0x0,
  0x0,0x0,0x0,0x0,0x0,0x0,0x0,0x0,0x0,0x0,0x0,0x0,0x0,0x0,0x0,0x0,0x0,0x0,0x0,0x0,0x0,0x0,0x0,0x0,
  0x0,0x0,0x0,0x0,0x0,0x0,0x0,0x0,0x0,0x0,0x0,0x0,0x0,0x0,0x0,0x0,0x0,0x0,0x0,0x0,0x0,0x0,0x0,0x0,
  0x0,0x0,0x0,0x0,0x0,0x0,0x0,0x0,0x0,0x0,0x0,0x0,0x0,0x0,0x0,0x0,0x0,0x0,0x0,0x0,0x0,0x0,0x0,0x0,
  0x0,0x0,0x0,0x0,0x0,0x0,0x0,0x0,0x0,0x0,0x0,0x0,0x0,0x0,0x0,0x0,0x0,0x0,0x0,0x0,0x0,0x0,0x0,0x0,
  0x0,0x0,0x0,0x0,0x0,0x0,0x0,0x0,0x0,0x0,0x0,0x0,0x0,0x0,0x0,0x0,0x0,0x0,0x0,0x0,0x0,0x0,0x0,0x0,
  0x0,0x0,0x0,0x0,0x0,0x0,0x0,0x0,0x0,0x0,0x0,0x0,0x0,0x0,0x0,0x0,0x0,0x0,0x0,0x0,0x0,0x0,0x0,0x0,
  0x0,0x0,0x0,0x0,0x0,0x0,0x0,0x0,0x0,0x0,0x0,0x0,0x0,0x0,0x0,0x0,0x0,0x0,0x0,0x0,0x0,0x0,0x0,0x0,
  0x0,0x0,0x0,0x0,0x0,0x0,0x0,0x0,0x0,0x0,0x0,0x0,0x0,0x0,0x0,0x0,0x0,0x0,0x0,0x0,0x0,0x0,0x0,0x0,
  0x0,0x0,0x0,0x0,0x0,0x0,0x0,0x0,0x0,0x0,0x0,0x0,0x0,0x0,0x0,0x0,0x0,0x0,0x0,0x0,0x0,0x0,0x0,0x0,
  0x0,0x0,0x0,0x0,0x0,0x0,0x0,0x0,0x0,0x0,0x0,0x0,0x0,0x0,0x0,0x0,0x0,0x0,0x0,0x0,0x0,0x0,0x0,0x0,
  0x0,0x0,0x0,0x0,0x0,0x0,0x0,0x0,0x0,0x0,0x0,0x0,0x0,0x0,0x0,0x0,0x0,0x0,0x0,0x0,0x0,0x0,0x0,0x0,
  0x0,0x0,0x0,0x0,0x0,0x0,0x0,0x0,0x0,0x0,0x0,0x0,0x0,0x0,0x0,0x0,0x0,0x0,0x0,0x0,0x0,0x0,0x0,0x0,
  0x0,0x0,0x0,0x0,0x0,0x0,0x0,0x0,0x0,0x0,0x0,0x0,0x0,0x0,0x0,0x0,0x0,0x0,0x0,0x0,0x0,0x0,0x0,0x0,
  0x0,0x0,0x0,0x0,0x0,0x0,0x0,0x0,0x0,0x0,0x0,0x0,0x0,0x0,0x0,0x0,0x0,0x0,0x0,0x0,0x0,0x0,0x0,0x0,
  0x0,0x0,0x0,0x0,0x0,0x0,0x0,0x0,0x0,0x0,0x0,0x0,0x0,0x0,0x0,0x0,0x0,0x0,0x0,0x0,0x0,0x0,0x0,0x0,
  0x0,0x0,0x0,0x0,0x0,0x0,0x0,0x0,0x0,0x0,0x0,0x0,0x0,0x0,0x0,0x0,0x0,0x0,0x0,0x0,0x0,0x0,0x0,0x0,
  0x0,0x0,0x0,0x0,0x0,0x0,0x0,0x0,0x0,0x0,0x0,0x0,0x0,0x0,0x0,0x0,0x0,0x0,0x0,0x0,0x0,0x0,0x0,0x0,
  0x0,0x0,0x0,0x0,0x0,0x0,0x0,0x0,0x0,0x0,0x0,0x0,0x0,0x0,0x0,0x0,0x0,0x0,0x0,0x0,0x0,0x0,0x0,0x0,
  0x0,0x0,0x0,0x0,0x0,0x0,0x0,0x0,0x0,0x0,0x0,0x0,0x0,0x0,0x0,0x0,0x0,0x0,0x0,0x0,0x0,0x0,0x0,0x0,
  0x0,0x0,0x0,0x0,0x0,0x0,0x0,0x0,0x0,0x0,0x0,0x0,0x0,0x0,0x0,0x0,0x0,0x0,0x0,0x0,0x0,0x0,0x0,0x0,
  0x0,0x0,0x0,0x0,0x0,0x0,0x0,0x0,0x0,0x0,0x0,0x0,0x0,0x0,0x0,0x0,0x0,0x0,0x0,0x0,0x0,0x0,0x0,0x0,
  0x0,0x0,0x0,0x0,0x0,0x0,0x0,0x0,0x0,0x0,0x0,0x0,0x0,0x0,0x0,0x0,0x0,0x0,0x0,0x0,0x0,0x0,0x0,0x0,
  0x0,0x0,0x0,0x0,0x0,0x0,0x0,0x0,0x0,0x0,0x0,0x0,0x0,0x0,0x0,0x0,0x0,0x0,0x0,0x0,0x0,0x0,0x0,0x0,
  0x0,0x0,0x0,0x0,0x0,0x0,0x0,0x0,0x0,0x0,0x0,0x0,0x0,0x0,0x0,0x0,0x0,0x0,0x0,0x0,0x0,0x0,0x0,0x0,
  0x0,0x0,0x0,0x0,0x0,0x0,0x0,0x0,0x0,0x0,0x0,0x0,0x0,0x0,0x0,0x0,0x0,0x0,0x0,0x0,0x0,0x0,0x0,0x0,
  0x0,0x0,0x0,0x0,0x0,0x0,0x0,0x0,0x0,0x0,0x0,0x0,0x0,0x0,0x0,0x0,0x0,0x0,0x0,0x0,0x0,0x0,0x0,0x0,
  0x0,0x0,0x0,0x0,0x0,0x0,0x0,0x0,0x0,0x0,0x0,0x0,0x0,0x0,0x0,0x0,0x0,0x0,0x0,0x0,0x0,0x0,0x0,0x0,
  0x0,0x0,0x0,0x0,0x0,0x0,0x0,0x0,0x0,0x0,0x0,0x0,0x0,0x0,0x0,0x0,0x0,0x0,0x0,0x0,0x0,0x0,0x0,0x0,
  0x0,0x0,0x0,0x0,0x0,0x0,0x0,0x0,0x0,0x0,0x0,0x0,0x0,0x0,0x0,0x0,0x0,0x0,0x0,0x0,0x0,0x0,0x0,0x0,
  0x0,0x0,0x0,0x0,0x0,0x0,0x0,0x0,0x0,0x0,0x0,0x0,0x0,0x0,0x0,0x0,0x0,0x0,0x0,0x0,0x0,0x0,0x0,0x0,
  0x0,0x0,0x0,0x0,0x0,0x0,0x0,0x0,0x0,0x0,0x0,0x0,0x0,0x0,0x0,0x0,0x0,0x0,0x0,0x0,0x0,0x0,0x0,0x0,
  0x0,0x0,0x0,0x0,0x0,0x0,0x0,0x0,0x0,0x0,0x0,0x0,0x0,0x0,0x0,0x0,0x0,0x0,0x0,0x0,0x0,0x0,0x0,0x0,
  0x0,0x0,0x0,0x0,0x0,0x0,0x0,0x0,0x0,0x0,0x0,0x0,0x0,0x0,0x0,0x0,0x0,0x0,0x0,0x0,0x0,0x0,0x0,0x0,
  0x0,0x0,0x0,0x0,0x0,0x0,0x0,0x0,0x0,0x0,0x0,0x0,0x0,0x0,0x0,0x0,0x0,0x0,0x0,0x0,0x0,0x0,0x0,0x0,
  0x0,0x0,0x0,0x0,0x0,0x0,0x0,0x0,0x0,0x0,0x0,0x0,0x0,0x0,0x0,0x0,0x0,0x0,0x0,0x0,0x0,0x0,0x0,0x0,
  0x0,0x0,0x0,0x0,0x0,0x0,0x0,0x0,0x0,0x0,0x0,0x0,0x0,0x0,0x0,0x0,0x0,0x0,0x0,0x0,0x0,0x0,0x0,0x0,
  0x0,0x0,0x0,0x0,0x0,0x0,0x0,0x0,0x0,0x0,0x0,0x0,0x0,0x0,0x0,0x0,0x0,0x0,0x0,0x0,0x0,0x0,0x0,0x0,
  0x0,0x0,0x0,0x0,0x0,0x0,0x0,0x0,0x0,0x0,0x0,0x0,0x0,0x0,0x0,0x0,0x0,0x0,0x0,0x0,0x0,0x0,0x0,0x0,
  0x0,0x0,0x0,0x0,0x0,0x0,0x0,0x0,0x0,0x0,0x0,0x0,0x0,0x0,0x0,0x0,0x0,0x0,0x0,0x0,0x0,0x0,0x0,0x0,
  0x0,0x0,0x0,0x0,0x0,0x0,0x0,0x0,0x0,0x0,0x0,0x0,0x0,0x0,0x0,0x0,0x0,0x0,0x0,0x0,0x0,0x0,0x0,0x0,
  0x0,0x0,0x0,0x0,0x0,0x0,0x0,0x0,0x0,0x0,0x0,0x0,0x0,0x0,0x0,0x0,0x0,0x0,0x0,0x0,0x0,0x0,0x0,0x0,
  0x0,0x0,0x0,0x0,0x0,0x0,0x0,0x0,0x0,0x0,0x0,0x0,0x0,0x0,0x0,0x0,0x0,0x0,0x0,0x0,0x0,0x0,0x0,0x0,
  0x0,0x0,0x0,0x0,0x0,0x0,0x0,0x0,0x0,0x0,0x0,0x0,0x0,0x0,0x0,0x0,0x0,0x0,0x0,0x0,0x0,0x0,0x0,0x0,
  0x0,0x0,0x0,0x0,0x0,0x0,0x0,0x0,0x0,0x0,0x0,0x0,0x0,0x0,0x0,0x0,0x0,0x0,0x0,0x0,0x0,0x0,0x0,0x0,
  0x0,0x0,0x0,0x0,0x0,0x0,0x0,0x0,0x0,0x0,0x0,0x0,0x0,0x0,0x0,0x0,0x0,0x0,0x0,0x0,0x0,0x0,0x0,0x0,
  0x0,0x0,0x0,0x0,0x0,0x0,0x0,0x0,0x0,0x0,0x0,0x0,0x0,0x0,0x0,0x0,0x0,0x0,0x0,0x0,0x0,0x0,0x0,0x0,
  0x0,0x0,0x0,0x0,0x0,0x0,0x0,0x0,0x0,0x0,0x0,0x0,0x0,0x0,0x0,0x0,0x0,0x0,0x0,0x0,0x0,0x0,0x0,0x0,
  0x0,0x0,0x0,0x0,0x0,0x0,0x0,0x0,0x0,0x0,0x0,0x0,0x0,0x0,0x0,0x0,0x0,0x0,0x0,0x0,0x0,0x0,0x0,0x0,
  0x0,0x0,0x0,0x0,0x0,0x0,0x0,0x0,0x0,0x0,0x0,0x0,0x0,0x0,0x0,0x0,0x0,0x0,0x0,0x0,0x0,0x0,0x0,0x0,
  0x0,0x0,0x0,0x0,0x0,0x0,0x0,0x0,0x0,0x0,0x0,0x0,0x0,0x0,0x0,0x0,0x0,0x0,0x0,0x0,0x0,0x0,0x0,0x0,
  0x0,0x0,0x0,0x0,0x0,0x0,0x0,0x0,0x0,0x0,0x0,0x0,0x0,0x0,0x0,0x0,0x0,0x0,0x0,0x0,0x0,0x0,0x0,0x0,
  0x0,0x0,0x0,0x0,0x0,0x0,0x0,0x0,0x0,0x0,0x0,0x0,0x0,0x0,0x0,0x0,0x0,0x0,0x0,0x0,0x0,0x0,0x0,0x0,
  0x0,0x0,0x0,0x0,0x0,0x0,0x0,0x0,0x0,0x0,0x0,0x0,0x0,0x0,0x0,0x0,0x0,0x0,0x0,0x0,0x0,0x0,0x0,0x0,
  0x0,0x0,0x0,0x0,0x0,0x0,0x0,0x0,0x0,0x0,0x0,0x0,0x0,0x0,0x0,0x0,0x0,0x0,0x0,0x0,0x0,0x0,0x0,0x0,
  0x0,0x0,0x0,0x0,0x0,0x0,0x0,0x0,0x0,0x0,0x0,0x0,0x0,0x0,0x0,0x0,0x0,0x0,0x0,0x0,0x0,0x0,0x0,0x0,
  0x0,0x0,0x0,0x0,0x0,0x0,0x0,0x0,0x0,0x0,0x0,0x0,0x0,0x0,0x0,0x0,0x0,0x0,0x0,0x0,0x0,0x0,0x0,0x0,
  0x0,0x0,0x0,0x0,0x0,0x0,0x0,0x0,0x0,0x0,0x0,0x0,0x0,0x0,0x0,0x0,0x0,0x0,0x0,0x0,0x0,0x0,0x0,0x0,
  0x0,0x0,0x0,0x0,0x0,0x0,0x0,0x0,0x0,0x0,0x0,0x0,0x0,0x0,0x0,0x0,0x0,0x0,0x0,0x0,0x0,0x0,0x0,0x0,
  0x0,0x0,0x0,0x0,0x0,0x0,0x0,0x0,0x0,0x0,0x0,0x0,0x0,0x0,0x0,0x0,0x0,0x0,0x0,0x0,0x0,0x0,0x0,0x0,
  0x0,0x0,0x0,0x0,0x0,0x0,0x0,0x0,0x0,0x0,0x0,0x0,0x0,0x0,0x0,0x0,0x0,0x0,0x0,0x0,0x0,0x0,0x0,0x0,
  0x0,0x0,0x0,0x0,0x0,0x0,0x0,0x0,0x0,0x0,0x0,0x0,0x0,0x0,0x0,0x0,0x0,0x0,0x0,0x0,0x0,0x0,0x0,0x0,
  0x0,0x0,0x0,0x0,0x0,0x0,0x0,0x0,0x0,0x0,0x0,0x0,0x0,0x0,0x0,0x0,0x0,0x0,0x0,0x0,0x0,0x0,0x0,0x0,
  0x0,0x0,0x0,0x0,0x0,0x0,0x0,0x0,0x0,0x0,0x0,0x0,0x0,0x0,0x0,0x0,0x0,0x0,0x0,0x0,0x0,0x0,0x0,0x0,
  0x0,0x0,0x0,0x0,0x0,0x0,0x0,0x0,0x0,0x0,0x0,0x0,0x0,0x0,0x0,0x0,0x0,0x0,0x0,0x0,0x0,0x0,0x0,0x0,
  0x0,0x0,0x0,0x0,0x0,0x0,0x0,0x0,0x0,0x0,0x0,0x0,0x0,0x0,0x0,0x0,0x0,0x0,0x0,0x0,0x0,0x0,0x0,0x0,
  0x0,0x0,0x0,0x0,0x0,0x0,0x0,0x0,0x0,0x0,0x0,0x0,0x0,0x0,0x0,0x0,0x0,0x0,0x0,0x0,0x0,0x0,0x0,0x0,
  0x0,0x0,0x0,0x0,0x0,0x0,0x0,0x0,0x0,0x0,0x0,0x0,0x0,0x0,0x0,0x0,0x0,0x0,0x0,0x0,0x0,0x0,0x0,0x0,
  0x0,0x0,0x0,0x0,0x0,0x0,0x0,0x0,0x0,0x0,0x0,0x0,0x0,0x0,0x0,0x0,0x0,0x0,0x0,0x0,0x0,0x0,0x0,0x0,
  0x0,0x0,0x0,0x0,0x0,0x0,0x0,0x0,0x0,0x0,0x0,0x0,0x0,0x0,0x0,0x0,0x0,0x0,0x0,0x0,0x0,0x0,0x0,0x0,
  0x0,0x0,0x0,0x0,0x0,0x0,0x0,0x0,0x0,0x0,0x0,0x0,0x0,0x0,0x0,0x0,0x0,0x0,0x0,0x0,0x0,0x0,0x0,0x0,
  0x0,0x0,0x0,0x0,0x0,0x0,0x0,0x0,0x0,0x0,0x0,0x0,0x0,0x0,0x0,0x0,0x0,0x0,0x0,0x0,0x0,0x0,0x0,0x0,
  0x0,0x0,0x0,0x0,0x0,0x0,0x0,0x0,0x0,0x0,0x0,0x0,0x0,0x0,0x0,0x0,0x0,0x0,0x0,0x0,0x0,0x0,0x0,0x0,
  0x0,0x0,0x0,0x0,0x0,0x0,0x0,0x0,0x0,0x0,0x0,0x0,0x0,0x0,0x0,0x0,0x0,0x0,0x0,0x0,0x0,0x0,0x0,0x0,
  0x0,0x0,0x0,0x0,0x0,0x0,0x0,0x0,0x0,0x0,0x0,0x0,0x0,0x0,0x0,0x0,0x0,0x0,0x0,0x0,0x0,0x0,0x0,0x0,
  0x0,0x0,0x0,0x0,0x0,0x0,0x0,0x0,0x0,0x0,0x0,0x0,0x0,0x0,0x0,0x0,0x0,0x0,0x0,0x0,0x0,0x0,0x0,0x0,
  0x0,0x0,0x0,0x0,0x0,0x0,0x0,0x0,0x0,0x0,0x0,0x0,0x0,0x0,0x0,0x0,0x0,0x0,0x0,0x0,0x0,0x0,0x0,0x0,
  0x0,0x0,0x0,0x0,0x0,0x0,0x0,0x0,0x0,0x0,0x0,0x0,0x0,0x0,0x0,0x0,0x0,0x0,0x0,0x0,0x0,0x0,0x0,0x0,
  0x0,0x0,0x0,0x0,0x0,0x0,0x0,0x0,0x0,0x0,0x0,0x0,0x0,0x0,0x0,0x0,0x0,0x0,0x0,0x0,0x0,0x0,0x0,0x0,
  0x0,0x0,0x0,0x0,0x0,0x0,0x0,0x0,0x0,0x0,0x0,0x0,0x0,0x0,0x0,0x0,0x0,0x0,0x0,0x0,0x0,0x0,0x0,0x0,
  0x0,0x0,0x0,0x0,0x0,0x0,0x0,0x0,0x0,0x0,0x0,0x0,0x0,0x0,0x0,0x0,0x0,0x0,0x0,0x0,0x0,0x0,0x0,0x0,
  0x0,0x0,0x0,0x0,0x0,0x0,0x0,0x0,0x0,0x0,0x0,0x0,0x0,0x0,0x0,0x0,0x0,0x0,0x0,0x0,0x0,0x0,0x0,0x0,
  0x0,0x0,0x0,0x0,0x0,0x0,0x0,0x0,0x0,0x0,0x0,0x0,0x0,0x0,0x0,0x0,0x0,0x0,0x0,0x0,0x0,0x0,0x0,0x0,
  0x0,0x0,0x0,0x0,0x0,0x0,0x0,0x0,0x0,0x0,0x0,0x0,0x0,0x0,0x0,0x0,0x0,0x0,0x0,0x0,0x0,0x0,0x0,0x0,
  0x0,0x0,0x0,0x0,0x0,0x0,0x0,0x0,0x0,0x0,0x0,0x0,0x0,0x0,0x0,0x0,0x0,0x0,0x0,0x0,0x0,0x0,0x0,0x0,
  0x0,0x0,0x0,0x0,0x0,0x0,0x0,0x0,0x0,0x0,0x0,0x0,0x0,0x0,0x0,0x0,0x0,0x0,0x0,0x0,0x0,0x0,0x0,0x0,
  0x0,0x0,0x0,0x0,0x0,0x0,0x0,0x0,0x0,0x0,0x0,0x0,0x0,0x0,0x0,0x0,0x0,0x0,0x0,0x0,0x0,0x0,0x0,0x0,
  0x0,0x0,0x0,0x0,0x0,0x0,0x0,0x0,0x0,0x0,0x0,0x0,0x0,0x0,0x0,0x0,0x0,0x0,0x0,0x0,0x0,0x0,0x0,0x0,
  0x0,0x0,0x0,0x0,0x0,0x0,0x0,0x0,0x0,0x0,0x0,0x0,0x0,0x0,0x0,0x0,0x0,0x0,0x0,0x0,0x0,0x0,0x0,0x0,
  0x0,0x0,0x0,0x0,0x0,0x0,0x0,0x0,0x0,0x0,0x0,0x0,0x0,0x0,0x0,0x0,0x0,0x0,0x0,0x0,0x0,0x0,0x0,0x0,
  0x0,0x0,0x0,0x0,0x0,0x0,0x0,0x0,0x0,0x0,0x0,0x0,0x0,0x0,0x0,0x0,0x0,0x0,0x0,0x0,0x0,0x0,0x0,0x0,
  0x0,0x0,0x0,0x0,0x0,0x0,0x0,0x0,0x0,0x0,0x0,0x0,0x0,0x0,0x0,0x0,0x0,0x0,0x0,0x0,0x0,0x0,0x0,0x0,
  0x0,0x0,0x0,0x0,0x0,0x0,0x0,0x0,0x0,0x0,0x0,0x0,0x0,0x0,0x0,0x0,0x0,0x0,0x0,0x0,0x0,0x0,0x0,0x0,
  0x0,0x0,0x0,0x0,0x0,0x0,0x0,0x0,0x0,0x0,0x0,0x0,0x0,0x0,0x0,0x0,0x0,0x0,0x0,0x0,0x0,0x0,0x0,0x0,
  0x0,0x0,0x0,0x0,0x0,0x0,0x0,0x0,0x0,0x0,0x0,0x0,0x0,0x0,0x0,0x0,0x0,0x0,0x0,0x0,0x0,0x0,0x0,0x0,
  0x0,0x0,0x0,0x0,0x0,0x0,0x0,0x0,0x0,0x0,0x0,0x0,0x0,0x0,0x0,0x0,0x0,0x0,0x0,0x0,0x0,0x0,0x0,0x0,
  0x0,0x0,0x0,0x0,0x0,0x0,0x0,0x0,0x0,0x0,0x0,0x0,0x0,0x0,0x0,0x0,0x0,0x0,0x0,0x0,0x0,0x0,0x0,0x0,
  0x0,0x0,0x0,0x0,0x0,0x0,0x0,0x0,0x0,0x0,0x0,0x0,0x0,0x0,0x0,0x0,0x0,0x0,0x0,0x0,0x0,0x0,0x0,0x0,
  0x0,0x0,0x0,0x0,0x0,0x0,0x0,0x0,0x0,0x0,0x0,0x0,0x0,0x0,0x0,0x0,0x0,0x0,0x0,0x0,0x0,0x0,0x0,0x0,
  0x0,0x0,0x0,0x0,0x0,0x0,0x0,0x0,0x0,0x0,0x0,0x0,0x0,0x0,0x0,0x0,0x0,0x0,0x0,0x0,0x0,0x0,0x0,0x0,
  0x0,0x0,0x0,0x0,0x0,0x0,0x0,0x0,0x0,0x0,0x0,0x0,0x0,0x0,0x0,0x0,0x0,0x0,0x0,0x0,0x0,0x0,0x0,0x0,
  0x0,0x0,0x0,0x0,0x0,0x0,0x0,0x0,0x0,0x0,0x0,0x0,0x0,0x0,0x0,0x0,0x0,0x0,0x0,0x0,0x0,0x0,0x0,0x0,
  0x0,0x0,0x0,0x0,0x0,0x0,0x0,0x0,0x0,0x0,0x0,0x0,0x0,0x0,0x0,0x0,0x0,0x0,0x0,0x0,0x0,0x0,0x0,0x0,
  0x0,0x0,0x0,0x0,0x0,0x0,0x0,0x0,0x0,0x0,0x0,0x0,0x0,0x0,0x0,0x0,0x0,0x0,0x0,0x0,0x0,0x0,0x0,0x0,
  0x0,0x0,0x0,0x0,0x0,0x0,0x0,0x0,0x0,0x0,0x0,0x0,0x0,0x0,0x0,0x0,0x0,0x0,0x0,0x0,0x0,0x0,0x0,0x0,
  0x0,0x0,0x0,0x0,0x0,0x0,0x0,0x0,0x0,0x0,0x0,0x0,0x0,0x0,0x0,0x0,0x0,0x0,0x0,0x0,0x0,0x0,0x0,0x0,
  0x0,0x0,0x0,0x0,0x0,0x0,0x0,0x0,0x0,0x0,0x0,0x0,0x0,0x0,0x0,0x0,0x0,0x0,0x0,0x0,0x0,0x0,0x0,0x0,
  0x0,0x0,0x0,0x0,0x0,0x0,0x0,0x0,0x0,0x0,0x0,0x0,0x0,0x0,0x0,0x0,0x0,0x0,0x0,0x0,0x0,0x0,0x0,0x0,
  0x0,0x0,0x0,0x0,0x0,0x0,0x0,0x0,0x0,0x0,0x0,0x0,0x0,0x0,0x0,0x0,0x0,0x0,0x0,0x0,0x0,0x0,0x0,0x0,
  0x0,0x0,0x0,0x0,0x0,0x0,0x0,0x0,0x0,0x0,0x0,0x0,0x0,0x0,0x0,0x0,0x0,0x0,0x0,0x0,0x0,0x0,0x0,0x0,
  0x0,0x0,0x0,0x0,0x0,0x0,0x0,0x0,0x0,0x0,0x0,0x0,0x0,0x0,0x0,0x0,0x0,0x0,0x0,0x0,0x0,0x0,0x0,0x0,
  0x0,0x0,0x0,0x0,0x0,0x0,0x0,0x0,0x0,0x0,0x0,0x0,0x0,0x0,0x0,0x0,0x0,0x0,0x0,0x0,0x0,0x0,0x0,0x0,
  0x0,0x0,0x0,0x0,0x0,0x0,0x0,0x0,0x0,0x0,0x0,0x0,0x0,0x0,0x0,0x0,0x0,0x0,0x0,0x0,0x0,0x0,0x0,0x0,
  0x0,0x0,0x0,0x0,0x0,0x0,0x0,0x0,0x0,0x0,0x0,0x0,0x0,0x0,0x0,0x0,0x0,0x0,0x0,0x0,0x0,0x0,0x0,0x0,
};
